[2026-09-01 09:19:18] [CRITICAL] [STOP_BREACHED] GRSE: Stop breached at Rs2544.00
[2026-09-01 09:19:18] [CRITICAL] [STOP_BREACHED] HCLTECH: Stop breached at Rs1322.80
[2026-09-01 09:19:18] [CRITICAL] [STOP_BREACHED] NIFTYBEES: Stop breached at Rs274.46
[2026-09-01 09:19:18] [CRITICAL] [STOP_BREACHED] JINDRILL: Stop breached at Rs618.85
[2026-09-01 09:19:18] [CRITICAL] [STOP_BREACHED] BLACKBUCK: Stop breached at Rs586.35
[2026-09-01 09:19:18] [CRITICAL] [STOP_BREACHED] FORTIS: Stop breached at Rs903.20
[2026-09-01 09:19:18] [CRITICAL] [STOP_BREACHED] NOCIL: Stop breached at Rs171.78
[2026-09-01 09:19:18] [CRITICAL] [STOP_BREACHED] MANKIND: Stop breached at Rs2360.60
[2026-09-01 09:19:18] [CRITICAL] [STOP_BREACHED] BAJAJFINSV: Stop breached at Rs1983.50
[2026-09-01 09:19:18] [CRITICAL] [STOP_BREACHED] MAMATA: Stop breached at Rs401.70
[2026-09-01 09:19:18] [CRITICAL] [STOP_BREACHED] CERA: Stop breached at Rs5704.50
[2026-09-01 09:19:18] [CRITICAL] [STOP_BREACHED] HCG: Stop breached at Rs722.40
[2026-09-01 09:19:18] [CRITICAL] [STOP_BREACHED] MAZDOCK: Stop breached at Rs2474.00
[2026-09-01 09:19:18] [CRITICAL] [STOP_BREACHED] INDHOTEL: Stop breached at Rs717.05
[2026-09-01 09:19:19] [CRITICAL] [STOP_BREACHED] CIPLA: Stop breached at Rs1420.60
[2026-09-01 09:19:19] [CRITICAL] [STOP_BREACHED] GODREJPROP: Stop breached at Rs1985.10
[2026-09-01 09:19:19] [CRITICAL] [STOP_BREACHED] AVANTEL: Stop breached at Rs160.49
[2026-09-01 09:19:19] [CRITICAL] [STOP_BREACHED] ZAGGLE: Stop breached at Rs184.81
[2026-09-01 09:19:19] [CRITICAL] [STOP_BREACHED] VINATIORGA: Stop breached at Rs1324.20
[2026-09-01 09:19:19] [CRITICAL] [STOP_BREACHED] SIRCA: Stop breached at Rs434.10
[2026-09-01 09:19:19] [CRITICAL] [STOP_BREACHED] MMTC: Stop breached at Rs62.23
[2026-09-01 09:19:19] [CRITICAL] [STOP_BREACHED] DOMS: Stop breached at Rs2228.10
[2026-09-01 09:19:19] [CRITICAL] [STOP_BREACHED] CONCOR: Stop breached at Rs512.25
[2026-09-01 09:19:19] [CRITICAL] [STOP_BREACHED] AGIIL: Stop breached at Rs284.90
[2026-09-01 09:19:19] [CRITICAL] [STOP_BREACHED] DEEPAKNTR: Stop breached at Rs1751.60
[2026-09-01 09:19:19] [CRITICAL] [STOP_BREACHED] PREMEXPLN: Stop breached at Rs663.60
[2026-09-01 09:19:19] [CRITICAL] [STOP_BREACHED] IIFLCAPS: Stop breached at Rs334.95
[2026-09-01 09:19:19] [CRITICAL] [STOP_BREACHED] GOPAL: Stop breached at Rs274.65
[2026-09-01 09:19:19] [CRITICAL] [STOP_BREACHED] BOMDYEING: Stop breached at Rs114.35
[2026-09-01 09:19:19] [CRITICAL] [STOP_BREACHED] NTPCGREEN: Stop breached at Rs89.51
[2026-09-01 09:19:19] [CRITICAL] [STOP_BREACHED] CASTROLIND: Stop breached at Rs185.30
[2026-09-01 09:19:19] [CRITICAL] [STOP_BREACHED] TORNTPOWER: Stop breached at Rs1210.90
[2026-09-01 09:19:19] [CRITICAL] [STOP_BREACHED] PROTEAN: Stop breached at Rs520.40
[2026-09-01 09:19:19] [CRITICAL] [STOP_BREACHED] WAAREEENER: Stop breached at Rs2592.00
[2026-09-01 09:19:19] [CRITICAL] [STOP_BREACHED] IREDA: Stop breached at Rs114.92
[2026-09-01 09:19:19] [CRITICAL] [STOP_BREACHED] EPACK: Stop breached at Rs188.08
[2026-09-01 09:19:19] [CRITICAL] [STOP_BREACHED] ESCORTS: Stop breached at Rs3055.00
[2026-09-01 09:19:19] [CRITICAL] [STOP_BREACHED] SOUTHBANK: Stop breached at Rs45.85
[2026-09-01 09:19:19] [CRITICAL] [STOP_BREACHED] DRREDDY: Stop breached at Rs1172.40
[2026-09-01 09:19:19] [CRITICAL] [STOP_BREACHED] GESHIP: Stop breached at Rs1319.90
[2026-09-01 09:19:20] [CRITICAL] [STOP_BREACHED] SWARAJENG: Stop breached at Rs3560.40
[2026-09-01 09:19:20] [CRITICAL] [STOP_BREACHED] GICRE: Stop breached at Rs355.65
[2026-09-01 09:19:20] [CRITICAL] [STOP_BREACHED] PRIVISCL: Stop breached at Rs3435.30
[2026-09-01 09:19:20] [CRITICAL] [STOP_BREACHED] LALPATHLAB: Stop breached at Rs1889.10
[2026-09-01 09:19:20] [CRITICAL] [STOP_BREACHED] IOC: Stop breached at Rs136.53
[2026-09-01 09:19:20] [CRITICAL] [STOP_BREACHED] GHCL: Stop breached at Rs434.75
[2026-09-01 09:19:20] [CRITICAL] [STOP_BREACHED] MAHLIFE: Stop breached at Rs363.65
[2026-09-01 09:19:20] [CRITICAL] [STOP_BREACHED] ENDURANCE: Stop breached at Rs2894.70
[2026-09-01 09:19:20] [CRITICAL] [STOP_BREACHED] IOB: Stop breached at Rs32.37
[2026-09-01 09:19:20] [CRITICAL] [STOP_BREACHED] ERIS: Stop breached at Rs1295.00
[2026-09-01 09:19:20] [CRITICAL] [STOP_BREACHED] JKCEMENT: Stop breached at Rs5110.00
[2026-09-01 09:19:20] [CRITICAL] [STOP_BREACHED] CANBK: Stop breached at Rs126.28
[2026-09-01 09:19:20] [CRITICAL] [STOP_BREACHED] EICHERMOT: Stop breached at Rs7955.50
[2026-09-01 09:19:20] [CRITICAL] [STOP_BREACHED] RITES: Stop breached at Rs216.29
[2026-09-01 09:19:20] [CRITICAL] [STOP_BREACHED] RAILTEL: Stop breached at Rs277.90
[2026-09-01 09:19:20] [CRITICAL] [STOP_BREACHED] IDFCFIRSTB: Stop breached at Rs84.77
[2026-09-01 09:19:20] [CRITICAL] [STOP_BREACHED] LTM: Stop breached at Rs4521.10
[2026-09-01 09:19:20] [CRITICAL] [STOP_BREACHED] FDC: Stop breached at Rs340.00
[2026-09-01 09:19:20] [CRITICAL] [STOP_BREACHED] INDIGO: Stop breached at Rs5082.50
[2026-09-01 09:19:20] [CRITICAL] [STOP_BREACHED] COROMANDEL: Stop breached at Rs1904.90
[2026-09-01 09:19:20] [CRITICAL] [STOP_BREACHED] SARDAEN: Stop breached at Rs501.00
[2026-09-01 09:19:20] [CRITICAL] [STOP_BREACHED] SIEMENS: Stop breached at Rs3990.10
[2026-09-01 09:19:20] [CRITICAL] [STOP_BREACHED] AWFIS: Stop breached at Rs257.40
[2026-09-01 09:19:20] [CRITICAL] [STOP_BREACHED] ADANIENT: Stop breached at Rs2909.00
[2026-09-01 09:19:20] [CRITICAL] [STOP_BREACHED] ZFCVINDIA: Stop breached at Rs2529.60
[2026-09-01 09:19:20] [CRITICAL] [STOP_BREACHED] PATANJALI: Stop breached at Rs346.55
[2026-09-01 09:19:20] [CRITICAL] [STOP_BREACHED] ITI: Stop breached at Rs268.20
[2026-09-01 09:19:20] [CRITICAL] [STOP_BREACHED] MAHLOG: Stop breached at Rs391.10
[2026-09-01 09:19:21] [CRITICAL] [STOP_BREACHED] CENTRALBK: Stop breached at Rs30.25
[2026-09-01 09:19:21] [CRITICAL] [STOP_BREACHED] THERMAX: Stop breached at Rs3948.70
[2026-09-01 09:19:21] [CRITICAL] [STOP_BREACHED] INDUSINDBK: Stop breached at Rs996.00
[2026-09-01 09:19:21] [CRITICAL] [STOP_BREACHED] GMBREW: Stop breached at Rs878.80
[2026-09-01 09:19:21] [CRITICAL] [STOP_BREACHED] INDIAMART: Stop breached at Rs1761.20
[2026-09-01 09:19:21] [CRITICAL] [STOP_BREACHED] LUXIND: Stop breached at Rs1221.20
[2026-09-01 09:19:21] [CRITICAL] [STOP_BREACHED] UNIECOM: Stop breached at Rs88.80
[2026-09-01 09:19:21] [CRITICAL] [STOP_BREACHED] NHPC: Stop breached at Rs76.55
[2026-09-01 09:19:21] [CRITICAL] [STOP_BREACHED] KEC: Stop breached at Rs417.60
[2026-09-01 09:19:21] [CRITICAL] [STOP_BREACHED] RBLBANK: Stop breached at Rs380.85
[2026-09-01 09:19:21] [CRITICAL] [STOP_BREACHED] SUNPHARMA: Stop breached at Rs1938.80
[2026-09-01 09:19:21] [CRITICAL] [STOP_BREACHED] TRIDENT: Stop breached at Rs24.15
[2026-09-01 09:19:21] [CRITICAL] [STOP_BREACHED] SBIN: Stop breached at Rs1047.60
[2026-09-01 09:19:21] [CRITICAL] [STOP_BREACHED] TORNTPHARM: Stop breached at Rs4946.50
[2026-09-01 09:19:21] [CRITICAL] [STOP_BREACHED] BAJAJHFL: Stop breached at Rs83.73
[2026-09-01 09:19:21] [CRITICAL] [STOP_BREACHED] INDRAMEDCO: Stop breached at Rs362.05
[2026-09-01 09:19:21] [CRITICAL] [STOP_BREACHED] UCOBANK: Stop breached at Rs24.88
[2026-09-01 09:19:21] [CRITICAL] [STOP_BREACHED] BANDHANBNK: Stop breached at Rs163.50
[2026-09-01 09:19:21] [CRITICAL] [STOP_BREACHED] WEBELSOLAR: Stop breached at Rs76.72
[2026-09-01 09:19:21] [CRITICAL] [STOP_BREACHED] HIMATSEIDE: Stop breached at Rs69.67
[2026-09-01 09:19:21] [CRITICAL] [STOP_BREACHED] ATUL: Stop breached at Rs6397.00
[2026-09-01 09:19:21] [CRITICAL] [STOP_BREACHED] SYNGENE: Stop breached at Rs399.60
[2026-09-01 09:19:21] [CRITICAL] [STOP_BREACHED] RTNINDIA: Stop breached at Rs30.20
[2026-09-01 09:19:21] [CRITICAL] [STOP_BREACHED] HDFCLIFE: Stop breached at Rs540.10
[2026-09-01 09:19:21] [CRITICAL] [STOP_BREACHED] BIOCON: Stop breached at Rs405.05
[2026-09-01 09:19:21] [CRITICAL] [STOP_BREACHED] ADANIPOWER: Stop breached at Rs202.32
[2026-09-01 09:19:21] [CRITICAL] [STOP_BREACHED] ABB: Stop breached at Rs7390.50
[2026-09-01 09:19:21] [CRITICAL] [STOP_BREACHED] HOMEFIRST: Stop breached at Rs1172.30
[2026-09-01 09:19:21] [CRITICAL] [STOP_BREACHED] INDIACEM: Stop breached at Rs366.30
[2026-09-01 09:19:22] [CRITICAL] [STOP_BREACHED] VIPIND: Stop breached at Rs304.45
[2026-09-01 09:19:22] [CRITICAL] [STOP_BREACHED] STARHEALTH: Stop breached at Rs571.70
[2026-09-01 09:19:22] [CRITICAL] [STOP_BREACHED] CESC: Stop breached at Rs144.83
[2026-09-01 09:19:22] [CRITICAL] [STOP_BREACHED] USHAMART: Stop breached at Rs505.55
[2026-09-01 09:19:22] [CRITICAL] [STOP_BREACHED] FIRSTCRY: Stop breached at Rs181.79
[2026-09-01 09:19:22] [CRITICAL] [STOP_BREACHED] TATAELXSI: Stop breached at Rs3590.50
[2026-09-01 09:19:22] [CRITICAL] [STOP_BREACHED] KIMS: Stop breached at Rs761.55
[2026-09-01 09:19:22] [CRITICAL] [STOP_BREACHED] BANKINDIA: Stop breached at Rs142.41
[2026-09-01 09:19:22] [CRITICAL] [STOP_BREACHED] EMCURE: Stop breached at Rs1872.70
[2026-09-01 09:19:22] [CRITICAL] [STOP_BREACHED] WIPRO: Stop breached at Rs179.54
[2026-09-01 09:19:22] [CRITICAL] [STOP_BREACHED] CHOICEIN: Stop breached at Rs780.05
[2026-09-01 09:19:22] [CRITICAL] [STOP_BREACHED] PIDILITIND: Stop breached at Rs1650.50
[2026-09-01 09:19:22] [CRITICAL] [STOP_BREACHED] LTF: Stop breached at Rs312.05
[2026-09-01 09:19:22] [CRITICAL] [STOP_BREACHED] CIEINDIA: Stop breached at Rs389.20
[2026-09-01 09:19:22] [CRITICAL] [STOP_BREACHED] RELIANCE: Stop breached at Rs1283.00
[2026-09-01 09:19:22] [CRITICAL] [STOP_BREACHED] GULFOILLUB: Stop breached at Rs1126.10
[2026-09-01 09:19:22] [CRITICAL] [STOP_BREACHED] ANGELONE: Stop breached at Rs284.90
[2026-09-01 09:19:22] [CRITICAL] [STOP_BREACHED] ADANIPORTS: Stop breached at Rs1634.40
[2026-09-01 09:19:22] [CRITICAL] [STOP_BREACHED] RAYMONDREL: Stop breached at Rs536.25
[2026-09-01 09:19:22] [CRITICAL] [STOP_BREACHED] WHEELS: Stop breached at Rs1558.80
[2026-09-01 09:19:22] [CRITICAL] [STOP_BREACHED] JKIL: Stop breached at Rs491.25
[2026-09-01 09:19:22] [CRITICAL] [STOP_BREACHED] OBEROIRLTY: Stop breached at Rs1858.20
[2026-09-01 09:19:22] [CRITICAL] [STOP_BREACHED] TIPSMUSIC: Stop breached at Rs640.50
[2026-09-01 09:19:22] [CRITICAL] [STOP_BREACHED] SRF: Stop breached at Rs2570.00
[2026-09-01 09:19:22] [CRITICAL] [STOP_BREACHED] IEX: Stop breached at Rs119.40
[2026-09-01 09:19:22] [CRITICAL] [STOP_BREACHED] BAYERCROP: Stop breached at Rs3975.00
[2026-09-01 09:19:22] [CRITICAL] [STOP_BREACHED] SUPRIYA: Stop breached at Rs800.45
[2026-09-01 09:19:22] [CRITICAL] [STOP_BREACHED] BASF: Stop breached at Rs3798.20
[2026-09-01 09:19:23] [CRITICAL] [STOP_BREACHED] HEXT: Stop breached at Rs547.90
[2026-09-01 09:19:23] [CRITICAL] [STOP_BREACHED] JSL: Stop breached at Rs708.40
[2026-09-01 09:19:23] [CRITICAL] [STOP_BREACHED] KRISHNADEF: Stop breached at Rs996.60
[2026-09-01 09:19:23] [CRITICAL] [STOP_BREACHED] ASIANPAINT: Stop breached at Rs2595.80
[2026-09-01 09:19:23] [CRITICAL] [STOP_BREACHED] LT: Stop breached at Rs4016.90
[2026-09-01 09:19:23] [CRITICAL] [STOP_BREACHED] ZUARI: Stop breached at Rs229.56
[2026-09-01 09:19:23] [CRITICAL] [STOP_BREACHED] HEIDELBERG: Stop breached at Rs158.24
[2026-09-01 09:19:23] [CRITICAL] [STOP_BREACHED] CEIGALL: Stop breached at Rs341.00
[2026-09-01 09:19:23] [CRITICAL] [STOP_BREACHED] IFBIND: Stop breached at Rs1325.00
[2026-09-01 09:19:23] [CRITICAL] [STOP_BREACHED] SPARC: Stop breached at Rs200.12
[2026-09-01 09:19:23] [CRITICAL] [STOP_BREACHED] ACC: Stop breached at Rs1280.60
[2026-09-01 09:19:23] [CRITICAL] [STOP_BREACHED] KAYNES: Stop breached at Rs3645.70
[2026-09-01 09:19:23] [CRITICAL] [STOP_BREACHED] STARCEMENT: Stop breached at Rs186.21
[2026-09-01 09:19:23] [CRITICAL] [STOP_BREACHED] AXISBANK: Stop breached at Rs1270.20
[2026-09-01 09:19:23] [CRITICAL] [STOP_BREACHED] BLUEDART: Stop breached at Rs4916.60
[2026-09-01 09:19:23] [CRITICAL] [STOP_BREACHED] GOKULAGRO: Stop breached at Rs243.34
[2026-09-01 09:19:23] [CRITICAL] [STOP_BREACHED] JAICORPLTD: Stop breached at Rs98.45
[2026-09-01 09:19:23] [CRITICAL] [STOP_BREACHED] CAPLIPOINT: Stop breached at Rs2533.10
[2026-09-01 09:19:24] [CRITICAL] [STOP_BREACHED] ARVINDFASN: Stop breached at Rs450.50
[2026-09-01 09:19:24] [CRITICAL] [STOP_BREACHED] GNFC: Stop breached at Rs574.45
[2026-09-01 09:19:24] [CRITICAL] [STOP_BREACHED] JKTYRE: Stop breached at Rs375.85
[2026-09-01 09:19:24] [CRITICAL] [STOP_BREACHED] KPITTECH: Stop breached at Rs586.60
[2026-09-01 09:19:24] [CRITICAL] [STOP_BREACHED] HAL: Stop breached at Rs4803.10
[2026-09-01 09:19:24] [CRITICAL] [STOP_BREACHED] CARRARO: Stop breached at Rs559.75
[2026-09-01 09:19:24] [CRITICAL] [STOP_BREACHED] UBL: Stop breached at Rs1302.00
[2026-09-01 09:19:24] [CRITICAL] [STOP_BREACHED] ICICIPRULI: Stop breached at Rs498.75
[2026-09-01 09:19:24] [CRITICAL] [STOP_BREACHED] SIS: Stop breached at Rs429.15
[2026-09-01 09:19:24] [CRITICAL] [STOP_BREACHED] GARUDA: Stop breached at Rs172.21
[2026-09-01 09:19:24] [CRITICAL] [STOP_BREACHED] ARE&M: Stop breached at Rs898.55
[2026-09-01 09:19:24] [CRITICAL] [STOP_BREACHED] PGHH: Stop breached at Rs7950.00
[2026-09-01 09:19:24] [CRITICAL] [STOP_BREACHED] HINDUNILVR: Stop breached at Rs1994.00
[2026-09-01 09:19:24] [CRITICAL] [STOP_BREACHED] UNITDSPR: Stop breached at Rs1483.70
[2026-09-01 09:19:24] [CRITICAL] [STOP_BREACHED] PRAJIND: Stop breached at Rs345.25
[2026-09-01 09:19:24] [CRITICAL] [STOP_BREACHED] INTELLECT: Stop breached at Rs680.65
[2026-09-01 09:19:24] [CRITICAL] [STOP_BREACHED] CCL: Stop breached at Rs1083.40
[2026-09-01 09:19:24] [CRITICAL] [STOP_BREACHED] ETHOSLTD: Stop breached at Rs2889.50
[2026-09-01 09:19:24] [CRITICAL] [STOP_BREACHED] MARICO: Stop breached at Rs832.55
[2026-09-01 09:19:24] [CRITICAL] [STOP_BREACHED] ITCHOTELS: Stop breached at Rs160.75
[2026-09-01 09:19:24] [CRITICAL] [STOP_BREACHED] PDSL: Stop breached at Rs367.30
[2026-09-01 09:19:24] [CRITICAL] [STOP_BREACHED] BORORENEW: Stop breached at Rs501.40
[2026-09-01 09:19:24] [CRITICAL] [STOP_BREACHED] YESBANK: Stop breached at Rs22.13
[2026-09-01 09:19:24] [CRITICAL] [STOP_BREACHED] BIRLACORPN: Stop breached at Rs873.90
[2026-09-01 09:19:24] [CRITICAL] [STOP_BREACHED] NESTLEIND: Stop breached at Rs1444.80
[2026-09-01 09:19:24] [CRITICAL] [STOP_BREACHED] MSUMI: Stop breached at Rs36.85
[2026-09-01 09:19:25] [CRITICAL] [STOP_BREACHED] PGEL: Stop breached at Rs572.00
[2026-09-01 09:19:25] [CRITICAL] [STOP_BREACHED] CDSL: Stop breached at Rs1402.00
[2026-09-01 09:19:25] [CRITICAL] [STOP_BREACHED] SMCGLOBAL: Stop breached at Rs79.31
[2026-09-01 09:19:25] [CRITICAL] [STOP_BREACHED] GRANULES: Stop breached at Rs830.30
[2026-09-01 09:19:25] [CRITICAL] [STOP_BREACHED] JSWCEMENT: Stop breached at Rs124.94
[2026-09-01 09:19:25] [CRITICAL] [STOP_BREACHED] KEI: Stop breached at Rs5586.50
[2026-09-01 09:19:25] [CRITICAL] [STOP_BREACHED] GREENPLY: Stop breached at Rs289.50
[2026-09-01 09:19:25] [CRITICAL] [STOP_BREACHED] JWL: Stop breached at Rs240.23
[2026-09-01 09:19:25] [CRITICAL] [STOP_BREACHED] PHOENIXLTD: Stop breached at Rs1889.90
[2026-09-01 09:19:25] [CRITICAL] [STOP_BREACHED] BHARTIHEXA: Stop breached at Rs1528.80
[2026-09-01 09:19:25] [CRITICAL] [STOP_BREACHED] MRPL: Stop breached at Rs173.20
[2026-09-01 09:19:25] [CRITICAL] [STOP_BREACHED] GODIGIT: Stop breached at Rs255.35
[2026-09-01 09:19:25] [CRITICAL] [STOP_BREACHED] IKS: Stop breached at Rs1745.50
[2026-09-01 09:19:25] [CRITICAL] [STOP_BREACHED] TEJASNET: Stop breached at Rs550.90
[2026-09-01 09:19:25] [CRITICAL] [STOP_BREACHED] NIBE: Stop breached at Rs1361.70
[2026-09-01 09:19:25] [CRITICAL] [STOP_BREACHED] DELTACORP: Stop breached at Rs58.69
[2026-09-01 09:19:25] [CRITICAL] [STOP_BREACHED] M&M: Stop breached at Rs3321.60
[2026-09-01 09:19:25] [CRITICAL] [STOP_BREACHED] HEROMOTOCO: Stop breached at Rs5618.50
[2026-09-01 09:19:25] [CRITICAL] [STOP_BREACHED] JASH: Stop breached at Rs466.70
[2026-09-01 09:19:25] [CRITICAL] [STOP_BREACHED] ONGC: Stop breached at Rs234.19
[2026-09-01 09:19:25] [CRITICAL] [STOP_BREACHED] AGARWALEYE: Stop breached at Rs512.65
[2026-09-01 09:19:25] [CRITICAL] [STOP_BREACHED] WAAREERTL: Stop breached at Rs868.35
[2026-09-01 09:19:25] [CRITICAL] [STOP_BREACHED] TATASTEEL: Stop breached at Rs182.70
[2026-09-01 09:19:25] [CRITICAL] [STOP_BREACHED] 360ONE: Stop breached at Rs1177.90
[2026-09-01 09:19:25] [CRITICAL] [STOP_BREACHED] CEATLTD: Stop breached at Rs3437.60
[2026-09-01 09:19:25] [CRITICAL] [STOP_BREACHED] ASHOKLEY: Stop breached at Rs175.82
[2026-09-01 09:19:25] [CRITICAL] [STOP_BREACHED] TATACONSUM: Stop breached at Rs1031.00
[2026-09-01 09:19:25] [CRITICAL] [STOP_BREACHED] APTUS: Stop breached at Rs250.51
[2026-09-01 09:19:25] [CRITICAL] [STOP_BREACHED] GUFICBIO: Stop breached at Rs418.45
[2026-09-01 09:19:25] [CRITICAL] [STOP_BREACHED] HAVELLS: Stop breached at Rs1222.50
[2026-09-01 09:19:25] [CRITICAL] [STOP_BREACHED] DREDGECORP: Stop breached at Rs1100.00
[2026-09-01 09:19:25] [CRITICAL] [STOP_BREACHED] SHAREINDIA: Stop breached at Rs171.60
[2026-09-01 09:19:25] [CRITICAL] [STOP_BREACHED] CENTUM: Stop breached at Rs3422.10
[2026-09-01 09:19:25] [CRITICAL] [STOP_BREACHED] FINPIPE: Stop breached at Rs157.92
[2026-09-01 09:19:26] [CRITICAL] [STOP_BREACHED] ARFIN: Stop breached at Rs86.97
[2026-09-01 09:19:26] [CRITICAL] [STOP_BREACHED] VTL: Stop breached at Rs598.80
[2026-09-01 09:19:26] [CRITICAL] [STOP_BREACHED] NIITLTD: Stop breached at Rs103.13
[2026-09-01 09:19:26] [CRITICAL] [STOP_BREACHED] KNRCON: Stop breached at Rs121.03
[2026-09-01 09:19:26] [CRITICAL] [STOP_BREACHED] JSWENERGY: Stop breached at Rs522.50
[2026-09-01 09:19:26] [CRITICAL] [STOP_BREACHED] HBLENGINE: Stop breached at Rs657.20
[2026-09-01 09:19:26] [CRITICAL] [STOP_BREACHED] NESCO: Stop breached at Rs1033.60
[2026-09-01 09:19:26] [CRITICAL] [STOP_BREACHED] GOKEX: Stop breached at Rs778.00
[2026-09-01 09:19:26] [CRITICAL] [STOP_BREACHED] APOLLO: Stop breached at Rs386.05
[2026-09-01 09:19:26] [CRITICAL] [STOP_BREACHED] BANKBARODA: Stop breached at Rs237.49
[2026-09-01 09:19:26] [CRITICAL] [STOP_BREACHED] GILLETTE: Stop breached at Rs7312.00
[2026-09-01 09:19:26] [CRITICAL] [STOP_BREACHED] NTPC: Stop breached at Rs326.45
[2026-09-01 09:19:26] [CRITICAL] [STOP_BREACHED] PRESTIGE: Stop breached at Rs1580.60
[2026-09-01 09:19:26] [CRITICAL] [STOP_BREACHED] TEXRAIL: Stop breached at Rs109.24
[2026-09-01 09:19:26] [CRITICAL] [STOP_BREACHED] CLSEL: Stop breached at Rs301.50
[2026-09-01 09:19:26] [CRITICAL] [STOP_BREACHED] HINDALCO: Stop breached at Rs1030.10
[2026-09-01 09:19:26] [CRITICAL] [STOP_BREACHED] RHIM: Stop breached at Rs369.65
[2026-09-01 09:19:26] [CRITICAL] [STOP_BREACHED] SANDUMA: Stop breached at Rs202.74
[2026-09-01 09:19:26] [CRITICAL] [STOP_BREACHED] SIGNATURE: Stop breached at Rs766.95
[2026-09-01 09:19:26] [CRITICAL] [STOP_BREACHED] UPL: Stop breached at Rs563.80
[2026-09-01 09:19:26] [CRITICAL] [STOP_BREACHED] PNB: Stop breached at Rs114.67
[2026-09-01 09:19:26] [CRITICAL] [STOP_BREACHED] JAGSNPHARM: Stop breached at Rs240.40
[2026-09-01 09:19:26] [CRITICAL] [STOP_BREACHED] HDFCBANK: Stop breached at Rs706.50
[2026-09-01 09:19:26] [CRITICAL] [STOP_BREACHED] BIKAJI: Stop breached at Rs601.85
[2026-09-01 09:19:26] [CRITICAL] [STOP_BREACHED] FEDERALBNK: Stop breached at Rs349.50
[2026-09-01 09:19:26] [CRITICAL] [STOP_BREACHED] AURIONPRO: Stop breached at Rs706.55
[2026-09-01 09:19:26] [CRITICAL] [STOP_BREACHED] SANOFI: Stop breached at Rs3128.80
[2026-09-01 09:19:26] [CRITICAL] [STOP_BREACHED] IRFC: Stop breached at Rs83.20
[2026-09-01 09:19:26] [CRITICAL] [STOP_BREACHED] ADANIGREEN: Stop breached at Rs1247.70
[2026-09-01 09:19:26] [CRITICAL] [STOP_BREACHED] SIMPLEXINF: Stop breached at Rs267.95
[2026-09-01 09:19:26] [CRITICAL] [STOP_BREACHED] SJVN: Stop breached at Rs65.05
[2026-09-01 09:19:26] [CRITICAL] [STOP_BREACHED] FEDFINA: Stop breached at Rs157.02
[2026-09-01 09:19:26] [CRITICAL] [STOP_BREACHED] SKFINDIA: Stop breached at Rs1559.10
[2026-09-01 09:19:26] [CRITICAL] [STOP_BREACHED] GSFC: Stop breached at Rs158.11
[2026-09-01 09:19:27] [CRITICAL] [STOP_BREACHED] ANANTRAJ: Stop breached at Rs598.50
[2026-09-01 09:19:27] [CRITICAL] [STOP_BREACHED] ATGL: Stop breached at Rs626.95
[2026-09-01 09:19:27] [CRITICAL] [STOP_BREACHED] ORIENTTECH: Stop breached at Rs239.21
[2026-09-01 09:19:27] [CRITICAL] [STOP_BREACHED] KALYANKJIL: Stop breached at Rs609.95
[2026-09-01 09:19:27] [CRITICAL] [STOP_BREACHED] ALKEM: Stop breached at Rs5321.50
[2026-09-01 09:19:27] [CRITICAL] [STOP_BREACHED] SCI: Stop breached at Rs291.60
[2026-09-01 09:19:27] [CRITICAL] [STOP_BREACHED] IRCTC: Stop breached at Rs482.75
[2026-09-01 09:19:27] [CRITICAL] [STOP_BREACHED] PCBL: Stop breached at Rs318.60
[2026-09-01 09:19:27] [CRITICAL] [STOP_BREACHED] SFL: Stop breached at Rs640.00
[2026-09-01 09:19:27] [CRITICAL] [STOP_BREACHED] CELLO: Stop breached at Rs348.00
[2026-09-01 09:19:27] [CRITICAL] [STOP_BREACHED] BANCOINDIA: Stop breached at Rs624.00
[2026-09-01 09:19:27] [CRITICAL] [STOP_BREACHED] GMDCLTD: Stop breached at Rs573.00
[2026-09-01 09:19:27] [CRITICAL] [STOP_BREACHED] KROSS: Stop breached at Rs211.91
[2026-09-01 09:19:27] [CRITICAL] [STOP_BREACHED] SUMICHEM: Stop breached at Rs514.70
[2026-09-01 09:19:27] [CRITICAL] [STOP_BREACHED] JBMA: Stop breached at Rs614.45
[2026-09-01 09:19:27] [CRITICAL] [STOP_BREACHED] EQUITASBNK: Stop breached at Rs74.17
[2026-09-01 09:19:27] [CRITICAL] [STOP_BREACHED] ABFRL: Stop breached at Rs52.28
[2026-09-01 09:19:27] [CRITICAL] [STOP_BREACHED] BLUEJET: Stop breached at Rs575.00
[2026-09-01 09:19:27] [CRITICAL] [STOP_BREACHED] TECHNOE: Stop breached at Rs979.15
[2026-09-01 09:19:27] [CRITICAL] [STOP_BREACHED] INFY: Stop breached at Rs1130.40
[2026-09-01 09:19:27] [CRITICAL] [STOP_BREACHED] CANFINHOME: Stop breached at Rs809.40
[2026-09-01 09:19:27] [CRITICAL] [STOP_BREACHED] SAKSOFT: Stop breached at Rs155.53
[2026-09-01 09:19:27] [CRITICAL] [STOP_BREACHED] CHOLAFIN: Stop breached at Rs1828.00
[2026-09-01 09:19:27] [CRITICAL] [STOP_BREACHED] NUVOCO: Stop breached at Rs312.65
[2026-09-01 09:19:27] [CRITICAL] [STOP_BREACHED] BAJFINANCE: Stop breached at Rs1056.20
[2026-09-01 09:19:27] [CRITICAL] [STOP_BREACHED] MGL: Stop breached at Rs1063.50
[2026-09-01 09:19:27] [CRITICAL] [STOP_BREACHED] SPLPETRO: Stop breached at Rs718.15
[2026-09-01 09:19:27] [CRITICAL] [STOP_BREACHED] ZENSARTECH: Stop breached at Rs458.80
[2026-09-01 09:19:27] [CRITICAL] [STOP_BREACHED] AARTIDRUGS: Stop breached at Rs411.65
[2026-09-01 09:19:27] [CRITICAL] [STOP_BREACHED] MIDHANI: Stop breached at Rs413.90
[2026-09-01 09:19:27] [CRITICAL] [STOP_BREACHED] BRITANNIA: Stop breached at Rs5237.00
[2026-09-01 09:19:27] [CRITICAL] [STOP_BREACHED] COCHINSHIP: Stop breached at Rs1499.90
[2026-09-01 09:19:27] [CRITICAL] [STOP_BREACHED] TARC: Stop breached at Rs118.59
[2026-09-01 09:19:27] [CRITICAL] [STOP_BREACHED] GRINDWELL: Stop breached at Rs1994.90
[2026-09-01 09:19:27] [CRITICAL] [STOP_BREACHED] BATAINDIA: Stop breached at Rs677.80
[2026-09-01 09:19:27] [CRITICAL] [STOP_BREACHED] ZYDUSWELL: Stop breached at Rs524.90
[2026-09-01 09:19:27] [CRITICAL] [STOP_BREACHED] SBILIFE: Stop breached at Rs1737.00
[2026-09-01 09:19:27] [CRITICAL] [STOP_BREACHED] CAMLINFINE: Stop breached at Rs102.02
[2026-09-01 09:19:28] [CRITICAL] [STOP_BREACHED] UJJIVANSFB: Stop breached at Rs69.00
[2026-09-01 09:19:28] [CRITICAL] [STOP_BREACHED] IGL: Stop breached at Rs149.34
[2026-09-01 09:19:28] [CRITICAL] [STOP_BREACHED] RAMCOCEM: Stop breached at Rs880.10
[2026-09-01 09:19:28] [CRITICAL] [STOP_BREACHED] SHRIRAMFIN: Stop breached at Rs1079.80
[2026-09-01 09:19:28] [CRITICAL] [STOP_BREACHED] MAYURUNIQ: Stop breached at Rs751.40
[2026-09-01 09:19:28] [CRITICAL] [STOP_BREACHED] LLOYDSENGG: Stop breached at Rs85.56
[2026-09-01 09:19:28] [CRITICAL] [STOP_BREACHED] BHARATFORG: Stop breached at Rs2054.70
[2026-09-01 09:19:28] [CRITICAL] [STOP_BREACHED] CARYSIL: Stop breached at Rs1129.00
[2026-09-01 09:19:28] [CRITICAL] [STOP_BREACHED] SUZLON: Stop breached at Rs46.96
[2026-09-01 09:19:28] [CRITICAL] [STOP_BREACHED] TRENT: Stop breached at Rs2891.30
[2026-09-01 09:19:28] [CRITICAL] [STOP_BREACHED] TCS: Stop breached at Rs2331.20
[2026-09-01 09:19:28] [CRITICAL] [STOP_BREACHED] GODFRYPHLP: Stop breached at Rs2095.00
[2026-09-01 09:19:28] [CRITICAL] [STOP_BREACHED] JKLAKSHMI: Stop breached at Rs532.65
[2026-09-01 09:19:28] [CRITICAL] [STOP_BREACHED] PAISALO: Stop breached at Rs67.14
[2026-09-01 09:19:28] [CRITICAL] [STOP_BREACHED] AFFLE: Stop breached at Rs1593.50
[2026-09-01 09:19:28] [CRITICAL] [STOP_BREACHED] DMART: Stop breached at Rs3809.00
[2026-09-01 09:19:28] [CRITICAL] [STOP_BREACHED] AMBUJACEM: Stop breached at Rs406.05
[2026-09-01 09:19:28] [CRITICAL] [STOP_BREACHED] ABCAPITAL: Stop breached at Rs400.20
[2026-09-01 09:19:28] [CRITICAL] [STOP_BREACHED] SOBHA: Stop breached at Rs1252.80
[2026-09-01 09:19:28] [CRITICAL] [STOP_BREACHED] SPMLINFRA: Stop breached at Rs179.61
[2026-09-01 09:19:28] [CRITICAL] [STOP_BREACHED] FLUOROCHEM: Stop breached at Rs4706.50
[2026-09-01 09:19:28] [CRITICAL] [STOP_BREACHED] PATELENG: Stop breached at Rs28.05
[2026-09-01 09:19:28] [CRITICAL] [STOP_BREACHED] INFOBEAN: Stop breached at Rs158.98
[2026-09-01 09:19:28] [CRITICAL] [STOP_BREACHED] RAJRATAN: Stop breached at Rs499.20
[2026-09-01 09:19:28] [CRITICAL] [STOP_BREACHED] GLOBUSSPR: Stop breached at Rs916.45
[2026-09-01 09:19:28] [CRITICAL] [STOP_BREACHED] AEGISVOPAK: Stop breached at Rs265.95
[2026-09-01 09:19:28] [CRITICAL] [STOP_BREACHED] KSCL: Stop breached at Rs768.60
[2026-09-01 09:19:28] [CRITICAL] [STOP_BREACHED] ONESOURCE: Stop breached at Rs1528.40
[2026-09-01 09:19:29] [CRITICAL] [STOP_BREACHED] RADICO: Stop breached at Rs4445.20
[2026-09-01 09:19:29] [CRITICAL] [STOP_BREACHED] IIFL: Stop breached at Rs648.60
[2026-09-01 09:19:29] [CRITICAL] [STOP_BREACHED] EXIDEIND: Stop breached at Rs437.55
[2026-09-01 09:19:29] [CRITICAL] [STOP_BREACHED] POWERGRID: Stop breached at Rs262.75
[2026-09-01 09:19:29] [CRITICAL] [STOP_BREACHED] SSWL: Stop breached at Rs305.55
[2026-09-01 09:19:29] [CRITICAL] [STOP_BREACHED] MANAPPURAM: Stop breached at Rs342.75
[2026-09-01 09:19:29] [CRITICAL] [STOP_BREACHED] MONARCH: Stop breached at Rs377.00
[2026-09-01 09:19:29] [CRITICAL] [STOP_BREACHED] MOBIKWIK: Stop breached at Rs191.09
[2026-09-01 09:19:29] [CRITICAL] [STOP_BREACHED] LODHA: Stop breached at Rs1218.50
[2026-09-01 09:19:29] [CRITICAL] [STOP_BREACHED] AJANTPHARM: Stop breached at Rs3518.20
[2026-09-01 09:19:29] [CRITICAL] [STOP_BREACHED] AWL: Stop breached at Rs193.21
[2026-09-01 09:19:29] [CRITICAL] [STOP_BREACHED] RELAXO: Stop breached at Rs354.35
[2026-09-01 09:19:29] [CRITICAL] [STOP_BREACHED] ITDC: Stop breached at Rs643.00
[2026-09-01 09:19:29] [CRITICAL] [STOP_BREACHED] TIMKEN: Stop breached at Rs3151.60
[2026-09-01 09:19:29] [CRITICAL] [STOP_BREACHED] BLUESTONE: Stop breached at Rs803.70
[2026-09-01 09:19:29] [CRITICAL] [STOP_BREACHED] TECHM: Stop breached at Rs1618.10
[2026-09-01 09:19:29] [CRITICAL] [STOP_BREACHED] HARIOMPIPE: Stop breached at Rs343.50
[2026-09-01 09:19:29] [CRITICAL] [STOP_BREACHED] POLYPLEX: Stop breached at Rs1189.20
[2026-09-01 09:19:29] [CRITICAL] [STOP_BREACHED] HDFCAMC: Stop breached at Rs2564.30
[2026-09-01 09:19:29] [CRITICAL] [STOP_BREACHED] LEMONTREE: Stop breached at Rs106.35
[2026-09-01 09:19:29] [CRITICAL] [STOP_BREACHED] JUBLINGREA: Stop breached at Rs678.15
[2026-09-01 09:19:29] [CRITICAL] [STOP_BREACHED] SOLEX: Stop breached at Rs744.60
[2026-09-01 09:19:29] [CRITICAL] [STOP_BREACHED] NGLFINE: Stop breached at Rs2646.60
[2026-09-01 09:19:29] [CRITICAL] [STOP_BREACHED] IDBI: Stop breached at Rs91.48
[2026-09-01 09:19:29] [CRITICAL] [STOP_BREACHED] ENRIN: Stop breached at Rs3193.50
[2026-09-01 09:19:29] [CRITICAL] [STOP_BREACHED] ELECON: Stop breached at Rs411.70
[2026-09-01 09:19:29] [CRITICAL] [STOP_BREACHED] TIINDIA: Stop breached at Rs2778.60
[2026-09-01 09:19:29] [CRITICAL] [STOP_BREACHED] SMSPHARMA: Stop breached at Rs367.50
[2026-09-01 09:19:30] [CRITICAL] [STOP_BREACHED] LLOYDSENT: Stop breached at Rs72.48
[2026-09-01 09:19:30] [CRITICAL] [STOP_BREACHED] OLECTRA: Stop breached at Rs1270.80
[2026-09-01 09:19:30] [CRITICAL] [STOP_BREACHED] RELTD: Stop breached at Rs160.46
[2026-09-01 09:19:30] [CRITICAL] [STOP_BREACHED] IMFA: Stop breached at Rs1321.00
[2026-09-01 09:19:30] [CRITICAL] [STOP_BREACHED] NEWGEN: Stop breached at Rs529.50
[2026-09-01 09:19:30] [CRITICAL] [STOP_BREACHED] IRMENERGY: Stop breached at Rs284.00
[2026-09-01 09:19:30] [CRITICAL] [STOP_BREACHED] MBEL: Stop breached at Rs269.75
[2026-09-01 09:19:30] [CRITICAL] [STOP_BREACHED] SHAKTIPUMP: Stop breached at Rs485.10
[2026-09-01 09:19:30] [CRITICAL] [STOP_BREACHED] MPHASIS: Stop breached at Rs2415.10
[2026-09-01 09:19:30] [CRITICAL] [STOP_BREACHED] RAMCOIND: Stop breached at Rs325.65
[2026-09-01 09:19:30] [CRITICAL] [STOP_BREACHED] TATVA: Stop breached at Rs1606.70
[2026-09-01 09:19:30] [CRITICAL] [STOP_BREACHED] INDUSTOWER: Stop breached at Rs384.30
[2026-09-01 09:19:30] [CRITICAL] [STOP_BREACHED] COALINDIA: Stop breached at Rs405.00
[2026-09-01 09:19:30] [CRITICAL] [STOP_BREACHED] ALKYLAMINE: Stop breached at Rs1988.50
[2026-09-01 09:19:30] [CRITICAL] [STOP_BREACHED] M&MFIN: Stop breached at Rs375.70
[2026-09-01 09:19:30] [CRITICAL] [STOP_BREACHED] TRANSRAILL: Stop breached at Rs446.50
[2026-09-01 09:19:30] [CRITICAL] [STOP_BREACHED] TTKPRESTIG: Stop breached at Rs583.00
[2026-09-01 09:19:30] [CRITICAL] [STOP_BREACHED] JIOFIN: Stop breached at Rs237.81
[2026-09-01 09:19:30] [CRITICAL] [STOP_BREACHED] TITAGARH: Stop breached at Rs822.05
[2026-09-01 09:19:30] [CRITICAL] [STOP_BREACHED] INDIGOPNTS: Stop breached at Rs1150.40
[2026-09-01 09:19:30] [CRITICAL] [STOP_BREACHED] JYOTHYLAB: Stop breached at Rs205.28
[2026-09-01 09:19:30] [CRITICAL] [STOP_BREACHED] FUSION: Stop breached at Rs198.56
[2026-09-01 09:19:30] [CRITICAL] [STOP_BREACHED] BSOFT: Stop breached at Rs291.40
[2026-09-01 09:19:30] [CRITICAL] [STOP_BREACHED] PERSISTENT: Stop breached at Rs5632.00
[2026-09-01 09:19:30] [CRITICAL] [STOP_BREACHED] RAIN: Stop breached at Rs197.75
[2026-09-01 09:19:30] [CRITICAL] [STOP_BREACHED] LANDMARK: Stop breached at Rs513.55
[2026-09-01 09:19:30] [CRITICAL] [STOP_BREACHED] HDBFS: Stop breached at Rs676.10
[2026-09-01 09:19:30] [CRITICAL] [STOP_BREACHED] DABUR: Stop breached at Rs383.60
[2026-09-01 09:19:30] [CRITICAL] [STOP_BREACHED] ABREL: Stop breached at Rs1356.00
[2026-09-01 09:19:30] [CRITICAL] [STOP_BREACHED] ANTELOPUS: Stop breached at Rs784.95
[2026-09-01 09:19:31] [CRITICAL] [STOP_BREACHED] AAVAS: Stop breached at Rs1253.90
[2026-09-01 09:19:31] [CRITICAL] [STOP_BREACHED] TATACHEM: Stop breached at Rs641.80
[2026-09-01 09:19:31] [CRITICAL] [STOP_BREACHED] BHARTIARTL: Stop breached at Rs1860.70
[2026-09-01 09:19:31] [CRITICAL] [STOP_BREACHED] SUNTV: Stop breached at Rs463.55
[2026-09-01 09:19:31] [CRITICAL] [STOP_BREACHED] AADHARHFC: Stop breached at Rs466.15
[2026-09-01 09:19:31] [CRITICAL] [STOP_BREACHED] WOCKPHARMA: Stop breached at Rs1866.70
[2026-09-01 09:19:31] [CRITICAL] [STOP_BREACHED] POONAWALLA: Stop breached at Rs465.00
[2026-09-01 09:19:31] [CRITICAL] [STOP_BREACHED] JINDWORLD: Stop breached at Rs39.96
[2026-09-01 09:19:31] [CRITICAL] [STOP_BREACHED] TANLA: Stop breached at Rs530.55
[2026-09-01 09:19:31] [CRITICAL] [STOP_BREACHED] BLKASHYAP: Stop breached at Rs55.27
[2026-09-01 09:19:31] [CRITICAL] [STOP_BREACHED] PNGJL: Stop breached at Rs586.10
[2026-09-01 09:19:31] [CRITICAL] [STOP_BREACHED] VOLTAS: Stop breached at Rs1201.40
[2026-09-01 09:19:31] [CRITICAL] [STOP_BREACHED] CEMPRO: Stop breached at Rs1233.60
[2026-09-01 09:19:31] [CRITICAL] [STOP_BREACHED] ROSSARI: Stop breached at Rs486.00
[2026-09-01 09:19:31] [CRITICAL] [STOP_BREACHED] TATATECH: Stop breached at Rs835.50
[2026-09-01 09:19:31] [CRITICAL] [STOP_BREACHED] ACE: Stop breached at Rs1119.80
[2026-09-01 09:19:31] [CRITICAL] [STOP_BREACHED] SENORES: Stop breached at Rs1448.70
[2026-09-01 09:19:31] [CRITICAL] [STOP_BREACHED] RALLIS: Stop breached at Rs209.00
[2026-09-01 09:19:31] [CRITICAL] [STOP_BREACHED] YATRA: Stop breached at Rs109.89
[2026-09-01 09:19:31] [CRITICAL] [STOP_BREACHED] HUHTAMAKI: Stop breached at Rs260.55
[2026-09-01 09:19:31] [CRITICAL] [STOP_BREACHED] J&KBANK: Stop breached at Rs147.77
[2026-09-01 09:19:31] [CRITICAL] [STOP_BREACHED] DCAL: Stop breached at Rs177.43
[2026-09-01 09:19:31] [CRITICAL] [STOP_BREACHED] TATAPOWER: Stop breached at Rs349.00
[2026-09-01 09:19:31] [CRITICAL] [STOP_BREACHED] ASTRAMICRO: Stop breached at Rs1669.80
[2026-09-01 09:19:31] [CRITICAL] [STOP_BREACHED] IONEXCHANG: Stop breached at Rs362.30
[2026-09-01 09:19:31] [CRITICAL] [STOP_BREACHED] ABLBL: Stop breached at Rs86.33
[2026-09-01 09:19:31] [CRITICAL] [STOP_BREACHED] ITC: Stop breached at Rs266.70
[2026-09-01 09:19:31] [CRITICAL] [STOP_BREACHED] DCW: Stop breached at Rs45.35
[2026-09-01 09:19:31] [CRITICAL] [STOP_BREACHED] THYROCARE: Stop breached at Rs601.65
[2026-09-01 09:19:31] [CRITICAL] [STOP_BREACHED] LXCHEM: Stop breached at Rs166.49
[2026-09-01 09:19:31] [CRITICAL] [STOP_BREACHED] TRITURBINE: Stop breached at Rs585.55
[2026-09-01 09:19:31] [CRITICAL] [STOP_BREACHED] HINDPETRO: Stop breached at Rs361.30
[2026-09-01 09:19:31] [CRITICAL] [STOP_BREACHED] SULA: Stop breached at Rs147.33
[2026-09-01 09:19:31] [CRITICAL] [STOP_BREACHED] CHAMBLFERT: Stop breached at Rs408.75
[2026-09-01 09:19:31] [CRITICAL] [STOP_BREACHED] LATENTVIEW: Stop breached at Rs273.60
[2026-09-01 09:19:31] [CRITICAL] [STOP_BREACHED] CUMMINSIND: Stop breached at Rs5089.50
[2026-09-01 09:19:31] [CRITICAL] [STOP_BREACHED] ICICIGI: Stop breached at Rs1553.00
[2026-09-01 09:19:31] [CRITICAL] [STOP_BREACHED] GNA: Stop breached at Rs539.75
[2026-09-01 09:19:32] [CRITICAL] [STOP_BREACHED] PNBHOUSING: Stop breached at Rs1153.80
[2026-09-01 09:19:32] [CRITICAL] [STOP_BREACHED] ARMANFIN: Stop breached at Rs1952.10
[2026-09-01 09:19:32] [CRITICAL] [STOP_BREACHED] NATCOPHARM: Stop breached at Rs841.05
[2026-09-01 09:19:32] [CRITICAL] [STOP_BREACHED] EIEL: Stop breached at Rs195.72
[2026-09-01 09:19:32] [CRITICAL] [STOP_BREACHED] CREDITACC: Stop breached at Rs1353.00
[2026-09-01 09:19:32] [CRITICAL] [STOP_BREACHED] MOLDTKPAC: Stop breached at Rs709.00
[2026-09-01 09:19:32] [CRITICAL] [STOP_BREACHED] KIRLOSBROS: Stop breached at Rs1897.50
[2026-09-01 09:19:32] [CRITICAL] [STOP_BREACHED] UNIONBANK: Stop breached at Rs185.05
[2026-09-01 09:19:32] [CRITICAL] [STOP_BREACHED] ACUTAAS: Stop breached at Rs3185.60
[2026-09-01 09:19:32] [CRITICAL] [STOP_BREACHED] AMBER: Stop breached at Rs7565.00
[2026-09-01 09:19:32] [CRITICAL] [STOP_BREACHED] EMBDL: Stop breached at Rs61.79
[2026-09-01 09:19:32] [CRITICAL] [STOP_BREACHED] MANAKCOAT: Stop breached at Rs122.69
[2026-09-01 09:19:32] [CRITICAL] [STOP_BREACHED] MOIL: Stop breached at Rs253.55
[2026-09-01 09:19:32] [CRITICAL] [STOP_BREACHED] BAJEL: Stop breached at Rs192.19
[2026-09-01 09:19:32] [CRITICAL] [STOP_BREACHED] AVANTIFEED: Stop breached at Rs817.80
[2026-09-01 09:19:32] [CRITICAL] [STOP_BREACHED] AARTIIND: Stop breached at Rs522.75
[2026-09-01 09:19:32] [CRITICAL] [STOP_BREACHED] RSYSTEMS: Stop breached at Rs243.61
[2026-09-01 09:19:32] [CRITICAL] [STOP_BREACHED] TRAVELFOOD: Stop breached at Rs1289.40
[2026-09-01 09:19:32] [CRITICAL] [STOP_BREACHED] MFSL: Stop breached at Rs1560.50
[2026-09-01 09:19:32] [CRITICAL] [STOP_BREACHED] NLCINDIA: Stop breached at Rs270.85
[2026-09-01 09:19:32] [CRITICAL] [STOP_BREACHED] SWANCORP: Stop breached at Rs290.65
[2026-09-01 09:19:32] [CRITICAL] [STOP_BREACHED] MCLOUD: Stop breached at Rs27.19
[2026-09-01 09:19:32] [CRITICAL] [STOP_BREACHED] INDOCO: Stop breached at Rs243.78
[2026-09-01 09:19:32] [CRITICAL] [STOP_BREACHED] GATEWAY: Stop breached at Rs53.69
[2026-09-01 09:19:32] [CRITICAL] [STOP_BREACHED] BLUESTARCO: Stop breached at Rs1471.90
[2026-09-01 09:19:32] [CRITICAL] [STOP_BREACHED] SHK: Stop breached at Rs151.45
[2026-09-01 09:19:32] [CRITICAL] [STOP_BREACHED] POWERMECH: Stop breached at Rs2492.00
[2026-09-01 09:19:32] [CRITICAL] [STOP_BREACHED] SAMHI: Stop breached at Rs155.22
[2026-09-01 09:19:32] [CRITICAL] [STOP_BREACHED] SWIGGY: Stop breached at Rs278.20
[2026-09-01 09:19:32] [CRITICAL] [STOP_BREACHED] GMRAIRPORT: Stop breached at Rs94.82
[2026-09-01 09:19:32] [CRITICAL] [STOP_BREACHED] NATIONALUM: Stop breached at Rs381.75
[2026-09-01 09:19:32] [CRITICAL] [STOP_BREACHED] SURYAROSNI: Stop breached at Rs220.55
[2026-09-01 09:19:32] [CRITICAL] [STOP_BREACHED] ABDL: Stop breached at Rs623.50
[2026-09-01 09:19:32] [CRITICAL] [STOP_BREACHED] SATIN: Stop breached at Rs222.00
[2026-09-01 09:19:32] [CRITICAL] [STOP_BREACHED] HIRECT: Stop breached at Rs1218.70
[2026-09-01 09:19:32] [CRITICAL] [STOP_BREACHED] REFEX: Stop breached at Rs283.05
[2026-09-01 09:19:32] [CRITICAL] [STOP_BREACHED] SHAILY: Stop breached at Rs3207.10
[2026-09-01 09:19:32] [CRITICAL] [STOP_BREACHED] NAVA: Stop breached at Rs564.85
[2026-09-01 09:19:33] [CRITICAL] [STOP_BREACHED] LUPIN: Stop breached at Rs2162.00
[2026-09-01 09:19:33] [CRITICAL] [STOP_BREACHED] SANSTAR: Stop breached at Rs109.70
[2026-09-01 09:19:33] [CRITICAL] [STOP_BREACHED] GENUSPOWER: Stop breached at Rs331.95
[2026-09-01 09:19:33] [CRITICAL] [STOP_BREACHED] PLATIND: Stop breached at Rs232.96
[2026-09-01 09:19:33] [CRITICAL] [STOP_BREACHED] SAREGAMA: Stop breached at Rs481.05
[2026-09-01 09:19:33] [CRITICAL] [STOP_BREACHED] WESTLIFE: Stop breached at Rs563.45
[2026-09-01 09:19:33] [CRITICAL] [STOP_BREACHED] MUTHOOTMF: Stop breached at Rs203.21
[2026-09-01 09:19:33] [CRITICAL] [STOP_BREACHED] JUBLFOOD: Stop breached at Rs488.00
[2026-09-01 09:19:33] [CRITICAL] [STOP_BREACHED] FIVESTAR: Stop breached at Rs529.65
[2026-09-01 09:19:33] [CRITICAL] [STOP_BREACHED] MOSCHIP: Stop breached at Rs212.75
[2026-09-01 09:19:33] [CRITICAL] [STOP_BREACHED] RPGLIFE: Stop breached at Rs2616.90
[2026-09-01 09:19:33] [CRITICAL] [STOP_BREACHED] LINDEINDIA: Stop breached at Rs6363.00
[2026-09-01 09:19:33] [CRITICAL] [STOP_BREACHED] GODREJCP: Stop breached at Rs903.50
[2026-09-01 09:19:33] [CRITICAL] [STOP_BREACHED] PREMIERENE: Stop breached at Rs1012.00
[2026-09-01 09:19:33] [CRITICAL] [STOP_BREACHED] ROUTE: Stop breached at Rs498.85
[2026-09-01 09:19:33] [CRITICAL] [STOP_BREACHED] DCMSHRIRAM: Stop breached at Rs1016.50
[2026-09-01 09:19:33] [CRITICAL] [STOP_BREACHED] KPRMILL: Stop breached at Rs1163.70
[2026-09-01 09:19:33] [CRITICAL] [STOP_BREACHED] WHIRLPOOL: Stop breached at Rs803.00
[2026-09-01 09:19:33] [CRITICAL] [STOP_BREACHED] EXICOM: Stop breached at Rs162.10
[2026-09-01 09:19:33] [CRITICAL] [STOP_BREACHED] JUSTDIAL: Stop breached at Rs703.05
[2026-09-01 09:19:33] [CRITICAL] [STOP_BREACHED] GODREJIND: Stop breached at Rs1131.80
[2026-09-01 09:19:33] [CRITICAL] [STOP_BREACHED] BAJAJELEC: Stop breached at Rs324.50
[2026-09-01 09:19:33] [CRITICAL] [STOP_BREACHED] IRCON: Stop breached at Rs119.27
[2026-09-01 09:19:33] [CRITICAL] [STOP_BREACHED] CARTRADE: Stop breached at Rs3022.00
[2026-09-01 09:19:33] [CRITICAL] [STOP_BREACHED] SUNFLAG: Stop breached at Rs340.25
[2026-09-01 09:19:33] [CRITICAL] [STOP_BREACHED] CSBBANK: Stop breached at Rs338.95
[2026-09-01 09:19:33] [CRITICAL] [STOP_BREACHED] AIAENG: Stop breached at Rs4225.00
[2026-09-01 09:19:33] [CRITICAL] [STOP_BREACHED] TALBROAUTO: Stop breached at Rs415.35
[2026-09-01 09:19:33] [CRITICAL] [STOP_BREACHED] INDIASHLTR: Stop breached at Rs648.10
[2026-09-01 09:19:33] [CRITICAL] [STOP_BREACHED] ADVENZYMES: Stop breached at Rs293.15
[2026-09-01 09:19:33] [CRITICAL] [STOP_BREACHED] AVL: Stop breached at Rs596.20
[2026-09-01 09:19:33] [CRITICAL] [STOP_BREACHED] JUBLPHARMA: Stop breached at Rs882.05
[2026-09-01 09:19:33] [CRITICAL] [STOP_BREACHED] ICRA: Stop breached at Rs4929.00
[2026-09-01 09:19:33] [CRITICAL] [STOP_BREACHED] STYLAMIND: Stop breached at Rs3446.40
[2026-09-01 09:19:34] [CRITICAL] [STOP_BREACHED] BEPL: Stop breached at Rs122.95
[2026-09-01 09:19:34] [CRITICAL] [STOP_BREACHED] PANACEABIO: Stop breached at Rs386.10
[2026-09-01 09:19:34] [CRITICAL] [STOP_BREACHED] ZENTEC: Stop breached at Rs1765.80
[2026-09-01 09:19:34] [CRITICAL] [STOP_BREACHED] DEEPAKFERT: Stop breached at Rs1403.90
[2026-09-01 09:19:34] [CRITICAL] [STOP_BREACHED] GMRP&UI: Stop breached at Rs90.33
[2026-09-01 09:19:34] [CRITICAL] [STOP_BREACHED] SANDHAR: Stop breached at Rs649.20
[2026-09-01 09:19:34] [CRITICAL] [STOP_BREACHED] RVNL: Stop breached at Rs210.50
[2026-09-01 09:19:34] [CRITICAL] [STOP_BREACHED] POLYMED: Stop breached at Rs1750.00
[2026-09-01 09:19:34] [CRITICAL] [STOP_BREACHED] GRMOVER: Stop breached at Rs86.52
[2026-09-01 09:19:34] [CRITICAL] [STOP_BREACHED] TMPV: Stop breached at Rs315.40
[2026-09-01 09:19:34] [CRITICAL] [STOP_BREACHED] PENIND: Stop breached at Rs170.02
[2026-09-01 09:19:34] [CRITICAL] [STOP_BREACHED] AUBANK: Stop breached at Rs1081.40
[2026-09-01 09:19:34] [CRITICAL] [STOP_BREACHED] VMM: Stop breached at Rs109.27
[2026-09-01 09:19:34] [CRITICAL] [STOP_BREACHED] BBTC: Stop breached at Rs1505.40
[2026-09-01 09:19:34] [CRITICAL] [STOP_BREACHED] ORIENTHOT: Stop breached at Rs139.60
[2026-09-01 09:19:34] [CRITICAL] [STOP_BREACHED] ATULAUTO: Stop breached at Rs494.00
[2026-09-01 09:19:34] [CRITICAL] [STOP_BREACHED] RAINBOW: Stop breached at Rs1420.50
[2026-09-01 09:19:34] [CRITICAL] [STOP_BREACHED] EMSLIMITED: Stop breached at Rs374.50
[2026-09-01 09:19:34] [CRITICAL] [STOP_BREACHED] GALAPREC: Stop breached at Rs1018.10
[2026-09-01 09:19:34] [CRITICAL] [STOP_BREACHED] ASTRAZEN: Stop breached at Rs6930.00
[2026-09-01 09:19:34] [CRITICAL] [STOP_BREACHED] CUB: Stop breached at Rs229.13
[2026-09-01 09:19:35] [CRITICAL] [STOP_BREACHED] TINNARUBR: Stop breached at Rs990.00
[2026-09-01 09:19:35] [CRITICAL] [STOP_BREACHED] DCXINDIA: Stop breached at Rs172.44
[2026-09-01 09:19:35] [CRITICAL] [STOP_BREACHED] MAXHEALTH: Stop breached at Rs1004.60
[2026-09-01 09:19:35] [CRITICAL] [STOP_BREACHED] KIRLOSENG: Stop breached at Rs2108.50
[2026-09-01 09:19:35] [CRITICAL] [STOP_BREACHED] HIKAL: Stop breached at Rs202.48
[2026-09-01 09:19:35] [CRITICAL] [STOP_BREACHED] DODLA: Stop breached at Rs1083.30
[2026-09-01 09:19:35] [CRITICAL] [STOP_BREACHED] CAPACITE: Stop breached at Rs213.31
[2026-09-01 09:19:35] [CRITICAL] [STOP_BREACHED] MASFIN: Stop breached at Rs308.55
[2026-09-01 09:19:35] [CRITICAL] [STOP_BREACHED] MAHABANK: Stop breached at Rs82.21
[2026-09-01 09:19:35] [CRITICAL] [STOP_BREACHED] SRM: Stop breached at Rs449.00
[2026-09-01 09:19:35] [CRITICAL] [STOP_BREACHED] CARBORUNIV: Stop breached at Rs1111.20
[2026-09-01 09:19:35] [CRITICAL] [STOP_BREACHED] AIIL: Stop breached at Rs557.35
[2026-09-01 09:19:35] [CRITICAL] [STOP_BREACHED] RATEGAIN: Stop breached at Rs927.20
[2026-09-01 09:19:35] [CRITICAL] [STOP_BREACHED] THOMASCOOK: Stop breached at Rs106.77
[2026-09-01 09:19:35] [CRITICAL] [STOP_BREACHED] SHARDACROP: Stop breached at Rs770.00
[2026-09-01 09:19:35] [CRITICAL] [STOP_BREACHED] INOXWIND: Stop breached at Rs70.06
[2026-09-01 09:19:35] [CRITICAL] [STOP_BREACHED] SAKAR: Stop breached at Rs874.10
[2026-09-01 09:19:35] [CRITICAL] [STOP_BREACHED] VESUVIUS: Stop breached at Rs408.95
[2026-09-01 09:19:35] [CRITICAL] [STOP_BREACHED] LICHSGFIN: Stop breached at Rs534.50
[2026-09-01 09:19:35] [CRITICAL] [STOP_BREACHED] HUDCO: Stop breached at Rs180.37
[2026-09-01 09:19:35] [CRITICAL] [STOP_BREACHED] PGHL: Stop breached at Rs5720.00
[2026-09-01 09:19:35] [CRITICAL] [STOP_BREACHED] VBL: Stop breached at Rs410.60
[2026-09-01 09:19:35] [CRITICAL] [STOP_BREACHED] GANECOS: Stop breached at Rs1021.40
[2026-09-01 09:19:35] [CRITICAL] [STOP_BREACHED] NBCC: Stop breached at Rs85.48
[2026-09-01 09:19:35] [CRITICAL] [STOP_BREACHED] PARACABLES: Stop breached at Rs64.75
[2026-09-01 09:19:35] [CRITICAL] [STOP_BREACHED] SAMMAANCAP: Stop breached at Rs146.10
[2026-09-01 09:19:35] [CRITICAL] [STOP_BREACHED] INTERARCH: Stop breached at Rs1704.20
[2026-09-01 09:19:35] [CRITICAL] [STOP_BREACHED] JSLL: Stop breached at Rs510.30
[2026-09-01 09:19:35] [CRITICAL] [STOP_BREACHED] GREAVESCOT: Stop breached at Rs197.03
[2026-09-01 09:19:35] [CRITICAL] [STOP_BREACHED] AJAXENGG: Stop breached at Rs570.35
[2026-09-01 09:19:35] [CRITICAL] [STOP_BREACHED] ARVIND: Stop breached at Rs554.00
[2026-09-01 09:19:36] [CRITICAL] [STOP_BREACHED] AXISCADES: Stop breached at Rs1660.00
[2026-09-01 09:19:36] [CRITICAL] [STOP_BREACHED] SENCO: Stop breached at Rs351.85
[2026-09-01 09:19:36] [CRITICAL] [STOP_BREACHED] HERITGFOOD: Stop breached at Rs361.15
[2026-09-01 09:19:36] [CRITICAL] [STOP_BREACHED] PRSMJOHNSN: Stop breached at Rs111.30
[2026-09-01 09:19:36] [CRITICAL] [STOP_BREACHED] ADANIENSOL: Stop breached at Rs1423.00
[2026-09-01 09:19:36] [CRITICAL] [STOP_BREACHED] PIIND: Stop breached at Rs2386.20
[2026-09-01 09:19:36] [CRITICAL] [STOP_BREACHED] MEDPLUS: Stop breached at Rs670.05
[2026-09-01 09:19:36] [CRITICAL] [STOP_BREACHED] SONATSOFTW: Stop breached at Rs285.55
[2026-09-01 09:19:36] [CRITICAL] [STOP_BREACHED] CRIZAC: Stop breached at Rs163.38
[2026-09-01 09:19:36] [CRITICAL] [STOP_BREACHED] TARIL: Stop breached at Rs310.15
[2026-09-01 09:19:36] [CRITICAL] [STOP_BREACHED] SURAJEST: Stop breached at Rs190.41
[2026-09-01 09:19:36] [CRITICAL] [STOP_BREACHED] NAM-INDIA: Stop breached at Rs1204.40
[2026-09-01 09:19:36] [CRITICAL] [STOP_BREACHED] TIMETECHNO: Stop breached at Rs191.78
[2026-09-01 09:19:36] [CRITICAL] [STOP_BREACHED] MEDIASSIST: Stop breached at Rs329.10
[2026-09-01 09:19:36] [CRITICAL] [STOP_BREACHED] LLOYDSME: Stop breached at Rs1803.20
[2026-09-01 09:19:36] [CRITICAL] [STOP_BREACHED] CHEMPLASTS: Stop breached at Rs172.30
[2026-09-01 09:19:36] [CRITICAL] [STOP_BREACHED] KSL: Stop breached at Rs906.55
[2026-09-01 09:19:36] [CRITICAL] [STOP_BREACHED] SHRIRAMPPS: Stop breached at Rs76.63
[2026-09-01 09:19:36] [CRITICAL] [STOP_BREACHED] AEGISLOG: Stop breached at Rs1255.60
[2026-09-01 09:19:36] [CRITICAL] [STOP_BREACHED] RAYMONDLSL: Stop breached at Rs661.50
[2026-09-01 09:19:36] [CRITICAL] [STOP_BREACHED] SYRMA: Stop breached at Rs1428.10
[2026-09-01 09:19:36] [CRITICAL] [STOP_BREACHED] BDL: Stop breached at Rs1263.10
[2026-09-01 09:19:36] [CRITICAL] [STOP_BREACHED] WABAG: Stop breached at Rs1989.90
[2026-09-01 09:19:36] [CRITICAL] [STOP_BREACHED] SURYODAY: Stop breached at Rs153.37
[2026-09-01 09:19:36] [CRITICAL] [STOP_BREACHED] WALCHANNAG: Stop breached at Rs216.00
[2026-09-01 09:19:36] [CRITICAL] [STOP_BREACHED] PFOCUS: Stop breached at Rs289.65
[2026-09-01 09:19:36] [CRITICAL] [STOP_BREACHED] AMRUTANJAN: Stop breached at Rs511.20
[2026-09-01 09:19:36] [CRITICAL] [STOP_BREACHED] CHOLAHLDNG: Stop breached at Rs1484.10
[2026-09-01 09:19:36] [CRITICAL] [STOP_BREACHED] HITECH: Stop breached at Rs79.49
[2026-09-01 09:19:36] [CRITICAL] [STOP_BREACHED] IKIO: Stop breached at Rs213.61
[2026-09-01 09:19:36] [CRITICAL] [STOP_BREACHED] HSCL: Stop breached at Rs652.55
[2026-09-01 09:21:03] [CRITICAL] [STOP_BREACHED] CAMPUS: Stop breached at Rs224.59
[2026-09-01 09:21:03] [CRITICAL] [STOP_BREACHED] LTTS: Stop breached at Rs3549.10
[2026-09-01 09:21:05] [CRITICAL] [STOP_BREACHED] JSWINFRA: Stop breached at Rs340.80
[2026-09-01 09:21:07] [CRITICAL] [STOP_BREACHED] WSTCSTPAPR: Stop breached at Rs616.50
[2026-09-01 09:22:33] [CRITICAL] [STOP_BREACHED] KPIL: Stop breached at Rs1405.20
[2026-09-01 09:22:33] [CRITICAL] [STOP_BREACHED] ARTEMISMED: Stop breached at Rs316.00
[2026-09-01 09:22:36] [CRITICAL] [STOP_BREACHED] EPIGRAL: Stop breached at Rs1201.30
[2026-09-01 09:22:36] [CRITICAL] [STOP_BREACHED] TVSMOTOR: Stop breached at Rs4339.90
[2026-09-01 09:24:02] [CRITICAL] [STOP_BREACHED] KFINTECH: Stop breached at Rs952.40
[2026-09-01 09:27:05] [INFO] [VALID_BREAKOUT] RACLGEAR: Confirmed breakout at Rs1587.00, RVOL 2.89x
[2026-09-01 09:28:36] [INFO] [VALID_BREAKOUT] ENGINERSIN: Confirmed breakout at Rs271.00, RVOL 2.93x
[2026-09-01 09:33:02] [INFO] [VALID_BREAKOUT] GANDHAR: Confirmed breakout at Rs262.45, RVOL 4.8x
[2026-09-01 09:37:34] [CRITICAL] [STOP_BREACHED] DALBHARAT: Stop breached at Rs1844.70
[2026-09-01 09:40:22] [CRITICAL] [STOP_BREACHED] TITAN: Stop breached at Rs5038.00
[2026-09-01 09:40:27] [CRITICAL] [STOP_BREACHED] SBICARD: Stop breached at Rs649.70
[2026-09-01 09:40:29] [CRITICAL] [STOP_BREACHED] SBFC: Stop breached at Rs98.93
[2026-09-01 09:41:53] [CRITICAL] [STOP_BREACHED] RAYMOND: Stop breached at Rs626.25
[2026-09-01 09:43:20] [INFO] [VALID_BREAKOUT] SAILIFE: Confirmed breakout at Rs1516.40, RVOL 1.91x
[2026-09-01 09:44:46] [CRITICAL] [STOP_BREACHED] NRBBEARING: Stop breached at Rs462.70
[2026-09-01 09:46:15] [CRITICAL] [STOP_BREACHED] GAEL: Stop breached at Rs173.60
[2026-09-01 09:47:38] [CRITICAL] [STOP_BREACHED] DLF: Stop breached at Rs666.95
[2026-09-01 09:49:04] [CRITICAL] [STOP_BREACHED] SGFIN: Stop breached at Rs687.15
[2026-09-01 09:49:05] [CRITICAL] [STOP_BREACHED] V2RETAIL: Stop breached at Rs221.02
[2026-09-01 09:50:30] [CRITICAL] [STOP_BREACHED] BAJAJHCARE: Stop breached at Rs329.25
[2026-09-01 09:53:29] [INFO] [VALID_BREAKOUT] VINDHYATEL: Confirmed breakout at Rs2623.10, RVOL 4.15x
[2026-09-01 09:56:19] [CRITICAL] [STOP_BREACHED] CGPOWER: Stop breached at Rs886.50
[2026-09-01 10:00:47] [CRITICAL] [STOP_BREACHED] NCC: Stop breached at Rs148.36
[2026-09-01 10:02:08] [CRITICAL] [STOP_BREACHED] NMDC: Stop breached at Rs86.05
[2026-09-01 10:12:50] [INFO] [VALID_BREAKOUT] UNOMINDA: Confirmed breakout at Rs1299.10, RVOL 2.41x
[2026-09-01 10:31:59] [CRITICAL] [STOP_BREACHED] GLAND: Stop breached at Rs2876.80
[2026-09-01 10:33:23] [INFO] [VALID_BREAKOUT] ORIENTBELL: Confirmed breakout at Rs409.40, RVOL 2.44x
[2026-09-01 10:36:59] [CRITICAL] [STOP_BREACHED] KARURVYSYA: Stop breached at Rs345.55
[2026-09-01 10:38:46] [INFO] [VALID_BREAKOUT] GARFIBRES: Confirmed breakout at Rs823.85, RVOL 8.96x
[2026-09-01 10:38:52] [INFO] [VALID_BREAKOUT] SSWL: Confirmed breakout at Rs330.30, RVOL 2.17x
[2026-09-01 10:48:43] [CRITICAL] [STOP_BREACHED] 20MICRONS: Stop breached at Rs217.63
[2026-09-01 10:48:46] [CRITICAL] [STOP_BREACHED] ABSLAMC: Stop breached at Rs1015.40
[2026-09-01 11:07:30] [INFO] [VALID_BREAKOUT] HINDOILEXP: Confirmed breakout at Rs167.95, RVOL 5.96x
[2026-09-01 11:20:28] [CRITICAL] [STOP_BREACHED] HYUNDAI: Stop breached at Rs2210.70
[2026-09-01 11:28:11] [CRITICAL] [STOP_BREACHED] SBC: Stop breached at Rs42.05
[2026-09-01 11:29:38] [INFO] [VALID_BREAKOUT] ELECTCAST: Confirmed breakout at Rs86.87, RVOL 1.52x
[2026-09-01 11:34:36] [INFO] [VALID_BREAKOUT] JINDWORLD: Confirmed breakout at Rs42.68, RVOL 2.47x
[2026-09-01 11:37:40] [INFO] [VALID_BREAKOUT] KSB: Confirmed breakout at Rs837.00, RVOL 2.37x
[2026-09-01 11:44:49] [CRITICAL] [STOP_BREACHED] CAMS: Stop breached at Rs761.25
[2026-09-01 11:44:50] [INFO] [VALID_BREAKOUT] CAPLIPOINT: Confirmed breakout at Rs2725.30, RVOL 5.8x
[2026-09-01 11:46:33] [CRITICAL] [STOP_BREACHED] THANGAMAYL: Stop breached at Rs5307.00
[2026-09-01 12:03:51] [CRITICAL] [STOP_BREACHED] CARERATING: Stop breached at Rs1690.00
[2026-09-01 12:14:42] [CRITICAL] [STOP_BREACHED] AGI: Stop breached at Rs770.50
[2026-09-01 12:17:55] [INFO] [VALID_BREAKOUT] AEROFLEX: Confirmed breakout at Rs553.20, RVOL 3.95x
[2026-09-01 12:19:33] [CRITICAL] [STOP_BREACHED] VEDL: Stop breached at Rs277.30
[2026-09-01 12:24:15] [CRITICAL] [STOP_BREACHED] SUPREMEIND: Stop breached at Rs3570.20
[2026-09-01 12:42:22] [CRITICAL] [STOP_BREACHED] SAIL: Stop breached at Rs195.59
[2026-09-01 12:53:24] [CRITICAL] [STOP_BREACHED] PRINCEPIPE: Stop breached at Rs290.15
[2026-09-01 12:59:01] [INFO] [VALID_BREAKOUT] SAKAR: Confirmed breakout at Rs987.65, RVOL 4.51x
[2026-09-01 13:01:25] [CRITICAL] [STOP_BREACHED] KDDL: Stop breached at Rs3886.00
[2026-09-01 13:01:32] [CRITICAL] [STOP_BREACHED] BHEL: Stop breached at Rs428.40
[2026-09-01 13:09:37] [INFO] [VALID_BREAKOUT] AYMSYNTEX: Confirmed breakout at Rs298.30, RVOL 35.39x
[2026-09-01 13:14:46] [CRITICAL] [STOP_BREACHED] MAGADSUGAR: Stop breached at Rs577.50
[2026-09-01 13:28:38] [CRITICAL] [STOP_BREACHED] SONACOMS: Stop breached at Rs806.50
[2026-09-01 13:31:19] [CRITICAL] [STOP_BREACHED] SJS: Stop breached at Rs2443.50
[2026-09-01 13:31:26] [CRITICAL] [STOP_BREACHED] PGIL: Stop breached at Rs2380.80
[2026-09-01 13:39:36] [INFO] [VALID_BREAKOUT] GHCLTEXTIL: Confirmed breakout at Rs140.50, RVOL 4.38x
[2026-09-01 13:41:58] [CRITICAL] [STOP_BREACHED] APOLLOHOSP: Stop breached at Rs8761.00
[2026-09-01 13:47:46] [CRITICAL] [STOP_BREACHED] ASKAUTOLTD: Stop breached at Rs634.50
[2026-09-01 13:50:05] [CRITICAL] [STOP_BREACHED] SINDHUTRAD: Stop breached at Rs24.21
[2026-09-01 13:50:21] [CRITICAL] [STOP_BREACHED] MOTHERSON: Stop breached at Rs164.84
[2026-09-01 13:52:48] [CRITICAL] [STOP_BREACHED] GRAVITA: Stop breached at Rs1781.70
[2026-09-01 13:52:48] [CRITICAL] [STOP_BREACHED] LICI: Stop breached at Rs412.65
[2026-09-01 13:58:24] [CRITICAL] [STOP_BREACHED] MUFIN: Stop breached at Rs135.21
[2026-09-01 14:00:58] [CRITICAL] [STOP_BREACHED] BERGEPAINT: Stop breached at Rs490.55
[2026-09-01 14:01:16] [CRITICAL] [STOP_BREACHED] JINDALSTEL: Stop breached at Rs1156.20
[2026-09-01 14:01:17] [CRITICAL] [STOP_BREACHED] NUVAMA: Stop breached at Rs1744.00
[2026-09-01 14:04:19] [CRITICAL] [STOP_BREACHED] EMUDHRA: Stop breached at Rs535.65
[2026-09-01 14:06:51] [CRITICAL] [STOP_BREACHED] ARVSMART: Stop breached at Rs654.05
[2026-09-01 14:09:36] [CRITICAL] [STOP_BREACHED] KMEW: Stop breached at Rs2895.90
[2026-09-01 14:09:43] [CRITICAL] [STOP_BREACHED] JSWSTEEL: Stop breached at Rs1310.50
[2026-09-01 14:12:21] [CRITICAL] [STOP_BREACHED] FCL: Stop breached at Rs48.14
[2026-09-01 14:14:53] [CRITICAL] [STOP_BREACHED] KAJARIACER: Stop breached at Rs1220.90
[2026-09-01 14:17:35] [CRITICAL] [STOP_BREACHED] GAIL: Stop breached at Rs172.45
[2026-09-01 14:18:04] [CRITICAL] [STOP_BREACHED] VENUSPIPES: Stop breached at Rs1579.40
[2026-09-01 14:20:26] [CRITICAL] [STOP_BREACHED] JMFINANCIL: Stop breached at Rs127.32
[2026-09-01 14:23:14] [CRITICAL] [STOP_BREACHED] SHYAMMETL: Stop breached at Rs1062.60
[2026-09-01 14:57:17] [CRITICAL] [STOP_BREACHED] NPST: Stop breached at Rs1643.90
[2026-09-02 11:17:35] [CRITICAL] [STOP_BREACHED] NIVABUPA: Stop breached at Rs81.26
[2026-09-02 11:17:35] [CRITICAL] [STOP_BREACHED] BPCL: Stop breached at Rs314.55
[2026-09-02 11:17:35] [CRITICAL] [STOP_BREACHED] LTFOODS: Stop breached at Rs432.00
[2026-09-02 11:17:35] [CRITICAL] [STOP_BREACHED] HCLTECH: Stop breached at Rs1328.80
[2026-09-02 11:17:35] [CRITICAL] [STOP_BREACHED] GRAVITA: Stop breached at Rs1775.70
[2026-09-02 11:17:35] [CRITICAL] [STOP_BREACHED] FORTIS: Stop breached at Rs907.95
[2026-09-02 11:17:35] [CRITICAL] [STOP_BREACHED] CIPLA: Stop breached at Rs1410.00
[2026-09-02 11:17:35] [CRITICAL] [STOP_BREACHED] DELHIVERY: Stop breached at Rs455.10
[2026-09-02 11:17:35] [CRITICAL] [STOP_BREACHED] IGIL: Stop breached at Rs329.30
[2026-09-02 11:17:35] [CRITICAL] [STOP_BREACHED] GAIL: Stop breached at Rs171.80
[2026-09-02 11:17:35] [CRITICAL] [STOP_BREACHED] KSB: Stop breached at Rs801.90
[2026-09-02 11:17:36] [CRITICAL] [STOP_BREACHED] MAZDOCK: Stop breached at Rs2436.50
[2026-09-02 11:17:36] [CRITICAL] [STOP_BREACHED] LICI: Stop breached at Rs409.40
[2026-09-02 11:17:36] [CRITICAL] [STOP_BREACHED] ZAGGLE: Stop breached at Rs181.13
[2026-09-02 11:17:36] [CRITICAL] [STOP_BREACHED] SINDHUTRAD: Stop breached at Rs23.98
[2026-09-02 11:17:36] [CRITICAL] [STOP_BREACHED] UNOMINDA: Stop breached at Rs1234.20
[2026-09-02 11:17:36] [CRITICAL] [STOP_BREACHED] CONCOR: Stop breached at Rs513.35
[2026-09-02 11:17:36] [CRITICAL] [STOP_BREACHED] CANTABIL: Stop breached at Rs240.60
[2026-09-02 11:17:36] [CRITICAL] [STOP_BREACHED] DOMS: Stop breached at Rs2207.30
[2026-09-02 11:17:36] [CRITICAL] [STOP_BREACHED] DEEPAKNTR: Stop breached at Rs1727.10
[2026-09-02 11:17:36] [CRITICAL] [STOP_BREACHED] VINATIORGA: Stop breached at Rs1304.40
[2026-09-02 11:17:36] [CRITICAL] [STOP_BREACHED] TIINDIA: Stop breached at Rs2705.00
[2026-09-02 11:17:36] [CRITICAL] [STOP_BREACHED] MMTC: Stop breached at Rs61.84
[2026-09-02 11:17:36] [CRITICAL] [STOP_BREACHED] PREMEXPLN: Stop breached at Rs675.45
[2026-09-02 11:17:36] [CRITICAL] [STOP_BREACHED] GICRE: Stop breached at Rs355.45
[2026-09-02 11:17:36] [CRITICAL] [STOP_BREACHED] GRSE: Stop breached at Rs2500.00
[2026-09-02 11:17:36] [CRITICAL] [STOP_BREACHED] IIFLCAPS: Stop breached at Rs340.45
[2026-09-02 11:17:36] [CRITICAL] [STOP_BREACHED] GOPAL: Stop breached at Rs269.50
[2026-09-02 11:17:36] [CRITICAL] [STOP_BREACHED] V2RETAIL: Stop breached at Rs217.74
[2026-09-02 11:17:36] [CRITICAL] [STOP_BREACHED] HCG: Stop breached at Rs699.95
[2026-09-02 11:17:36] [CRITICAL] [STOP_BREACHED] HDFCAMC: Stop breached at Rs2500.00
[2026-09-02 11:17:36] [CRITICAL] [STOP_BREACHED] NTPCGREEN: Stop breached at Rs88.10
[2026-09-02 11:17:36] [CRITICAL] [STOP_BREACHED] EPACK: Stop breached at Rs187.99
[2026-09-02 11:17:36] [CRITICAL] [STOP_BREACHED] BOMDYEING: Stop breached at Rs112.01
[2026-09-02 11:17:36] [CRITICAL] [STOP_BREACHED] IREDA: Stop breached at Rs112.45
[2026-09-02 11:17:36] [CRITICAL] [STOP_BREACHED] WALCHANNAG: Stop breached at Rs206.69
[2026-09-02 11:17:36] [CRITICAL] [STOP_BREACHED] TORNTPOWER: Stop breached at Rs1238.70
[2026-09-02 11:17:36] [CRITICAL] [STOP_BREACHED] WAAREEENER: Stop breached at Rs2582.80
[2026-09-02 11:17:36] [CRITICAL] [STOP_BREACHED] LTM: Stop breached at Rs4562.00
[2026-09-02 11:17:36] [CRITICAL] [STOP_BREACHED] ESCORTS: Stop breached at Rs2997.90
[2026-09-02 11:17:37] [CRITICAL] [STOP_BREACHED] PROTEAN: Stop breached at Rs502.95
[2026-09-02 11:17:37] [CRITICAL] [STOP_BREACHED] GESHIP: Stop breached at Rs1307.20
[2026-09-02 11:17:37] [CRITICAL] [STOP_BREACHED] DRREDDY: Stop breached at Rs1164.40
[2026-09-02 11:17:37] [CRITICAL] [STOP_BREACHED] SOUTHBANK: Stop breached at Rs45.59
[2026-09-02 11:17:37] [CRITICAL] [STOP_BREACHED] ANURAS: Stop breached at Rs1244.50
[2026-09-02 11:17:37] [CRITICAL] [STOP_BREACHED] LALPATHLAB: Stop breached at Rs1910.80
[2026-09-02 11:17:37] [CRITICAL] [STOP_BREACHED] SWARAJENG: Stop breached at Rs3527.50
[2026-09-02 11:17:37] [CRITICAL] [STOP_BREACHED] PATANJALI: Stop breached at Rs342.35
[2026-09-02 11:17:37] [CRITICAL] [STOP_BREACHED] SUPRAJIT: Stop breached at Rs498.05
[2026-09-02 11:17:37] [CRITICAL] [STOP_BREACHED] MAHLIFE: Stop breached at Rs354.35
[2026-09-02 11:17:37] [CRITICAL] [STOP_BREACHED] AGI: Stop breached at Rs758.85
[2026-09-02 11:17:37] [CRITICAL] [STOP_BREACHED] IOC: Stop breached at Rs135.89
[2026-09-02 11:17:37] [CRITICAL] [STOP_BREACHED] DIAMONDYD: Stop breached at Rs1153.30
[2026-09-02 11:17:37] [CRITICAL] [STOP_BREACHED] BAJAJFINSV: Stop breached at Rs1955.70
[2026-09-02 11:17:37] [CRITICAL] [STOP_BREACHED] GHCL: Stop breached at Rs434.45
[2026-09-02 11:17:37] [CRITICAL] [STOP_BREACHED] THERMAX: Stop breached at Rs3814.60
[2026-09-02 11:17:37] [CRITICAL] [STOP_BREACHED] RITES: Stop breached at Rs212.93
[2026-09-02 11:17:37] [CRITICAL] [STOP_BREACHED] SARDAEN: Stop breached at Rs492.90
[2026-09-02 11:17:37] [CRITICAL] [STOP_BREACHED] KDDL: Stop breached at Rs3864.70
[2026-09-02 11:17:37] [CRITICAL] [STOP_BREACHED] CENTRALBK: Stop breached at Rs30.28
[2026-09-02 11:17:37] [CRITICAL] [STOP_BREACHED] RAILTEL: Stop breached at Rs272.20
[2026-09-02 11:17:37] [CRITICAL] [STOP_BREACHED] FDC: Stop breached at Rs333.80
[2026-09-02 11:17:37] [CRITICAL] [STOP_BREACHED] CANBK: Stop breached at Rs125.88
[2026-09-02 11:17:37] [CRITICAL] [STOP_BREACHED] NAVA: Stop breached at Rs558.35
[2026-09-02 11:17:37] [CRITICAL] [STOP_BREACHED] NIFTYBEES: Stop breached at Rs272.20
[2026-09-02 11:17:37] [CRITICAL] [STOP_BREACHED] GLENMARK: Stop breached at Rs2423.10
[2026-09-02 11:17:37] [CRITICAL] [STOP_BREACHED] SUNTECK: Stop breached at Rs297.45
[2026-09-02 11:17:37] [CRITICAL] [STOP_BREACHED] ALLTIME: Stop breached at Rs200.00
[2026-09-02 11:17:37] [CRITICAL] [STOP_BREACHED] INDIAMART: Stop breached at Rs1739.00
[2026-09-02 11:17:37] [CRITICAL] [STOP_BREACHED] CHOICEIN: Stop breached at Rs762.50
[2026-09-02 11:17:37] [CRITICAL] [STOP_BREACHED] RBLBANK: Stop breached at Rs383.60
[2026-09-02 11:17:37] [CRITICAL] [STOP_BREACHED] APOLLOHOSP: Stop breached at Rs8663.00
[2026-09-02 11:17:37] [CRITICAL] [STOP_BREACHED] IOB: Stop breached at Rs32.46
[2026-09-02 11:17:38] [CRITICAL] [STOP_BREACHED] AWFIS: Stop breached at Rs257.15
[2026-09-02 11:17:38] [CRITICAL] [STOP_BREACHED] KEC: Stop breached at Rs410.10
[2026-09-02 11:17:38] [CRITICAL] [STOP_BREACHED] COROMANDEL: Stop breached at Rs1902.30
[2026-09-02 11:17:38] [CRITICAL] [STOP_BREACHED] CESC: Stop breached at Rs146.81
[2026-09-02 11:17:38] [CRITICAL] [STOP_BREACHED] MAHLOG: Stop breached at Rs387.45
[2026-09-02 11:17:38] [CRITICAL] [STOP_BREACHED] ENDURANCE: Stop breached at Rs2752.50
[2026-09-02 11:17:38] [CRITICAL] [STOP_BREACHED] TITAN: Stop breached at Rs4994.50
[2026-09-02 11:17:38] [CRITICAL] [STOP_BREACHED] INFOBEAN: Stop breached at Rs156.65
[2026-09-02 11:17:38] [CRITICAL] [STOP_BREACHED] TORNTPHARM: Stop breached at Rs4954.50
[2026-09-02 11:17:38] [CRITICAL] [STOP_BREACHED] TRIDENT: Stop breached at Rs23.99
[2026-09-02 11:17:38] [CRITICAL] [STOP_BREACHED] NHPC: Stop breached at Rs76.26
[2026-09-02 11:17:38] [CRITICAL] [STOP_BREACHED] INDIGO: Stop breached at Rs4928.50
[2026-09-02 11:17:38] [CRITICAL] [STOP_BREACHED] ANGELONE: Stop breached at Rs278.95
[2026-09-02 11:17:38] [CRITICAL] [STOP_BREACHED] DHANUKA: Stop breached at Rs982.55
[2026-09-02 11:17:38] [CRITICAL] [STOP_BREACHED] INDUSINDBK: Stop breached at Rs971.30
[2026-09-02 11:17:38] [CRITICAL] [STOP_BREACHED] CAMPUS: Stop breached at Rs222.00
[2026-09-02 11:17:38] [CRITICAL] [STOP_BREACHED] JKCEMENT: Stop breached at Rs5028.00
[2026-09-02 11:17:38] [CRITICAL] [STOP_BREACHED] BIOCON: Stop breached at Rs399.65
[2026-09-02 11:17:38] [CRITICAL] [STOP_BREACHED] SUPRIYA: Stop breached at Rs836.05
[2026-09-02 11:17:38] [CRITICAL] [STOP_BREACHED] TATAELXSI: Stop breached at Rs3578.00
[2026-09-02 11:17:38] [CRITICAL] [STOP_BREACHED] SYNGENE: Stop breached at Rs401.70
[2026-09-02 11:17:38] [CRITICAL] [STOP_BREACHED] SAFARI: Stop breached at Rs1511.20
[2026-09-02 11:17:38] [CRITICAL] [STOP_BREACHED] BHARTIHEXA: Stop breached at Rs1509.80
[2026-09-02 11:17:38] [CRITICAL] [STOP_BREACHED] IEX: Stop breached at Rs118.86
[2026-09-02 11:17:38] [CRITICAL] [STOP_BREACHED] WEBELSOLAR: Stop breached at Rs74.51
[2026-09-02 11:17:38] [CRITICAL] [STOP_BREACHED] ITI: Stop breached at Rs267.35
[2026-09-02 11:17:38] [CRITICAL] [STOP_BREACHED] WIPRO: Stop breached at Rs177.50
[2026-09-02 11:17:38] [CRITICAL] [STOP_BREACHED] BHARATWIRE: Stop breached at Rs175.91
[2026-09-02 11:17:38] [CRITICAL] [STOP_BREACHED] VIPIND: Stop breached at Rs303.00
[2026-09-02 11:17:38] [CRITICAL] [STOP_BREACHED] BANKINDIA: Stop breached at Rs142.14
[2026-09-02 11:17:38] [CRITICAL] [STOP_BREACHED] INDRAMEDCO: Stop breached at Rs352.00
[2026-09-02 11:17:38] [CRITICAL] [STOP_BREACHED] KIMS: Stop breached at Rs753.85
[2026-09-02 11:17:38] [CRITICAL] [STOP_BREACHED] BASF: Stop breached at Rs3827.30
[2026-09-02 11:17:38] [CRITICAL] [STOP_BREACHED] SBIN: Stop breached at Rs1029.20
[2026-09-02 11:17:39] [CRITICAL] [STOP_BREACHED] RELIANCE: Stop breached at Rs1307.50
[2026-09-02 11:17:39] [CRITICAL] [STOP_BREACHED] ICICIPRULI: Stop breached at Rs493.90
[2026-09-02 11:17:39] [CRITICAL] [STOP_BREACHED] ABB: Stop breached at Rs7316.00
[2026-09-02 11:17:39] [CRITICAL] [STOP_BREACHED] RAYMONDREL: Stop breached at Rs514.20
[2026-09-02 11:17:39] [CRITICAL] [STOP_BREACHED] CIEINDIA: Stop breached at Rs386.25
[2026-09-02 11:17:39] [CRITICAL] [STOP_BREACHED] EMCURE: Stop breached at Rs1870.00
[2026-09-02 11:17:39] [CRITICAL] [STOP_BREACHED] BAJAJHFL: Stop breached at Rs82.44
[2026-09-02 11:17:39] [CRITICAL] [STOP_BREACHED] OBEROIRLTY: Stop breached at Rs1846.00
[2026-09-02 11:17:39] [CRITICAL] [STOP_BREACHED] BAYERCROP: Stop breached at Rs3951.00
[2026-09-02 11:17:39] [CRITICAL] [STOP_BREACHED] SUNPHARMA: Stop breached at Rs1927.40
[2026-09-02 11:17:39] [CRITICAL] [STOP_BREACHED] SPARC: Stop breached at Rs202.40
[2026-09-02 11:17:39] [CRITICAL] [STOP_BREACHED] HDFCLIFE: Stop breached at Rs535.35
[2026-09-02 11:17:39] [CRITICAL] [STOP_BREACHED] WHEELS: Stop breached at Rs1530.90
[2026-09-02 11:17:39] [CRITICAL] [STOP_BREACHED] HONASA: Stop breached at Rs469.60
[2026-09-02 11:17:39] [CRITICAL] [STOP_BREACHED] NMDC: Stop breached at Rs84.71
[2026-09-02 11:17:39] [CRITICAL] [STOP_BREACHED] TIPSMUSIC: Stop breached at Rs631.50
[2026-09-02 11:17:39] [CRITICAL] [STOP_BREACHED] INDIACEM: Stop breached at Rs355.90
[2026-09-02 11:17:39] [CRITICAL] [STOP_BREACHED] IDFCFIRSTB: Stop breached at Rs84.48
[2026-09-02 11:17:39] [CRITICAL] [STOP_BREACHED] HEXT: Stop breached at Rs541.00
[2026-09-02 11:17:39] [CRITICAL] [STOP_BREACHED] JWL: Stop breached at Rs238.69
[2026-09-02 11:17:39] [CRITICAL] [STOP_BREACHED] CEIGALL: Stop breached at Rs339.25
[2026-09-02 11:17:39] [CRITICAL] [STOP_BREACHED] FIRSTCRY: Stop breached at Rs170.95
[2026-09-02 11:17:39] [CRITICAL] [STOP_BREACHED] APOLLOTYRE: Stop breached at Rs434.85
[2026-09-02 11:17:39] [CRITICAL] [STOP_BREACHED] SRF: Stop breached at Rs2578.20
[2026-09-02 11:17:39] [CRITICAL] [STOP_BREACHED] KRISHNADEF: Stop breached at Rs1002.40
[2026-09-02 11:17:40] [CRITICAL] [STOP_BREACHED] BATAINDIA: Stop breached at Rs672.45
[2026-09-02 11:17:40] [CRITICAL] [STOP_BREACHED] RAYMONDLSL: Stop breached at Rs654.30
[2026-09-02 11:17:40] [CRITICAL] [STOP_BREACHED] DLF: Stop breached at Rs659.85
[2026-09-02 11:17:40] [CRITICAL] [STOP_BREACHED] BANDHANBNK: Stop breached at Rs160.64
[2026-09-02 11:17:40] [CRITICAL] [STOP_BREACHED] GRANULES: Stop breached at Rs816.60
[2026-09-02 11:17:40] [CRITICAL] [STOP_BREACHED] PIDILITIND: Stop breached at Rs1628.30
[2026-09-02 11:17:40] [CRITICAL] [STOP_BREACHED] UCOBANK: Stop breached at Rs24.53
[2026-09-02 11:17:40] [CRITICAL] [STOP_BREACHED] HOMEFIRST: Stop breached at Rs1185.00
[2026-09-02 11:17:40] [CRITICAL] [STOP_BREACHED] JSL: Stop breached at Rs720.50
[2026-09-02 11:17:40] [CRITICAL] [STOP_BREACHED] GULFOILLUB: Stop breached at Rs1121.80
[2026-09-02 11:17:40] [CRITICAL] [STOP_BREACHED] GREAVESCOT: Stop breached at Rs193.25
[2026-09-02 11:17:40] [CRITICAL] [STOP_BREACHED] INFY: Stop breached at Rs1138.10
[2026-09-02 11:17:40] [CRITICAL] [STOP_BREACHED] ARVINDFASN: Stop breached at Rs454.50
[2026-09-02 11:17:40] [CRITICAL] [STOP_BREACHED] LTTS: Stop breached at Rs3516.00
[2026-09-02 11:17:40] [CRITICAL] [STOP_BREACHED] JSWCEMENT: Stop breached at Rs123.60
[2026-09-02 11:17:40] [CRITICAL] [STOP_BREACHED] AXISBANK: Stop breached at Rs1257.90
[2026-09-02 11:17:40] [CRITICAL] [STOP_BREACHED] HAL: Stop breached at Rs4712.10
[2026-09-02 11:17:40] [CRITICAL] [STOP_BREACHED] JUBLFOOD: Stop breached at Rs479.00
[2026-09-02 11:17:40] [CRITICAL] [STOP_BREACHED] INDIANB: Stop breached at Rs873.05
[2026-09-02 11:17:40] [CRITICAL] [STOP_BREACHED] KAYNES: Stop breached at Rs3531.70
[2026-09-02 11:17:40] [CRITICAL] [STOP_BREACHED] TATACONSUM: Stop breached at Rs1015.00
[2026-09-02 11:17:40] [CRITICAL] [STOP_BREACHED] ASIANPAINT: Stop breached at Rs2518.50
[2026-09-02 11:17:40] [CRITICAL] [STOP_BREACHED] CARRARO: Stop breached at Rs542.15
[2026-09-02 11:17:40] [CRITICAL] [STOP_BREACHED] KPITTECH: Stop breached at Rs584.15
[2026-09-02 11:17:40] [CRITICAL] [STOP_BREACHED] CCL: Stop breached at Rs1100.20
[2026-09-02 11:17:40] [CRITICAL] [STOP_BREACHED] CHOLAHLDNG: Stop breached at Rs1438.20
[2026-09-02 11:17:41] [CRITICAL] [STOP_BREACHED] JKTYRE: Stop breached at Rs368.60
[2026-09-02 11:17:41] [CRITICAL] [STOP_BREACHED] UBL: Stop breached at Rs1287.90
[2026-09-02 11:17:41] [CRITICAL] [STOP_BREACHED] HINDUNILVR: Stop breached at Rs1965.90
[2026-09-02 11:17:41] [CRITICAL] [STOP_BREACHED] CDSL: Stop breached at Rs1362.00
[2026-09-02 11:17:41] [CRITICAL] [STOP_BREACHED] HEIDELBERG: Stop breached at Rs157.20
[2026-09-02 11:17:41] [CRITICAL] [STOP_BREACHED] ITCHOTELS: Stop breached at Rs158.28
[2026-09-02 11:17:41] [CRITICAL] [STOP_BREACHED] LT: Stop breached at Rs3969.90
[2026-09-02 11:17:41] [CRITICAL] [STOP_BREACHED] SIS: Stop breached at Rs428.95
[2026-09-02 11:17:41] [CRITICAL] [STOP_BREACHED] TATAINVEST: Stop breached at Rs628.45
[2026-09-02 11:17:41] [CRITICAL] [STOP_BREACHED] BLUEDART: Stop breached at Rs5012.50
[2026-09-02 11:17:41] [CRITICAL] [STOP_BREACHED] AGARWALEYE: Stop breached at Rs517.65
[2026-09-02 11:17:41] [CRITICAL] [STOP_BREACHED] MIDHANI: Stop breached at Rs413.50
[2026-09-02 11:17:41] [CRITICAL] [STOP_BREACHED] GARUDA: Stop breached at Rs175.00
[2026-09-02 11:17:41] [CRITICAL] [STOP_BREACHED] AARTIDRUGS: Stop breached at Rs418.85
[2026-09-02 11:17:41] [CRITICAL] [STOP_BREACHED] BEL: Stop breached at Rs404.15
[2026-09-02 11:17:41] [CRITICAL] [STOP_BREACHED] NESTLEIND: Stop breached at Rs1415.70
[2026-09-02 11:17:41] [CRITICAL] [STOP_BREACHED] PRESTIGE: Stop breached at Rs1536.60
[2026-09-02 11:17:41] [CRITICAL] [STOP_BREACHED] ORCHPHARMA: Stop breached at Rs945.20
[2026-09-02 11:17:41] [CRITICAL] [STOP_BREACHED] GOKULAGRO: Stop breached at Rs233.39
[2026-09-02 11:17:41] [CRITICAL] [STOP_BREACHED] AZAD: Stop breached at Rs2756.00
[2026-09-02 11:17:41] [CRITICAL] [STOP_BREACHED] SJS: Stop breached at Rs2393.90
[2026-09-02 11:17:41] [CRITICAL] [STOP_BREACHED] M&M: Stop breached at Rs3162.80
[2026-09-02 11:17:41] [CRITICAL] [STOP_BREACHED] DDEVPLSTIK: Stop breached at Rs274.80
[2026-09-02 11:17:41] [CRITICAL] [STOP_BREACHED] UNIONBANK: Stop breached at Rs184.65
[2026-09-02 11:17:41] [CRITICAL] [STOP_BREACHED] KANSAINER: Stop breached at Rs191.88
[2026-09-02 11:17:41] [CRITICAL] [STOP_BREACHED] NYKAA: Stop breached at Rs332.75
[2026-09-02 11:17:41] [CRITICAL] [STOP_BREACHED] SAIL: Stop breached at Rs193.36
[2026-09-02 11:17:42] [CRITICAL] [STOP_BREACHED] HBLENGINE: Stop breached at Rs649.95
[2026-09-02 11:17:42] [CRITICAL] [STOP_BREACHED] ERIS: Stop breached at Rs1268.70
[2026-09-02 11:17:42] [CRITICAL] [STOP_BREACHED] JMFINANCIL: Stop breached at Rs127.50
[2026-09-02 11:17:42] [CRITICAL] [STOP_BREACHED] EICHERMOT: Stop breached at Rs7612.50
[2026-09-02 11:17:42] [CRITICAL] [STOP_BREACHED] BORORENEW: Stop breached at Rs494.95
[2026-09-02 11:17:42] [CRITICAL] [STOP_BREACHED] LTF: Stop breached at Rs303.75
[2026-09-02 11:17:42] [CRITICAL] [STOP_BREACHED] SGFIN: Stop breached at Rs670.00
[2026-09-02 11:17:42] [CRITICAL] [STOP_BREACHED] MSUMI: Stop breached at Rs36.57
[2026-09-02 11:17:42] [CRITICAL] [STOP_BREACHED] NFL: Stop breached at Rs69.75
[2026-09-02 11:17:42] [CRITICAL] [STOP_BREACHED] YESBANK: Stop breached at Rs21.88
[2026-09-02 11:17:42] [CRITICAL] [STOP_BREACHED] MINDACORP: Stop breached at Rs696.00
[2026-09-02 11:17:42] [CRITICAL] [STOP_BREACHED] FLUOROCHEM: Stop breached at Rs4716.10
[2026-09-02 11:17:42] [CRITICAL] [STOP_BREACHED] CEATLTD: Stop breached at Rs3351.30
[2026-09-02 11:17:42] [CRITICAL] [STOP_BREACHED] INDIGOPNTS: Stop breached at Rs1143.40
[2026-09-02 11:17:42] [CRITICAL] [STOP_BREACHED] AFFLE: Stop breached at Rs1516.00
[2026-09-02 11:17:42] [CRITICAL] [STOP_BREACHED] ACC: Stop breached at Rs1266.80
[2026-09-02 11:17:42] [CRITICAL] [STOP_BREACHED] IKS: Stop breached at Rs1732.10
[2026-09-02 11:17:42] [CRITICAL] [STOP_BREACHED] GODIGIT: Stop breached at Rs260.00
[2026-09-02 11:17:42] [CRITICAL] [STOP_BREACHED] HINDALCO: Stop breached at Rs1006.60
[2026-09-02 11:17:42] [CRITICAL] [STOP_BREACHED] KIOCL: Stop breached at Rs380.20
[2026-09-02 11:17:42] [CRITICAL] [STOP_BREACHED] TATASTEEL: Stop breached at Rs183.45
[2026-09-02 11:17:42] [CRITICAL] [STOP_BREACHED] MUFIN: Stop breached at Rs133.64
[2026-09-02 11:17:42] [CRITICAL] [STOP_BREACHED] NIITLTD: Stop breached at Rs97.83
[2026-09-02 11:17:42] [CRITICAL] [STOP_BREACHED] MRPL: Stop breached at Rs170.41
[2026-09-02 11:17:42] [CRITICAL] [STOP_BREACHED] CELLO: Stop breached at Rs343.90
[2026-09-02 11:17:42] [CRITICAL] [STOP_BREACHED] RPOWER: Stop breached at Rs21.98
[2026-09-02 11:17:42] [CRITICAL] [STOP_BREACHED] SUMICHEM: Stop breached at Rs504.90
[2026-09-02 11:17:42] [CRITICAL] [STOP_BREACHED] IFBIND: Stop breached at Rs1299.60
[2026-09-02 11:17:42] [CRITICAL] [STOP_BREACHED] TEJASNET: Stop breached at Rs544.35
[2026-09-02 11:17:42] [CRITICAL] [STOP_BREACHED] TMB: Stop breached at Rs897.10
[2026-09-02 11:17:42] [CRITICAL] [STOP_BREACHED] STARHEALTH: Stop breached at Rs556.40
[2026-09-02 11:17:42] [CRITICAL] [STOP_BREACHED] SHAREINDIA: Stop breached at Rs168.84
[2026-09-02 11:17:42] [CRITICAL] [STOP_BREACHED] PGEL: Stop breached at Rs559.45
[2026-09-02 11:17:42] [CRITICAL] [STOP_BREACHED] ASHOKLEY: Stop breached at Rs166.40
[2026-09-02 11:17:43] [CRITICAL] [STOP_BREACHED] SANDUMA: Stop breached at Rs197.61
[2026-09-02 11:17:43] [CRITICAL] [STOP_BREACHED] ARE&M: Stop breached at Rs869.00
[2026-09-02 11:17:43] [CRITICAL] [STOP_BREACHED] KROSS: Stop breached at Rs205.49
[2026-09-02 11:17:43] [CRITICAL] [STOP_BREACHED] NESCO: Stop breached at Rs1040.60
[2026-09-02 11:17:43] [CRITICAL] [STOP_BREACHED] GODREJPROP: Stop breached at Rs1914.00
[2026-09-02 11:17:43] [CRITICAL] [STOP_BREACHED] APOLLO: Stop breached at Rs382.35
[2026-09-02 11:17:43] [CRITICAL] [STOP_BREACHED] BHEL: Stop breached at Rs424.30
[2026-09-02 11:17:43] [CRITICAL] [STOP_BREACHED] PGHH: Stop breached at Rs7807.00
[2026-09-02 11:17:43] [CRITICAL] [STOP_BREACHED] ONGC: Stop breached at Rs236.43
[2026-09-02 11:17:43] [CRITICAL] [STOP_BREACHED] EQUITASBNK: Stop breached at Rs73.30
[2026-09-02 11:17:43] [CRITICAL] [STOP_BREACHED] WAAREERTL: Stop breached at Rs851.80
[2026-09-02 11:17:43] [CRITICAL] [STOP_BREACHED] SKFINDIA: Stop breached at Rs1522.40
[2026-09-02 11:17:43] [CRITICAL] [STOP_BREACHED] ARVSMART: Stop breached at Rs647.50
[2026-09-02 11:17:43] [CRITICAL] [STOP_BREACHED] PHOENIXLTD: Stop breached at Rs1885.10
[2026-09-02 11:17:43] [CRITICAL] [STOP_BREACHED] HAVELLS: Stop breached at Rs1195.30
[2026-09-02 11:17:43] [CRITICAL] [STOP_BREACHED] RAJRATAN: Stop breached at Rs489.05
[2026-09-02 11:17:43] [CRITICAL] [STOP_BREACHED] RHIM: Stop breached at Rs366.20
[2026-09-02 11:17:43] [CRITICAL] [STOP_BREACHED] BAJFINANCE: Stop breached at Rs1037.60
[2026-09-02 11:17:43] [CRITICAL] [STOP_BREACHED] GILLETTE: Stop breached at Rs7452.50
[2026-09-02 11:17:43] [CRITICAL] [STOP_BREACHED] GMDCLTD: Stop breached at Rs557.30
[2026-09-02 11:17:43] [CRITICAL] [STOP_BREACHED] KSCL: Stop breached at Rs746.35
[2026-09-02 11:17:43] [CRITICAL] [STOP_BREACHED] SJVN: Stop breached at Rs64.27
[2026-09-02 11:17:43] [CRITICAL] [STOP_BREACHED] SIGNATURE: Stop breached at Rs764.10
[2026-09-02 11:17:43] [CRITICAL] [STOP_BREACHED] AURIONPRO: Stop breached at Rs691.15
[2026-09-02 11:17:43] [CRITICAL] [STOP_BREACHED] CLSEL: Stop breached at Rs301.55
[2026-09-02 11:17:43] [CRITICAL] [STOP_BREACHED] UPL: Stop breached at Rs563.05
[2026-09-02 11:17:43] [CRITICAL] [STOP_BREACHED] FEDERALBNK: Stop breached at Rs347.25
[2026-09-02 11:17:43] [CRITICAL] [STOP_BREACHED] SANOFI: Stop breached at Rs3178.20
[2026-09-02 11:17:43] [CRITICAL] [STOP_BREACHED] MARICO: Stop breached at Rs828.80
[2026-09-02 11:17:43] [CRITICAL] [STOP_BREACHED] BALMLAWRIE: Stop breached at Rs176.07
[2026-09-02 11:17:43] [CRITICAL] [STOP_BREACHED] ABFRL: Stop breached at Rs50.80
[2026-09-02 11:17:43] [CRITICAL] [STOP_BREACHED] ANANTRAJ: Stop breached at Rs576.35
[2026-09-02 11:17:43] [CRITICAL] [STOP_BREACHED] INTELLECT: Stop breached at Rs679.35
[2026-09-02 11:17:43] [CRITICAL] [STOP_BREACHED] FEDFINA: Stop breached at Rs157.14
[2026-09-02 11:17:44] [CRITICAL] [STOP_BREACHED] ARFIN: Stop breached at Rs86.22
[2026-09-02 11:17:44] [CRITICAL] [STOP_BREACHED] KNRCON: Stop breached at Rs116.60
[2026-09-02 11:17:44] [CRITICAL] [STOP_BREACHED] SFL: Stop breached at Rs639.30
[2026-09-02 11:17:44] [CRITICAL] [STOP_BREACHED] NIITMTS: Stop breached at Rs225.05
[2026-09-02 11:17:44] [CRITICAL] [STOP_BREACHED] VSTTILLERS: Stop breached at Rs4191.50
[2026-09-02 11:17:44] [CRITICAL] [STOP_BREACHED] 360ONE: Stop breached at Rs1148.30
[2026-09-02 11:17:44] [CRITICAL] [STOP_BREACHED] GSFC: Stop breached at Rs159.82
[2026-09-02 11:17:44] [CRITICAL] [STOP_BREACHED] FISCHER: Stop breached at Rs37.07
[2026-09-02 11:17:44] [CRITICAL] [STOP_BREACHED] PCBL: Stop breached at Rs312.60
[2026-09-02 11:17:44] [CRITICAL] [STOP_BREACHED] ONESOURCE: Stop breached at Rs1521.30
[2026-09-02 11:17:44] [CRITICAL] [STOP_BREACHED] ROTO: Stop breached at Rs64.35
[2026-09-02 11:17:44] [CRITICAL] [STOP_BREACHED] MANKIND: Stop breached at Rs2368.00
[2026-09-02 11:17:44] [CRITICAL] [STOP_BREACHED] GOCOLORS: Stop breached at Rs322.95
[2026-09-02 11:17:44] [CRITICAL] [STOP_BREACHED] BANCOINDIA: Stop breached at Rs613.00
[2026-09-02 11:17:44] [CRITICAL] [STOP_BREACHED] ALKEM: Stop breached at Rs5241.00
[2026-09-02 11:17:44] [CRITICAL] [STOP_BREACHED] BANKBARODA: Stop breached at Rs239.17
[2026-09-02 11:17:44] [CRITICAL] [STOP_BREACHED] MUTHOOTMF: Stop breached at Rs201.99
[2026-09-02 11:17:44] [CRITICAL] [STOP_BREACHED] POLYPLEX: Stop breached at Rs1175.40
[2026-09-02 11:17:44] [CRITICAL] [STOP_BREACHED] IRCTC: Stop breached at Rs472.50
[2026-09-02 11:17:44] [CRITICAL] [STOP_BREACHED] KPIL: Stop breached at Rs1398.90
[2026-09-02 11:17:44] [CRITICAL] [STOP_BREACHED] BLUEJET: Stop breached at Rs577.50
[2026-09-02 11:17:44] [CRITICAL] [STOP_BREACHED] MGL: Stop breached at Rs1076.10
[2026-09-02 11:17:44] [CRITICAL] [STOP_BREACHED] KALYANKJIL: Stop breached at Rs557.15
[2026-09-02 11:17:44] [CRITICAL] [STOP_BREACHED] BHARATFORG: Stop breached at Rs2015.10
[2026-09-02 11:17:44] [CRITICAL] [STOP_BREACHED] CAMLINFINE: Stop breached at Rs101.69
[2026-09-02 11:17:44] [CRITICAL] [STOP_BREACHED] SPLPETRO: Stop breached at Rs717.35
[2026-09-02 11:17:44] [CRITICAL] [STOP_BREACHED] KFINTECH: Stop breached at Rs926.95
[2026-09-02 11:17:44] [CRITICAL] [STOP_BREACHED] FINPIPE: Stop breached at Rs152.75
[2026-09-02 11:17:44] [CRITICAL] [STOP_BREACHED] NTPC: Stop breached at Rs327.35
[2026-09-02 11:17:44] [CRITICAL] [STOP_BREACHED] ZENSARTECH: Stop breached at Rs462.35
[2026-09-02 11:17:44] [CRITICAL] [STOP_BREACHED] DBL: Stop breached at Rs393.65
[2026-09-02 11:17:45] [CRITICAL] [STOP_BREACHED] AVANTIFEED: Stop breached at Rs812.10
[2026-09-02 11:17:45] [CRITICAL] [STOP_BREACHED] LODHA: Stop breached at Rs1176.00
[2026-09-02 11:17:45] [CRITICAL] [STOP_BREACHED] AWL: Stop breached at Rs191.70
[2026-09-02 11:17:45] [CRITICAL] [STOP_BREACHED] JSWENERGY: Stop breached at Rs532.70
[2026-09-02 11:17:45] [CRITICAL] [STOP_BREACHED] GODFRYPHLP: Stop breached at Rs2034.00
[2026-09-02 11:17:45] [CRITICAL] [STOP_BREACHED] CGPOWER: Stop breached at Rs871.95
[2026-09-02 11:17:45] [CRITICAL] [STOP_BREACHED] TECHNOE: Stop breached at Rs967.85
[2026-09-02 11:17:45] [CRITICAL] [STOP_BREACHED] CEMPRO: Stop breached at Rs1215.50
[2026-09-02 11:17:45] [CRITICAL] [STOP_BREACHED] MFSL: Stop breached at Rs1511.60
[2026-09-02 11:17:45] [CRITICAL] [STOP_BREACHED] TRENT: Stop breached at Rs2819.00
[2026-09-02 11:17:45] [CRITICAL] [STOP_BREACHED] HDFCBANK: Stop breached at Rs701.70
[2026-09-02 11:17:45] [CRITICAL] [STOP_BREACHED] HEROMOTOCO: Stop breached at Rs5212.00
[2026-09-02 11:17:45] [CRITICAL] [STOP_BREACHED] SUZLON: Stop breached at Rs45.65
[2026-09-02 11:17:45] [CRITICAL] [STOP_BREACHED] NEWGEN: Stop breached at Rs518.80
[2026-09-02 11:17:45] [CRITICAL] [STOP_BREACHED] APTUS: Stop breached at Rs250.90
[2026-09-02 11:17:45] [CRITICAL] [STOP_BREACHED] ABCAPITAL: Stop breached at Rs390.35
[2026-09-02 11:17:45] [CRITICAL] [STOP_BREACHED] PRIVISCL: Stop breached at Rs3327.70
[2026-09-02 11:17:45] [CRITICAL] [STOP_BREACHED] MOTHERSON: Stop breached at Rs160.83
[2026-09-02 11:17:45] [CRITICAL] [STOP_BREACHED] JSWINFRA: Stop breached at Rs333.50
[2026-09-02 11:17:45] [CRITICAL] [STOP_BREACHED] SANSERA: Stop breached at Rs3813.40
[2026-09-02 11:17:45] [CRITICAL] [STOP_BREACHED] IGL: Stop breached at Rs148.94
[2026-09-02 11:17:45] [CRITICAL] [STOP_BREACHED] TARC: Stop breached at Rs118.96
[2026-09-02 11:17:46] [CRITICAL] [STOP_BREACHED] ATGL: Stop breached at Rs619.25
[2026-09-02 11:17:46] [CRITICAL] [STOP_BREACHED] ZYDUSWELL: Stop breached at Rs527.00
[2026-09-02 11:17:46] [CRITICAL] [STOP_BREACHED] COCHINSHIP: Stop breached at Rs1457.00
[2026-09-02 11:17:46] [CRITICAL] [STOP_BREACHED] BSOFT: Stop breached at Rs294.05
[2026-09-02 11:17:46] [CRITICAL] [STOP_BREACHED] TECHM: Stop breached at Rs1614.00
[2026-09-02 11:17:46] [CRITICAL] [STOP_BREACHED] JASH: Stop breached at Rs462.95
[2026-09-02 11:17:46] [CRITICAL] [STOP_BREACHED] AARTIIND: Stop breached at Rs511.50
[2026-09-02 11:17:46] [CRITICAL] [STOP_BREACHED] ORIENTCEM: Stop breached at Rs127.43
[2026-09-02 11:17:46] [CRITICAL] [STOP_BREACHED] BERGEPAINT: Stop breached at Rs486.55
[2026-09-02 11:17:46] [CRITICAL] [STOP_BREACHED] JBMA: Stop breached at Rs614.50
[2026-09-02 11:17:46] [CRITICAL] [STOP_BREACHED] CENTUM: Stop breached at Rs3554.70
[2026-09-02 11:17:46] [CRITICAL] [STOP_BREACHED] GLOBUSSPR: Stop breached at Rs899.00
[2026-09-02 11:17:46] [CRITICAL] [STOP_BREACHED] POONAWALLA: Stop breached at Rs452.85
[2026-09-02 11:17:46] [CRITICAL] [STOP_BREACHED] ADANIPOWER: Stop breached at Rs205.51
[2026-09-02 11:17:46] [CRITICAL] [STOP_BREACHED] AVANTEL: Stop breached at Rs156.48
[2026-09-02 11:17:46] [CRITICAL] [STOP_BREACHED] ADANIENT: Stop breached at Rs2873.50
[2026-09-02 11:17:46] [CRITICAL] [STOP_BREACHED] AGARIND: Stop breached at Rs436.30
[2026-09-02 11:17:46] [CRITICAL] [STOP_BREACHED] MOBIKWIK: Stop breached at Rs186.24
[2026-09-02 11:17:46] [CRITICAL] [STOP_BREACHED] AMBUJACEM: Stop breached at Rs399.20
[2026-09-02 11:17:46] [CRITICAL] [STOP_BREACHED] FIVESTAR: Stop breached at Rs527.65
[2026-09-02 11:17:46] [CRITICAL] [STOP_BREACHED] TIMKEN: Stop breached at Rs3125.60
[2026-09-02 11:17:46] [CRITICAL] [STOP_BREACHED] SONACOMS: Stop breached at Rs778.70
[2026-09-02 11:17:46] [CRITICAL] [STOP_BREACHED] EXIDEIND: Stop breached at Rs431.10
[2026-09-02 11:17:46] [CRITICAL] [STOP_BREACHED] GALLANTT: Stop breached at Rs556.30
[2026-09-02 11:17:46] [CRITICAL] [STOP_BREACHED] BRITANNIA: Stop breached at Rs5056.00
[2026-09-02 11:17:46] [CRITICAL] [STOP_BREACHED] UNITDSPR: Stop breached at Rs1448.40
[2026-09-02 11:17:46] [CRITICAL] [STOP_BREACHED] USHAMART: Stop breached at Rs502.15
[2026-09-02 11:17:46] [CRITICAL] [STOP_BREACHED] GRINDWELL: Stop breached at Rs1963.30
[2026-09-02 11:17:46] [CRITICAL] [STOP_BREACHED] CARYSIL: Stop breached at Rs1112.50
[2026-09-02 11:17:46] [CRITICAL] [STOP_BREACHED] IRFC: Stop breached at Rs81.97
[2026-09-02 11:17:47] [CRITICAL] [STOP_BREACHED] DMART: Stop breached at Rs3789.10
[2026-09-02 11:17:47] [CRITICAL] [STOP_BREACHED] SOBHA: Stop breached at Rs1224.00
[2026-09-02 11:17:47] [CRITICAL] [STOP_BREACHED] FUSION: Stop breached at Rs192.22
[2026-09-02 11:17:47] [CRITICAL] [STOP_BREACHED] CANFINHOME: Stop breached at Rs789.50
[2026-09-02 11:17:47] [CRITICAL] [STOP_BREACHED] JYOTHYLAB: Stop breached at Rs202.90
[2026-09-02 11:17:47] [CRITICAL] [STOP_BREACHED] MAYURUNIQ: Stop breached at Rs725.50
[2026-09-02 11:17:47] [CRITICAL] [STOP_BREACHED] SAKSOFT: Stop breached at Rs149.98
[2026-09-02 11:17:47] [CRITICAL] [STOP_BREACHED] TEXRAIL: Stop breached at Rs112.74
[2026-09-02 11:17:47] [CRITICAL] [STOP_BREACHED] JKLAKSHMI: Stop breached at Rs514.50
[2026-09-02 11:17:47] [CRITICAL] [STOP_BREACHED] INDUSTOWER: Stop breached at Rs374.80
[2026-09-02 11:17:47] [CRITICAL] [STOP_BREACHED] NRBBEARING: Stop breached at Rs453.60
[2026-09-02 11:17:47] [CRITICAL] [STOP_BREACHED] LLOYDSENGG: Stop breached at Rs82.88
[2026-09-02 11:17:47] [CRITICAL] [STOP_BREACHED] BLUESTONE: Stop breached at Rs795.55
[2026-09-02 11:17:47] [CRITICAL] [STOP_BREACHED] CHOLAFIN: Stop breached at Rs1785.50
[2026-09-02 11:17:47] [CRITICAL] [STOP_BREACHED] PSPPROJECT: Stop breached at Rs871.95
[2026-09-02 11:17:47] [CRITICAL] [STOP_BREACHED] JIOFIN: Stop breached at Rs236.23
[2026-09-02 11:17:47] [CRITICAL] [STOP_BREACHED] GOKEX: Stop breached at Rs774.00
[2026-09-02 11:17:47] [CRITICAL] [STOP_BREACHED] RAMCOCEM: Stop breached at Rs860.00
[2026-09-02 11:17:47] [CRITICAL] [STOP_BREACHED] AJANTPHARM: Stop breached at Rs3437.40
[2026-09-02 11:17:47] [CRITICAL] [STOP_BREACHED] SBILIFE: Stop breached at Rs1724.80
[2026-09-02 11:17:47] [CRITICAL] [STOP_BREACHED] AEGISVOPAK: Stop breached at Rs276.45
[2026-09-02 11:17:47] [CRITICAL] [STOP_BREACHED] RELAXO: Stop breached at Rs346.45
[2026-09-02 11:17:47] [CRITICAL] [STOP_BREACHED] ARMANFIN: Stop breached at Rs1948.20
[2026-09-02 11:17:47] [CRITICAL] [STOP_BREACHED] POWERGRID: Stop breached at Rs266.00
[2026-09-02 11:17:47] [CRITICAL] [STOP_BREACHED] DELTACORP: Stop breached at Rs56.85
[2026-09-02 11:17:47] [CRITICAL] [STOP_BREACHED] IIFL: Stop breached at Rs639.60
[2026-09-02 11:17:47] [CRITICAL] [STOP_BREACHED] TITAGARH: Stop breached at Rs825.40
[2026-09-02 11:17:47] [CRITICAL] [STOP_BREACHED] THYROCARE: Stop breached at Rs576.70
[2026-09-02 11:17:47] [CRITICAL] [STOP_BREACHED] HUHTAMAKI: Stop breached at Rs259.70
[2026-09-02 11:17:47] [CRITICAL] [STOP_BREACHED] ITDC: Stop breached at Rs633.35
[2026-09-02 11:17:47] [CRITICAL] [STOP_BREACHED] DATAMATICS: Stop breached at Rs763.80
[2026-09-02 11:17:47] [CRITICAL] [STOP_BREACHED] TCS: Stop breached at Rs2335.80
[2026-09-02 11:17:47] [CRITICAL] [STOP_BREACHED] LLOYDSENT: Stop breached at Rs70.32
[2026-09-02 11:17:47] [CRITICAL] [STOP_BREACHED] JAYNECOIND: Stop breached at Rs97.02
[2026-09-02 11:17:47] [CRITICAL] [STOP_BREACHED] LEMONTREE: Stop breached at Rs105.51
[2026-09-02 11:17:48] [CRITICAL] [STOP_BREACHED] IDBI: Stop breached at Rs91.93
[2026-09-02 11:17:48] [CRITICAL] [STOP_BREACHED] HGINFRA: Stop breached at Rs471.60
[2026-09-02 11:17:48] [CRITICAL] [STOP_BREACHED] GRASIM: Stop breached at Rs3249.80
[2026-09-02 11:17:48] [CRITICAL] [STOP_BREACHED] GNA: Stop breached at Rs531.30
[2026-09-02 11:17:48] [CRITICAL] [STOP_BREACHED] SMSPHARMA: Stop breached at Rs367.55
[2026-09-02 11:17:48] [CRITICAL] [STOP_BREACHED] SUNDARMFIN: Stop breached at Rs4542.40
[2026-09-02 11:17:48] [CRITICAL] [STOP_BREACHED] BHAGCHEM: Stop breached at Rs267.05
[2026-09-02 11:17:48] [CRITICAL] [STOP_BREACHED] NATIONALUM: Stop breached at Rs370.75
[2026-09-02 11:17:48] [CRITICAL] [STOP_BREACHED] NUVOCO: Stop breached at Rs322.25
[2026-09-02 11:17:48] [CRITICAL] [STOP_BREACHED] HIRECT: Stop breached at Rs1222.00
[2026-09-02 11:17:48] [CRITICAL] [STOP_BREACHED] PANACEABIO: Stop breached at Rs372.65
[2026-09-02 11:17:48] [CRITICAL] [STOP_BREACHED] CRIZAC: Stop breached at Rs167.00
[2026-09-02 11:17:48] [CRITICAL] [STOP_BREACHED] PATELENG: Stop breached at Rs27.30
[2026-09-02 11:17:48] [CRITICAL] [STOP_BREACHED] UJJIVANSFB: Stop breached at Rs62.62
[2026-09-02 11:17:48] [CRITICAL] [STOP_BREACHED] BIKAJI: Stop breached at Rs590.20
[2026-09-02 11:17:48] [CRITICAL] [STOP_BREACHED] SUNTV: Stop breached at Rs458.65
[2026-09-02 11:17:48] [CRITICAL] [STOP_BREACHED] JSWSTEEL: Stop breached at Rs1304.40
[2026-09-02 11:17:48] [CRITICAL] [STOP_BREACHED] GLAND: Stop breached at Rs2855.00
[2026-09-02 11:17:48] [CRITICAL] [STOP_BREACHED] TRITURBINE: Stop breached at Rs566.40
[2026-09-02 11:17:48] [CRITICAL] [STOP_BREACHED] HINDPETRO: Stop breached at Rs356.80
[2026-09-02 11:17:48] [CRITICAL] [STOP_BREACHED] MANAPPURAM: Stop breached at Rs331.85
[2026-09-02 11:17:48] [CRITICAL] [STOP_BREACHED] BHARATSE: Stop breached at Rs212.44
[2026-09-02 11:17:48] [CRITICAL] [STOP_BREACHED] SHRIRAMFIN: Stop breached at Rs1030.50
[2026-09-02 11:17:48] [CRITICAL] [STOP_BREACHED] WESTLIFE: Stop breached at Rs545.15
[2026-09-02 11:17:48] [CRITICAL] [STOP_BREACHED] RALLIS: Stop breached at Rs206.68
[2026-09-02 11:17:48] [CRITICAL] [STOP_BREACHED] TANLA: Stop breached at Rs527.30
[2026-09-02 11:17:48] [CRITICAL] [STOP_BREACHED] EFCIL: Stop breached at Rs199.24
[2026-09-02 11:17:48] [CRITICAL] [STOP_BREACHED] VOLTAS: Stop breached at Rs1167.60
[2026-09-02 11:17:48] [CRITICAL] [STOP_BREACHED] MOLDTKPAC: Stop breached at Rs694.25
[2026-09-02 11:17:48] [CRITICAL] [STOP_BREACHED] SWIGGY: Stop breached at Rs266.00
[2026-09-02 11:17:48] [CRITICAL] [STOP_BREACHED] COALINDIA: Stop breached at Rs420.50
[2026-09-02 11:17:49] [CRITICAL] [STOP_BREACHED] TATACHEM: Stop breached at Rs631.20
[2026-09-02 11:17:49] [CRITICAL] [STOP_BREACHED] ACE: Stop breached at Rs1083.30
[2026-09-02 11:17:49] [CRITICAL] [STOP_BREACHED] RADICO: Stop breached at Rs4408.50
[2026-09-02 11:17:49] [CRITICAL] [STOP_BREACHED] IMFA: Stop breached at Rs1297.00
[2026-09-02 11:17:49] [CRITICAL] [STOP_BREACHED] DABUR: Stop breached at Rs379.40
[2026-09-02 11:17:49] [CRITICAL] [STOP_BREACHED] LXCHEM: Stop breached at Rs162.02
[2026-09-02 11:17:49] [CRITICAL] [STOP_BREACHED] STAR: Stop breached at Rs1021.00
[2026-09-02 11:17:49] [CRITICAL] [STOP_BREACHED] BHARTIARTL: Stop breached at Rs1863.90
[2026-09-02 11:17:49] [CRITICAL] [STOP_BREACHED] JUBLINGREA: Stop breached at Rs685.80
[2026-09-02 11:17:49] [CRITICAL] [STOP_BREACHED] PNGJL: Stop breached at Rs567.10
[2026-09-02 11:17:49] [CRITICAL] [STOP_BREACHED] APEX: Stop breached at Rs365.50
[2026-09-02 11:17:49] [CRITICAL] [STOP_BREACHED] PRINCEPIPE: Stop breached at Rs287.05
[2026-09-02 11:17:49] [CRITICAL] [STOP_BREACHED] DCXINDIA: Stop breached at Rs170.80
[2026-09-02 11:17:49] [CRITICAL] [STOP_BREACHED] AADHARHFC: Stop breached at Rs472.80
[2026-09-02 11:17:49] [CRITICAL] [STOP_BREACHED] PERSISTENT: Stop breached at Rs5659.00
[2026-09-02 11:17:49] [CRITICAL] [STOP_BREACHED] CAMS: Stop breached at Rs736.40
[2026-09-02 11:17:49] [CRITICAL] [STOP_BREACHED] PAISALO: Stop breached at Rs66.90
[2026-09-02 11:17:49] [CRITICAL] [STOP_BREACHED] ACUTAAS: Stop breached at Rs3164.00
[2026-09-02 11:17:49] [CRITICAL] [STOP_BREACHED] LATENTVIEW: Stop breached at Rs271.50
[2026-09-02 11:17:49] [CRITICAL] [STOP_BREACHED] SCI: Stop breached at Rs294.15
[2026-09-02 11:17:49] [CRITICAL] [STOP_BREACHED] TATAPOWER: Stop breached at Rs359.20
[2026-09-02 11:17:49] [CRITICAL] [STOP_BREACHED] TATACOMM: Stop breached at Rs1698.00
[2026-09-02 11:17:49] [CRITICAL] [STOP_BREACHED] ABREL: Stop breached at Rs1334.10
[2026-09-02 11:17:49] [CRITICAL] [STOP_BREACHED] BLUESTARCO: Stop breached at Rs1458.00
[2026-09-02 11:17:49] [CRITICAL] [STOP_BREACHED] OLECTRA: Stop breached at Rs1231.20
[2026-09-02 11:17:49] [CRITICAL] [STOP_BREACHED] ASTRAMICRO: Stop breached at Rs1656.90
[2026-09-02 11:17:49] [CRITICAL] [STOP_BREACHED] AMBER: Stop breached at Rs7321.00
[2026-09-02 11:17:49] [CRITICAL] [STOP_BREACHED] ICICIGI: Stop breached at Rs1528.80
[2026-09-02 11:17:49] [CRITICAL] [STOP_BREACHED] TATATECH: Stop breached at Rs802.40
[2026-09-02 11:17:49] [CRITICAL] [STOP_BREACHED] DALBHARAT: Stop breached at Rs1768.90
[2026-09-02 11:17:49] [CRITICAL] [STOP_BREACHED] SATIN: Stop breached at Rs217.32
[2026-09-02 11:17:49] [CRITICAL] [STOP_BREACHED] SHK: Stop breached at Rs145.85
[2026-09-02 11:17:50] [CRITICAL] [STOP_BREACHED] DCW: Stop breached at Rs44.63
[2026-09-02 11:17:50] [CRITICAL] [STOP_BREACHED] RELTD: Stop breached at Rs153.23
[2026-09-02 11:17:50] [CRITICAL] [STOP_BREACHED] TRANSRAILL: Stop breached at Rs427.35
[2026-09-02 11:17:50] [CRITICAL] [STOP_BREACHED] WOCKPHARMA: Stop breached at Rs1844.50
[2026-09-02 11:17:50] [CRITICAL] [STOP_BREACHED] IONEXCHANG: Stop breached at Rs366.80
[2026-09-02 11:17:50] [CRITICAL] [STOP_BREACHED] MOSCHIP: Stop breached at Rs217.11
[2026-09-02 11:17:50] [CRITICAL] [STOP_BREACHED] EMUDHRA: Stop breached at Rs531.40
[2026-09-02 11:17:50] [CRITICAL] [STOP_BREACHED] BAJEL: Stop breached at Rs185.41
[2026-09-02 11:17:50] [CRITICAL] [STOP_BREACHED] ENRIN: Stop breached at Rs3120.20
[2026-09-02 11:17:50] [CRITICAL] [STOP_BREACHED] M&MFIN: Stop breached at Rs361.95
[2026-09-02 11:17:50] [CRITICAL] [STOP_BREACHED] SURYAROSNI: Stop breached at Rs216.08
[2026-09-02 11:17:50] [CRITICAL] [STOP_BREACHED] KIRLOSBROS: Stop breached at Rs1856.00
[2026-09-02 11:17:50] [CRITICAL] [STOP_BREACHED] DREDGECORP: Stop breached at Rs1065.00
[2026-09-02 11:17:50] [CRITICAL] [STOP_BREACHED] ABSLAMC: Stop breached at Rs1020.50
[2026-09-02 11:17:50] [CRITICAL] [STOP_BREACHED] TNPL: Stop breached at Rs146.16
[2026-09-02 11:17:50] [CRITICAL] [STOP_BREACHED] HDBFS: Stop breached at Rs671.10
[2026-09-02 11:17:50] [CRITICAL] [STOP_BREACHED] ABLBL: Stop breached at Rs83.20
[2026-09-02 11:17:50] [CRITICAL] [STOP_BREACHED] POWERMECH: Stop breached at Rs2460.10
[2026-09-02 11:17:50] [CRITICAL] [STOP_BREACHED] MOIL: Stop breached at Rs249.94
[2026-09-02 11:17:50] [CRITICAL] [STOP_BREACHED] KEI: Stop breached at Rs5198.50
[2026-09-02 11:17:50] [CRITICAL] [STOP_BREACHED] TRAVELFOOD: Stop breached at Rs1280.00
[2026-09-02 11:17:50] [CRITICAL] [STOP_BREACHED] RAIN: Stop breached at Rs202.85
[2026-09-02 11:17:50] [CRITICAL] [STOP_BREACHED] TATVA: Stop breached at Rs1566.90
[2026-09-02 11:17:51] [CRITICAL] [STOP_BREACHED] SHAKTIPUMP: Stop breached at Rs472.55
[2026-09-02 11:17:51] [CRITICAL] [STOP_BREACHED] HYUNDAI: Stop breached at Rs2105.40
[2026-09-02 11:17:51] [CRITICAL] [STOP_BREACHED] ADVENZYMES: Stop breached at Rs294.40
[2026-09-02 11:17:51] [CRITICAL] [STOP_BREACHED] JAYBARMARU: Stop breached at Rs122.84
[2026-09-02 11:17:51] [CRITICAL] [STOP_BREACHED] VEDL: Stop breached at Rs268.95
[2026-09-02 11:17:51] [CRITICAL] [STOP_BREACHED] SBICARD: Stop breached at Rs622.95
[2026-09-02 11:17:51] [CRITICAL] [STOP_BREACHED] AVL: Stop breached at Rs596.90
[2026-09-02 11:17:51] [CRITICAL] [STOP_BREACHED] GANECOS: Stop breached at Rs1020.90
[2026-09-02 11:17:51] [CRITICAL] [STOP_BREACHED] MCLOUD: Stop breached at Rs26.35
[2026-09-02 11:17:51] [CRITICAL] [STOP_BREACHED] DCAL: Stop breached at Rs180.62
[2026-09-02 11:17:51] [CRITICAL] [STOP_BREACHED] RRKABEL: Stop breached at Rs2721.00
[2026-09-02 11:17:51] [CRITICAL] [STOP_BREACHED] DEEPAKFERT: Stop breached at Rs1413.60
[2026-09-02 11:17:51] [CRITICAL] [STOP_BREACHED] CUMMINSIND: Stop breached at Rs5033.00
[2026-09-02 11:17:51] [CRITICAL] [STOP_BREACHED] SHAILY: Stop breached at Rs3198.80
[2026-09-02 11:17:51] [CRITICAL] [STOP_BREACHED] ALKYLAMINE: Stop breached at Rs1989.40
[2026-09-02 11:17:51] [CRITICAL] [STOP_BREACHED] NATCOPHARM: Stop breached at Rs837.70
[2026-09-02 11:17:51] [CRITICAL] [STOP_BREACHED] MAXHEALTH: Stop breached at Rs995.00
[2026-09-02 11:17:51] [CRITICAL] [STOP_BREACHED] CREDITACC: Stop breached at Rs1406.60
[2026-09-02 11:17:51] [CRITICAL] [STOP_BREACHED] PRICOLLTD: Stop breached at Rs773.85
[2026-09-02 11:17:51] [CRITICAL] [STOP_BREACHED] EIEL: Stop breached at Rs189.18
[2026-09-02 11:17:51] [CRITICAL] [STOP_BREACHED] NCC: Stop breached at Rs142.61
[2026-09-02 11:17:51] [CRITICAL] [STOP_BREACHED] PREMIERENE: Stop breached at Rs1003.80
[2026-09-02 11:17:51] [CRITICAL] [STOP_BREACHED] JNKINDIA: Stop breached at Rs421.00
[2026-09-02 11:17:51] [CRITICAL] [STOP_BREACHED] GMRAIRPORT: Stop breached at Rs93.64
[2026-09-02 11:17:51] [CRITICAL] [STOP_BREACHED] GENUSPOWER: Stop breached at Rs326.30
[2026-09-02 11:17:51] [CRITICAL] [STOP_BREACHED] AIAENG: Stop breached at Rs4169.00
[2026-09-02 11:17:51] [CRITICAL] [STOP_BREACHED] APCOTEXIND: Stop breached at Rs623.60
[2026-09-02 11:17:51] [CRITICAL] [STOP_BREACHED] ISGEC: Stop breached at Rs776.40
[2026-09-02 11:17:51] [CRITICAL] [STOP_BREACHED] CHAMBLFERT: Stop breached at Rs410.00
[2026-09-02 11:17:51] [CRITICAL] [STOP_BREACHED] SAREGAMA: Stop breached at Rs483.65
[2026-09-02 11:17:51] [CRITICAL] [STOP_BREACHED] ELIN: Stop breached at Rs95.40
[2026-09-02 11:17:52] [CRITICAL] [STOP_BREACHED] WHIRLPOOL: Stop breached at Rs792.30
[2026-09-02 11:17:52] [CRITICAL] [STOP_BREACHED] INDIAGLYCO: Stop breached at Rs236.20
[2026-09-02 11:17:52] [CRITICAL] [STOP_BREACHED] BAJAJELEC: Stop breached at Rs323.60
[2026-09-02 11:17:52] [CRITICAL] [STOP_BREACHED] RSYSTEMS: Stop breached at Rs250.66
[2026-09-02 11:17:52] [CRITICAL] [STOP_BREACHED] ITC: Stop breached at Rs267.15
[2026-09-02 11:17:52] [CRITICAL] [STOP_BREACHED] PGIL: Stop breached at Rs2353.10
[2026-09-02 11:17:52] [CRITICAL] [STOP_BREACHED] GAEL: Stop breached at Rs170.02
[2026-09-02 11:17:52] [CRITICAL] [STOP_BREACHED] EIDPARRY: Stop breached at Rs786.30
[2026-09-02 11:17:52] [CRITICAL] [STOP_BREACHED] KPRMILL: Stop breached at Rs1145.70
[2026-09-02 11:17:52] [CRITICAL] [STOP_BREACHED] SANDHAR: Stop breached at Rs633.15
[2026-09-02 11:17:52] [CRITICAL] [STOP_BREACHED] NLCINDIA: Stop breached at Rs275.55
[2026-09-02 11:17:52] [CRITICAL] [STOP_BREACHED] LINDEINDIA: Stop breached at Rs6413.00
[2026-09-02 11:17:52] [CRITICAL] [STOP_BREACHED] IRCON: Stop breached at Rs117.36
[2026-09-02 11:17:52] [CRITICAL] [STOP_BREACHED] GODREJCP: Stop breached at Rs897.45
[2026-09-02 11:17:52] [CRITICAL] [STOP_BREACHED] EXICOM: Stop breached at Rs161.60
[2026-09-02 11:17:52] [CRITICAL] [STOP_BREACHED] ROSSARI: Stop breached at Rs473.65
[2026-09-02 11:17:52] [CRITICAL] [STOP_BREACHED] DCMSHRIRAM: Stop breached at Rs1047.00
[2026-09-02 11:17:52] [CRITICAL] [STOP_BREACHED] HINDOILEXP: Stop breached at Rs165.62
[2026-09-02 11:17:52] [CRITICAL] [STOP_BREACHED] ADFFOODS: Stop breached at Rs259.60
[2026-09-02 11:17:52] [CRITICAL] [STOP_BREACHED] STYLAMIND: Stop breached at Rs3292.30
[2026-09-02 11:17:52] [CRITICAL] [STOP_BREACHED] MSPL: Stop breached at Rs35.21
[2026-09-02 11:17:52] [CRITICAL] [STOP_BREACHED] LUPIN: Stop breached at Rs2146.90
[2026-09-02 11:17:52] [CRITICAL] [STOP_BREACHED] VMM: Stop breached at Rs107.30
[2026-09-02 11:17:52] [CRITICAL] [STOP_BREACHED] J&KBANK: Stop breached at Rs146.17
[2026-09-02 11:17:52] [CRITICAL] [STOP_BREACHED] HUDCO: Stop breached at Rs175.55
[2026-09-02 11:17:52] [CRITICAL] [STOP_BREACHED] PGHL: Stop breached at Rs5722.50
[2026-09-02 11:17:52] [CRITICAL] [STOP_BREACHED] JUBLPHARMA: Stop breached at Rs897.15
[2026-09-02 11:17:52] [CRITICAL] [STOP_BREACHED] GATEWAY: Stop breached at Rs52.71
[2026-09-02 11:17:52] [CRITICAL] [STOP_BREACHED] BDL: Stop breached at Rs1235.00
[2026-09-02 11:17:52] [CRITICAL] [STOP_BREACHED] RVNL: Stop breached at Rs204.51
[2026-09-02 11:17:52] [CRITICAL] [STOP_BREACHED] PIIND: Stop breached at Rs2375.00
[2026-09-02 11:17:53] [CRITICAL] [STOP_BREACHED] ZENTEC: Stop breached at Rs1800.30
[2026-09-02 11:17:53] [CRITICAL] [STOP_BREACHED] SENORES: Stop breached at Rs1451.20
[2026-09-02 11:17:53] [CRITICAL] [STOP_BREACHED] ICRA: Stop breached at Rs4936.10
[2026-09-02 11:17:53] [CRITICAL] [STOP_BREACHED] RAMCOIND: Stop breached at Rs321.30
[2026-09-02 11:17:53] [CRITICAL] [STOP_BREACHED] SUNFLAG: Stop breached at Rs345.95
[2026-09-02 11:17:53] [CRITICAL] [STOP_BREACHED] TVSMOTOR: Stop breached at Rs4094.60
[2026-09-02 11:17:53] [CRITICAL] [STOP_BREACHED] ABDL: Stop breached at Rs605.40
[2026-09-02 11:17:53] [CRITICAL] [STOP_BREACHED] BEPL: Stop breached at Rs126.95
[2026-09-02 11:17:53] [CRITICAL] [STOP_BREACHED] SIRCA: Stop breached at Rs428.60
[2026-09-02 11:17:53] [CRITICAL] [STOP_BREACHED] TALBROAUTO: Stop breached at Rs409.00
[2026-09-02 11:17:53] [CRITICAL] [STOP_BREACHED] AGIIL: Stop breached at Rs278.75
[2026-09-02 11:17:53] [CRITICAL] [STOP_BREACHED] ELECON: Stop breached at Rs411.55
[2026-09-02 11:17:53] [CRITICAL] [STOP_BREACHED] PNBHOUSING: Stop breached at Rs1137.10
[2026-09-02 11:17:53] [CRITICAL] [STOP_BREACHED] JUSTDIAL: Stop breached at Rs693.05
[2026-09-02 11:17:53] [CRITICAL] [STOP_BREACHED] JSLL: Stop breached at Rs505.30
[2026-09-02 11:17:53] [CRITICAL] [STOP_BREACHED] SWANCORP: Stop breached at Rs282.90
[2026-09-02 11:17:53] [CRITICAL] [STOP_BREACHED] POLYMED: Stop breached at Rs1803.00
[2026-09-02 11:17:53] [CRITICAL] [STOP_BREACHED] GODREJIND: Stop breached at Rs1139.00
[2026-09-02 11:17:53] [CRITICAL] [STOP_BREACHED] EMBDL: Stop breached at Rs59.17
[2026-09-02 11:17:53] [CRITICAL] [STOP_BREACHED] REFEX: Stop breached at Rs277.10
[2026-09-02 11:17:53] [CRITICAL] [STOP_BREACHED] SYRMA: Stop breached at Rs1432.80
[2026-09-02 11:17:53] [CRITICAL] [STOP_BREACHED] ASKAUTOLTD: Stop breached at Rs622.10
[2026-09-02 11:17:53] [CRITICAL] [STOP_BREACHED] RATEGAIN: Stop breached at Rs876.20
[2026-09-02 11:17:53] [CRITICAL] [STOP_BREACHED] TMPV: Stop breached at Rs307.55
[2026-09-02 11:17:53] [CRITICAL] [STOP_BREACHED] GULPOLY: Stop breached at Rs186.27
[2026-09-02 11:17:53] [CRITICAL] [STOP_BREACHED] GMRP&UI: Stop breached at Rs88.32
[2026-09-02 11:17:53] [CRITICAL] [STOP_BREACHED] AAVAS: Stop breached at Rs1260.00
[2026-09-02 11:17:53] [CRITICAL] [STOP_BREACHED] RBA: Stop breached at Rs97.65
[2026-09-02 11:17:53] [CRITICAL] [STOP_BREACHED] BBTC: Stop breached at Rs1516.40
[2026-09-02 11:17:53] [CRITICAL] [STOP_BREACHED] SUPREMEIND: Stop breached at Rs3518.10
[2026-09-02 11:17:53] [CRITICAL] [STOP_BREACHED] GNFC: Stop breached at Rs579.25
[2026-09-02 11:17:54] [CRITICAL] [STOP_BREACHED] GRMOVER: Stop breached at Rs84.84
[2026-09-02 11:17:54] [CRITICAL] [STOP_BREACHED] PENIND: Stop breached at Rs166.63
[2026-09-02 11:17:54] [CRITICAL] [STOP_BREACHED] CSBBANK: Stop breached at Rs332.50
[2026-09-02 11:17:54] [CRITICAL] [STOP_BREACHED] HIKAL: Stop breached at Rs199.29
[2026-09-02 11:17:54] [CRITICAL] [STOP_BREACHED] MUNJALAU: Stop breached at Rs112.61
[2026-09-02 11:17:54] [CRITICAL] [STOP_BREACHED] KSL: Stop breached at Rs903.25
[2026-09-02 11:17:54] [CRITICAL] [STOP_BREACHED] SURYODAY: Stop breached at Rs150.85
[2026-09-02 11:17:54] [CRITICAL] [STOP_BREACHED] EMSLIMITED: Stop breached at Rs396.10
[2026-09-02 11:17:54] [CRITICAL] [STOP_BREACHED] CUB: Stop breached at Rs226.64
[2026-09-02 11:17:54] [CRITICAL] [STOP_BREACHED] KIRLOSENG: Stop breached at Rs2130.20
[2026-09-02 11:17:54] [CRITICAL] [STOP_BREACHED] WABAG: Stop breached at Rs1979.30
[2026-09-02 11:17:54] [CRITICAL] [STOP_BREACHED] MASFIN: Stop breached at Rs296.85
[2026-09-02 11:17:54] [CRITICAL] [STOP_BREACHED] CARBORUNIV: Stop breached at Rs1083.00
[2026-09-02 11:17:54] [CRITICAL] [STOP_BREACHED] THOMASCOOK: Stop breached at Rs104.27
[2026-09-02 11:17:54] [CRITICAL] [STOP_BREACHED] ATULAUTO: Stop breached at Rs468.05
[2026-09-02 11:17:54] [CRITICAL] [STOP_BREACHED] MAHABANK: Stop breached at Rs83.02
[2026-09-02 11:17:54] [CRITICAL] [STOP_BREACHED] ORIENTHOT: Stop breached at Rs139.70
[2026-09-02 11:17:54] [CRITICAL] [STOP_BREACHED] ADANIPORTS: Stop breached at Rs1656.80
[2026-09-02 11:17:54] [CRITICAL] [STOP_BREACHED] SRM: Stop breached at Rs445.00
[2026-09-02 11:17:54] [CRITICAL] [STOP_BREACHED] DPABHUSHAN: Stop breached at Rs1397.20
[2026-09-02 11:17:54] [CRITICAL] [STOP_BREACHED] CAPACITE: Stop breached at Rs203.70
[2026-09-02 11:17:54] [CRITICAL] [STOP_BREACHED] LICHSGFIN: Stop breached at Rs528.45
[2026-09-02 11:17:54] [CRITICAL] [STOP_BREACHED] GABRIEL: Stop breached at Rs1384.00
[2026-09-02 11:17:54] [CRITICAL] [STOP_BREACHED] SYMPHONY: Stop breached at Rs564.50
[2026-09-02 11:17:54] [CRITICAL] [STOP_BREACHED] TARIL: Stop breached at Rs301.85
[2026-09-02 11:17:54] [CRITICAL] [STOP_BREACHED] NBCC: Stop breached at Rs84.48
[2026-09-02 11:17:54] [CRITICAL] [STOP_BREACHED] SHARDACROP: Stop breached at Rs778.05
[2026-09-02 11:17:54] [CRITICAL] [STOP_BREACHED] NACLIND: Stop breached at Rs167.00
[2026-09-02 11:17:54] [CRITICAL] [STOP_BREACHED] MANORAMA: Stop breached at Rs1814.00
[2026-09-02 11:17:54] [CRITICAL] [STOP_BREACHED] SMARTWORKS: Stop breached at Rs527.20
[2026-09-02 11:17:54] [CRITICAL] [STOP_BREACHED] SKIPPER: Stop breached at Rs532.95
[2026-09-02 11:17:54] [CRITICAL] [STOP_BREACHED] CARTRADE: Stop breached at Rs2936.80
[2026-09-02 11:17:54] [CRITICAL] [STOP_BREACHED] VBL: Stop breached at Rs411.30
[2026-09-02 11:17:54] [CRITICAL] [STOP_BREACHED] PFIZER: Stop breached at Rs4622.00
[2026-09-02 11:17:54] [CRITICAL] [STOP_BREACHED] SBFC: Stop breached at Rs98.10
[2026-09-02 11:17:55] [CRITICAL] [STOP_BREACHED] SENCO: Stop breached at Rs343.85
[2026-09-02 11:17:55] [CRITICAL] [STOP_BREACHED] PRSMJOHNSN: Stop breached at Rs111.20
[2026-09-02 11:17:55] [CRITICAL] [STOP_BREACHED] TIMETECHNO: Stop breached at Rs190.40
[2026-09-02 11:17:55] [CRITICAL] [STOP_BREACHED] INTERARCH: Stop breached at Rs1719.90
[2026-09-02 11:17:55] [CRITICAL] [STOP_BREACHED] VISAKAIND: Stop breached at Rs88.48
[2026-09-02 11:17:55] [CRITICAL] [STOP_BREACHED] MEDPLUS: Stop breached at Rs667.95
[2026-09-02 11:17:55] [CRITICAL] [STOP_BREACHED] LLOYDSME: Stop breached at Rs1787.00
[2026-09-02 11:17:55] [CRITICAL] [STOP_BREACHED] AIIL: Stop breached at Rs527.30
[2026-09-02 11:17:55] [CRITICAL] [STOP_BREACHED] INOXWIND: Stop breached at Rs69.68
[2026-09-02 11:17:55] [CRITICAL] [STOP_BREACHED] ROUTE: Stop breached at Rs499.35
[2026-09-02 11:17:55] [CRITICAL] [STOP_BREACHED] SAMMAANCAP: Stop breached at Rs146.40
[2026-09-02 11:17:55] [CRITICAL] [STOP_BREACHED] PARACABLES: Stop breached at Rs63.71
[2026-09-02 11:17:55] [CRITICAL] [STOP_BREACHED] TINNARUBR: Stop breached at Rs1000.40
[2026-09-02 11:17:55] [CRITICAL] [STOP_BREACHED] NAM-INDIA: Stop breached at Rs1166.30
[2026-09-02 11:17:55] [CRITICAL] [STOP_BREACHED] HITECH: Stop breached at Rs79.39
[2026-09-02 11:17:55] [CRITICAL] [STOP_BREACHED] NEOGEN: Stop breached at Rs2142.00
[2026-09-02 11:17:55] [CRITICAL] [STOP_BREACHED] MEDIASSIST: Stop breached at Rs332.60
[2026-09-02 11:17:55] [CRITICAL] [STOP_BREACHED] YASHO: Stop breached at Rs4168.00
[2026-09-02 11:17:55] [CRITICAL] [STOP_BREACHED] ELLEN: Stop breached at Rs311.75
[2026-09-02 11:17:55] [CRITICAL] [STOP_BREACHED] UNIMECH: Stop breached at Rs1422.90
[2026-09-02 11:17:55] [CRITICAL] [STOP_BREACHED] HERITGFOOD: Stop breached at Rs362.10
[2026-09-02 11:17:55] [CRITICAL] [STOP_BREACHED] 63MOONS: Stop breached at Rs784.70
[2026-09-02 11:17:55] [CRITICAL] [STOP_BREACHED] THANGAMAYL: Stop breached at Rs5258.00
[2026-09-02 11:17:56] [CRITICAL] [STOP_BREACHED] PRAJIND: Stop breached at Rs333.55
[2026-09-02 11:17:56] [CRITICAL] [STOP_BREACHED] NELCO: Stop breached at Rs932.60
[2026-09-02 11:17:56] [CRITICAL] [STOP_BREACHED] SIMPLEXINF: Stop breached at Rs263.50
[2026-09-02 11:17:56] [CRITICAL] [STOP_BREACHED] RICOAUTO: Stop breached at Rs124.75
[2026-09-02 11:28:27] [CRITICAL] [STOP_BREACHED] RACLGEAR: Stop breached at Rs1485.00
[2026-09-02 11:29:58] [CRITICAL] [STOP_BREACHED] KARURVYSYA: Stop breached at Rs346.30
[2026-09-02 11:31:27] [CRITICAL] [STOP_BREACHED] PNB: Stop breached at Rs116.00
[2026-09-02 11:31:29] [CRITICAL] [STOP_BREACHED] ANTELOPUS: Stop breached at Rs869.00
[2026-09-02 11:32:59] [CRITICAL] [STOP_BREACHED] PETRONET: Stop breached at Rs289.80
[2026-09-02 11:33:00] [CRITICAL] [STOP_BREACHED] ZYDUSLIFE: Stop breached at Rs1147.40
[2026-09-02 11:37:33] [INFO] [VALID_BREAKOUT] RISHABH: Confirmed breakout at Rs743.80, RVOL 2.52x
[2026-09-02 11:39:10] [INFO] [VALID_BREAKOUT] NUVAMA: Confirmed breakout at Rs1857.20, RVOL 1.79x
[2026-09-02 11:40:39] [CRITICAL] [STOP_BREACHED] ENGINERSIN: Stop breached at Rs274.10
[2026-09-02 11:45:19] [CRITICAL] [STOP_BREACHED] SPORTKING: Stop breached at Rs226.02
[2026-09-02 11:54:15] [CRITICAL] [STOP_BREACHED] ELGIEQUIP: Stop breached at Rs614.05
[2026-09-02 11:58:59] [CRITICAL] [STOP_BREACHED] SUNDRMFAST: Stop breached at Rs1188.70
[2026-09-02 12:02:35] [CRITICAL] [STOP_BREACHED] AXISCADES: Stop breached at Rs1673.40
[2026-09-02 12:03:59] [CRITICAL] [STOP_BREACHED] SIEMENS: Stop breached at Rs3990.00
[2026-09-02 12:17:03] [CRITICAL] [STOP_BREACHED] GUJTHEM: Stop breached at Rs409.10
[2026-09-02 12:22:44] [CRITICAL] [STOP_BREACHED] RKFORGE: Stop breached at Rs729.30
[2026-09-02 12:30:47] [CRITICAL] [STOP_BREACHED] JKPAPER: Stop breached at Rs388.20
[2026-09-02 12:43:53] [INFO] [VALID_BREAKOUT] CLEAN: Confirmed breakout at Rs856.00, RVOL 3.97x
[2026-09-02 12:43:58] [CRITICAL] [STOP_BREACHED] CRISIL: Stop breached at Rs4691.70
[2026-09-02 12:48:47] [INFO] [VALID_BREAKOUT] BEML: Confirmed breakout at Rs2014.00, RVOL 3.15x
[2026-09-02 13:08:52] [INFO] [VALID_BREAKOUT] XPROINDIA: Confirmed breakout at Rs1212.00, RVOL 4.51x
[2026-09-02 13:26:11] [CRITICAL] [STOP_BREACHED] CARERATING: Stop breached at Rs1688.10
[2026-09-02 13:27:51] [INFO] [VALID_BREAKOUT] ANTELOPUS: Confirmed breakout at Rs926.55, RVOL 4.18x
[2026-09-02 13:34:23] [CRITICAL] [STOP_BREACHED] ICICIBANK: Stop breached at Rs1421.70
[2026-09-02 13:50:59] [CRITICAL] [STOP_BREACHED] VIJAYA: Stop breached at Rs1481.30
[2026-09-02 13:52:39] [CRITICAL] [STOP_BREACHED] JINDALSTEL: Stop breached at Rs1152.10
[2026-09-02 13:52:42] [CRITICAL] [STOP_BREACHED] SAMBHV: Stop breached at Rs125.71
[2026-09-02 14:14:24] [INFO] [VALID_BREAKOUT] WINDLAS: Confirmed breakout at Rs1071.30, RVOL 3.27x
[2026-09-02 14:52:28] [CRITICAL] [STOP_BREACHED] AUROPHARMA: Stop breached at Rs1644.00
[2026-09-02 14:59:21] [INFO] [VALID_BREAKOUT] RAYMOND: Confirmed breakout at Rs669.65, RVOL 1.68x
[2026-09-02 15:26:44] [CRITICAL] [STOP_BREACHED] UNIVCABLES: Stop breached at Rs1621.00
[2026-09-02 15:29:53] [INFO] [VALID_BREAKOUT] AYMSYNTEX: Confirmed breakout at Rs311.20, RVOL 2.35x
[2026-09-03 11:00:36] [CRITICAL] [STOP_BREACHED] BAJAJFINSV: Stop breached at Rs1975.20
[2026-09-03 11:00:36] [CRITICAL] [STOP_BREACHED] HCLTECH: Stop breached at Rs1314.00
[2026-09-03 11:00:36] [CRITICAL] [STOP_BREACHED] GOKEX: Stop breached at Rs775.10
[2026-09-03 11:00:36] [CRITICAL] [STOP_BREACHED] CIPLA: Stop breached at Rs1402.40
[2026-09-03 11:00:36] [CRITICAL] [STOP_BREACHED] DELHIVERY: Stop breached at Rs457.90
[2026-09-03 11:00:36] [CRITICAL] [STOP_BREACHED] GRAVITA: Stop breached at Rs1730.00
[2026-09-03 11:00:36] [CRITICAL] [STOP_BREACHED] MANKIND: Stop breached at Rs2368.10
[2026-09-03 11:00:37] [CRITICAL] [STOP_BREACHED] MAZDOCK: Stop breached at Rs2492.00
[2026-09-03 11:00:37] [CRITICAL] [STOP_BREACHED] AMBER: Stop breached at Rs7393.00
[2026-09-03 11:00:37] [CRITICAL] [STOP_BREACHED] DOMS: Stop breached at Rs2198.50
[2026-09-03 11:00:37] [CRITICAL] [STOP_BREACHED] VINATIORGA: Stop breached at Rs1306.00
[2026-09-03 11:00:37] [CRITICAL] [STOP_BREACHED] CONCOR: Stop breached at Rs512.05
[2026-09-03 11:00:37] [CRITICAL] [STOP_BREACHED] PREMEXPLN: Stop breached at Rs667.00
[2026-09-03 11:00:37] [CRITICAL] [STOP_BREACHED] UNOMINDA: Stop breached at Rs1240.90
[2026-09-03 11:00:37] [CRITICAL] [STOP_BREACHED] EMBDL: Stop breached at Rs58.88
[2026-09-03 11:00:37] [CRITICAL] [STOP_BREACHED] HCG: Stop breached at Rs703.00
[2026-09-03 11:00:37] [CRITICAL] [STOP_BREACHED] IIFLCAPS: Stop breached at Rs339.85
[2026-09-03 11:00:37] [CRITICAL] [STOP_BREACHED] V2RETAIL: Stop breached at Rs219.04
[2026-09-03 11:00:37] [CRITICAL] [STOP_BREACHED] GICRE: Stop breached at Rs354.20
[2026-09-03 11:00:37] [CRITICAL] [STOP_BREACHED] EPACK: Stop breached at Rs189.00
[2026-09-03 11:00:37] [CRITICAL] [STOP_BREACHED] BOMDYEING: Stop breached at Rs113.54
[2026-09-03 11:00:37] [CRITICAL] [STOP_BREACHED] SALZERELEC: Stop breached at Rs543.00
[2026-09-03 11:00:37] [CRITICAL] [STOP_BREACHED] NTPCGREEN: Stop breached at Rs89.09
[2026-09-03 11:00:37] [CRITICAL] [STOP_BREACHED] WAAREEENER: Stop breached at Rs2574.00
[2026-09-03 11:00:37] [CRITICAL] [STOP_BREACHED] ESCORTS: Stop breached at Rs2976.80
[2026-09-03 11:00:37] [CRITICAL] [STOP_BREACHED] DSSL: Stop breached at Rs1020.70
[2026-09-03 11:00:37] [CRITICAL] [STOP_BREACHED] ABREL: Stop breached at Rs1378.00
[2026-09-03 11:00:37] [CRITICAL] [STOP_BREACHED] TITAGARH: Stop breached at Rs835.45
[2026-09-03 11:00:37] [CRITICAL] [STOP_BREACHED] GESHIP: Stop breached at Rs1326.20
[2026-09-03 11:00:38] [CRITICAL] [STOP_BREACHED] LTM: Stop breached at Rs4534.80
[2026-09-03 11:00:38] [CRITICAL] [STOP_BREACHED] PROTEAN: Stop breached at Rs496.70
[2026-09-03 11:00:38] [CRITICAL] [STOP_BREACHED] RITES: Stop breached at Rs213.96
[2026-09-03 11:00:38] [CRITICAL] [STOP_BREACHED] WALCHANNAG: Stop breached at Rs208.60
[2026-09-03 11:00:38] [CRITICAL] [STOP_BREACHED] DRREDDY: Stop breached at Rs1160.20
[2026-09-03 11:00:38] [CRITICAL] [STOP_BREACHED] SUPRAJIT: Stop breached at Rs494.60
[2026-09-03 11:00:38] [CRITICAL] [STOP_BREACHED] TORNTPOWER: Stop breached at Rs1310.30
[2026-09-03 11:00:38] [CRITICAL] [STOP_BREACHED] INFOBEAN: Stop breached at Rs156.99
[2026-09-03 11:00:38] [CRITICAL] [STOP_BREACHED] INDIAMART: Stop breached at Rs1743.40
[2026-09-03 11:00:38] [CRITICAL] [STOP_BREACHED] NBCC: Stop breached at Rs85.88
[2026-09-03 11:00:38] [CRITICAL] [STOP_BREACHED] ANURAS: Stop breached at Rs1239.50
[2026-09-03 11:00:38] [CRITICAL] [STOP_BREACHED] PATANJALI: Stop breached at Rs343.90
[2026-09-03 11:00:38] [CRITICAL] [STOP_BREACHED] SARDAEN: Stop breached at Rs495.85
[2026-09-03 11:00:38] [CRITICAL] [STOP_BREACHED] CHOICEIN: Stop breached at Rs766.00
[2026-09-03 11:00:38] [CRITICAL] [STOP_BREACHED] IOC: Stop breached at Rs136.69
[2026-09-03 11:00:38] [CRITICAL] [STOP_BREACHED] NIFTYBEES: Stop breached at Rs273.37
[2026-09-03 11:00:38] [CRITICAL] [STOP_BREACHED] NAVA: Stop breached at Rs563.00
[2026-09-03 11:00:38] [CRITICAL] [STOP_BREACHED] SUNTECK: Stop breached at Rs298.50
[2026-09-03 11:00:38] [CRITICAL] [STOP_BREACHED] GLENMARK: Stop breached at Rs2434.70
[2026-09-03 11:00:38] [CRITICAL] [STOP_BREACHED] TATAELXSI: Stop breached at Rs3616.60
[2026-09-03 11:00:38] [CRITICAL] [STOP_BREACHED] BIRLACORPN: Stop breached at Rs873.10
[2026-09-03 11:00:38] [CRITICAL] [STOP_BREACHED] CANBK: Stop breached at Rs127.74
[2026-09-03 11:00:38] [CRITICAL] [STOP_BREACHED] ABB: Stop breached at Rs7422.50
[2026-09-03 11:00:38] [CRITICAL] [STOP_BREACHED] AGI: Stop breached at Rs754.90
[2026-09-03 11:00:38] [CRITICAL] [STOP_BREACHED] DEEPAKNTR: Stop breached at Rs1736.50
[2026-09-03 11:00:38] [CRITICAL] [STOP_BREACHED] TRIDENT: Stop breached at Rs24.10
[2026-09-03 11:00:39] [CRITICAL] [STOP_BREACHED] CESC: Stop breached at Rs149.07
[2026-09-03 11:00:39] [CRITICAL] [STOP_BREACHED] HDFCLIFE: Stop breached at Rs535.65
[2026-09-03 11:00:39] [CRITICAL] [STOP_BREACHED] THERMAX: Stop breached at Rs3811.00
[2026-09-03 11:00:39] [CRITICAL] [STOP_BREACHED] TITAN: Stop breached at Rs5020.50
[2026-09-03 11:00:39] [CRITICAL] [STOP_BREACHED] RAILTEL: Stop breached at Rs272.20
[2026-09-03 11:00:39] [CRITICAL] [STOP_BREACHED] AWFIS: Stop breached at Rs256.05
[2026-09-03 11:00:39] [CRITICAL] [STOP_BREACHED] SUPRIYA: Stop breached at Rs839.00
[2026-09-03 11:00:39] [CRITICAL] [STOP_BREACHED] CAMPUS: Stop breached at Rs222.61
[2026-09-03 11:00:39] [CRITICAL] [STOP_BREACHED] TORNTPHARM: Stop breached at Rs4934.50
[2026-09-03 11:00:39] [CRITICAL] [STOP_BREACHED] KEC: Stop breached at Rs407.65
[2026-09-03 11:00:39] [CRITICAL] [STOP_BREACHED] MAHLOG: Stop breached at Rs397.25
[2026-09-03 11:00:39] [CRITICAL] [STOP_BREACHED] ANGELONE: Stop breached at Rs284.25
[2026-09-03 11:00:39] [CRITICAL] [STOP_BREACHED] KIRLOSBROS: Stop breached at Rs1856.70
[2026-09-03 11:00:39] [CRITICAL] [STOP_BREACHED] CENTRALBK: Stop breached at Rs30.87
[2026-09-03 11:00:39] [CRITICAL] [STOP_BREACHED] COROMANDEL: Stop breached at Rs1930.90
[2026-09-03 11:00:39] [CRITICAL] [STOP_BREACHED] IOB: Stop breached at Rs32.91
[2026-09-03 11:00:39] [CRITICAL] [STOP_BREACHED] NHPC: Stop breached at Rs77.02
[2026-09-03 11:00:39] [CRITICAL] [STOP_BREACHED] GMRP&UI: Stop breached at Rs91.08
[2026-09-03 11:00:39] [CRITICAL] [STOP_BREACHED] PIDILITIND: Stop breached at Rs1625.60
[2026-09-03 11:00:39] [CRITICAL] [STOP_BREACHED] BHARTIHEXA: Stop breached at Rs1509.80
[2026-09-03 11:00:39] [CRITICAL] [STOP_BREACHED] EMCURE: Stop breached at Rs1847.70
[2026-09-03 11:00:39] [CRITICAL] [STOP_BREACHED] BIOCON: Stop breached at Rs402.50
[2026-09-03 11:00:39] [CRITICAL] [STOP_BREACHED] PARACABLES: Stop breached at Rs64.61
[2026-09-03 11:00:39] [CRITICAL] [STOP_BREACHED] INOXWIND: Stop breached at Rs71.31
[2026-09-03 11:00:39] [CRITICAL] [STOP_BREACHED] SYNGENE: Stop breached at Rs398.85
[2026-09-03 11:00:39] [CRITICAL] [STOP_BREACHED] RTNINDIA: Stop breached at Rs27.85
[2026-09-03 11:00:39] [CRITICAL] [STOP_BREACHED] GRANULES: Stop breached at Rs848.60
[2026-09-03 11:00:39] [CRITICAL] [STOP_BREACHED] BBL: Stop breached at Rs2308.10
[2026-09-03 11:00:39] [CRITICAL] [STOP_BREACHED] HONASA: Stop breached at Rs476.35
[2026-09-03 11:00:39] [CRITICAL] [STOP_BREACHED] IEX: Stop breached at Rs119.24
[2026-09-03 11:00:39] [CRITICAL] [STOP_BREACHED] SAFARI: Stop breached at Rs1515.50
[2026-09-03 11:00:40] [CRITICAL] [STOP_BREACHED] VIPIND: Stop breached at Rs307.70
[2026-09-03 11:00:40] [CRITICAL] [STOP_BREACHED] INDIGO: Stop breached at Rs4927.00
[2026-09-03 11:00:40] [CRITICAL] [STOP_BREACHED] KIMS: Stop breached at Rs766.50
[2026-09-03 11:00:40] [CRITICAL] [STOP_BREACHED] HOMEFIRST: Stop breached at Rs1210.50
[2026-09-03 11:00:40] [CRITICAL] [STOP_BREACHED] APOLLOTYRE: Stop breached at Rs437.05
[2026-09-03 11:00:40] [CRITICAL] [STOP_BREACHED] SUNPHARMA: Stop breached at Rs1926.00
[2026-09-03 11:00:40] [CRITICAL] [STOP_BREACHED] SCHAEFFLER: Stop breached at Rs3952.10
[2026-09-03 11:00:40] [CRITICAL] [STOP_BREACHED] WIPRO: Stop breached at Rs176.78
[2026-09-03 11:00:40] [CRITICAL] [STOP_BREACHED] CIEINDIA: Stop breached at Rs385.85
[2026-09-03 11:00:40] [CRITICAL] [STOP_BREACHED] RAYMONDREL: Stop breached at Rs531.00
[2026-09-03 11:00:40] [CRITICAL] [STOP_BREACHED] SBIN: Stop breached at Rs1031.10
[2026-09-03 11:00:40] [CRITICAL] [STOP_BREACHED] RELIANCE: Stop breached at Rs1307.30
[2026-09-03 11:00:40] [CRITICAL] [STOP_BREACHED] BHARATWIRE: Stop breached at Rs177.19
[2026-09-03 11:00:40] [CRITICAL] [STOP_BREACHED] BAYERCROP: Stop breached at Rs3982.20
[2026-09-03 11:00:40] [CRITICAL] [STOP_BREACHED] KRISHNADEF: Stop breached at Rs1013.30
[2026-09-03 11:00:40] [CRITICAL] [STOP_BREACHED] WHEELS: Stop breached at Rs1589.80
[2026-09-03 11:00:40] [CRITICAL] [STOP_BREACHED] OBEROIRLTY: Stop breached at Rs1890.50
[2026-09-03 11:00:40] [CRITICAL] [STOP_BREACHED] HEXT: Stop breached at Rs522.90
[2026-09-03 11:00:40] [CRITICAL] [STOP_BREACHED] TIPSMUSIC: Stop breached at Rs647.20
[2026-09-03 11:00:40] [CRITICAL] [STOP_BREACHED] SUZLON: Stop breached at Rs46.29
[2026-09-03 11:00:40] [CRITICAL] [STOP_BREACHED] SPARC: Stop breached at Rs200.93
[2026-09-03 11:00:41] [CRITICAL] [STOP_BREACHED] APLLTD: Stop breached at Rs817.85
[2026-09-03 11:00:41] [CRITICAL] [STOP_BREACHED] JKCEMENT: Stop breached at Rs5001.00
[2026-09-03 11:00:41] [CRITICAL] [STOP_BREACHED] IDFCFIRSTB: Stop breached at Rs86.06
[2026-09-03 11:00:41] [CRITICAL] [STOP_BREACHED] CEIGALL: Stop breached at Rs340.50
[2026-09-03 11:00:41] [CRITICAL] [STOP_BREACHED] AXISBANK: Stop breached at Rs1269.00
[2026-09-03 11:00:41] [CRITICAL] [STOP_BREACHED] JTEKTINDIA: Stop breached at Rs122.14
[2026-09-03 11:00:41] [CRITICAL] [STOP_BREACHED] CHOLAHLDNG: Stop breached at Rs1474.30
[2026-09-03 11:00:41] [CRITICAL] [STOP_BREACHED] ITI: Stop breached at Rs269.55
[2026-09-03 11:00:41] [CRITICAL] [STOP_BREACHED] BLUEJET: Stop breached at Rs583.90
[2026-09-03 11:00:41] [CRITICAL] [STOP_BREACHED] NMDC: Stop breached at Rs85.33
[2026-09-03 11:00:41] [CRITICAL] [STOP_BREACHED] GULFOILLUB: Stop breached at Rs1123.50
[2026-09-03 11:00:41] [CRITICAL] [STOP_BREACHED] NESTLEIND: Stop breached at Rs1414.60
[2026-09-03 11:00:41] [CRITICAL] [STOP_BREACHED] WEBELSOLAR: Stop breached at Rs77.55
[2026-09-03 11:00:41] [CRITICAL] [STOP_BREACHED] CEATLTD: Stop breached at Rs3370.90
[2026-09-03 11:00:41] [CRITICAL] [STOP_BREACHED] HINDUNILVR: Stop breached at Rs1965.30
[2026-09-03 11:00:41] [CRITICAL] [STOP_BREACHED] IREDA: Stop breached at Rs113.52
[2026-09-03 11:00:41] [CRITICAL] [STOP_BREACHED] LTF: Stop breached at Rs312.60
[2026-09-03 11:00:41] [CRITICAL] [STOP_BREACHED] ICICIPRULI: Stop breached at Rs497.85
[2026-09-03 11:00:41] [CRITICAL] [STOP_BREACHED] ARVINDFASN: Stop breached at Rs458.35
[2026-09-03 11:00:41] [CRITICAL] [STOP_BREACHED] MEDPLUS: Stop breached at Rs653.55
[2026-09-03 11:00:41] [CRITICAL] [STOP_BREACHED] CARRARO: Stop breached at Rs538.00
[2026-09-03 11:00:41] [CRITICAL] [STOP_BREACHED] BAJAJHFL: Stop breached at Rs83.02
[2026-09-03 11:00:41] [CRITICAL] [STOP_BREACHED] JSWCEMENT: Stop breached at Rs123.15
[2026-09-03 11:00:41] [CRITICAL] [STOP_BREACHED] LT: Stop breached at Rs4008.50
[2026-09-03 11:00:41] [CRITICAL] [STOP_BREACHED] TATAINVEST: Stop breached at Rs636.30
[2026-09-03 11:00:41] [CRITICAL] [STOP_BREACHED] CCL: Stop breached at Rs1104.30
[2026-09-03 11:00:41] [CRITICAL] [STOP_BREACHED] HAL: Stop breached at Rs4778.00
[2026-09-03 11:00:42] [CRITICAL] [STOP_BREACHED] JWL: Stop breached at Rs242.12
[2026-09-03 11:00:42] [CRITICAL] [STOP_BREACHED] RAYMONDLSL: Stop breached at Rs653.30
[2026-09-03 11:00:42] [CRITICAL] [STOP_BREACHED] INDUSINDBK: Stop breached at Rs994.20
[2026-09-03 11:00:42] [CRITICAL] [STOP_BREACHED] KAYNES: Stop breached at Rs3536.50
[2026-09-03 11:00:42] [CRITICAL] [STOP_BREACHED] BASF: Stop breached at Rs3840.20
[2026-09-03 11:00:42] [CRITICAL] [STOP_BREACHED] CEMPRO: Stop breached at Rs1292.50
[2026-09-03 11:00:42] [CRITICAL] [STOP_BREACHED] CDSL: Stop breached at Rs1374.40
[2026-09-03 11:00:42] [CRITICAL] [STOP_BREACHED] INDRAMEDCO: Stop breached at Rs356.85
[2026-09-03 11:00:42] [CRITICAL] [STOP_BREACHED] JUBLFOOD: Stop breached at Rs481.50
[2026-09-03 11:00:42] [CRITICAL] [STOP_BREACHED] MIDHANI: Stop breached at Rs421.15
[2026-09-03 11:00:42] [CRITICAL] [STOP_BREACHED] KPITTECH: Stop breached at Rs581.55
[2026-09-03 11:00:42] [CRITICAL] [STOP_BREACHED] AARTIDRUGS: Stop breached at Rs424.65
[2026-09-03 11:00:42] [CRITICAL] [STOP_BREACHED] PDSL: Stop breached at Rs351.00
[2026-09-03 11:00:42] [CRITICAL] [STOP_BREACHED] SKFINDIA: Stop breached at Rs1539.40
[2026-09-03 11:00:42] [CRITICAL] [STOP_BREACHED] SIS: Stop breached at Rs438.10
[2026-09-03 11:00:42] [CRITICAL] [STOP_BREACHED] BATAINDIA: Stop breached at Rs675.00
[2026-09-03 11:00:42] [CRITICAL] [STOP_BREACHED] AGARWALEYE: Stop breached at Rs517.55
[2026-09-03 11:00:42] [CRITICAL] [STOP_BREACHED] MINDACORP: Stop breached at Rs708.80
[2026-09-03 11:00:42] [CRITICAL] [STOP_BREACHED] PFIZER: Stop breached at Rs4624.00
[2026-09-03 11:00:42] [CRITICAL] [STOP_BREACHED] ORCHPHARMA: Stop breached at Rs938.90
[2026-09-03 11:00:42] [CRITICAL] [STOP_BREACHED] AURIONPRO: Stop breached at Rs689.60
[2026-09-03 11:00:42] [CRITICAL] [STOP_BREACHED] BLUEDART: Stop breached at Rs4994.50
[2026-09-03 11:00:42] [CRITICAL] [STOP_BREACHED] BORORENEW: Stop breached at Rs501.05
[2026-09-03 11:00:42] [CRITICAL] [STOP_BREACHED] GARUDA: Stop breached at Rs176.50
[2026-09-03 11:00:42] [CRITICAL] [STOP_BREACHED] KANSAINER: Stop breached at Rs195.26
[2026-09-03 11:00:42] [CRITICAL] [STOP_BREACHED] UCOBANK: Stop breached at Rs24.92
[2026-09-03 11:00:43] [CRITICAL] [STOP_BREACHED] FEDFINA: Stop breached at Rs159.67
[2026-09-03 11:00:43] [CRITICAL] [STOP_BREACHED] TCIEXP: Stop breached at Rs543.00
[2026-09-03 11:00:43] [CRITICAL] [STOP_BREACHED] NAVNETEDUL: Stop breached at Rs133.40
[2026-09-03 11:00:43] [CRITICAL] [STOP_BREACHED] AZAD: Stop breached at Rs2776.00
[2026-09-03 11:00:43] [CRITICAL] [STOP_BREACHED] BANDHANBNK: Stop breached at Rs165.75
[2026-09-03 11:00:43] [CRITICAL] [STOP_BREACHED] MSUMI: Stop breached at Rs36.66
[2026-09-03 11:00:43] [CRITICAL] [STOP_BREACHED] ASIANPAINT: Stop breached at Rs2523.00
[2026-09-03 11:00:43] [CRITICAL] [STOP_BREACHED] GREENPANEL: Stop breached at Rs157.00
[2026-09-03 11:00:43] [CRITICAL] [STOP_BREACHED] VERANDA: Stop breached at Rs244.45
[2026-09-03 11:00:43] [CRITICAL] [STOP_BREACHED] SPIC: Stop breached at Rs69.79
[2026-09-03 11:00:43] [CRITICAL] [STOP_BREACHED] NYKAA: Stop breached at Rs333.85
[2026-09-03 11:00:43] [CRITICAL] [STOP_BREACHED] FIRSTCRY: Stop breached at Rs177.14
[2026-09-03 11:00:43] [CRITICAL] [STOP_BREACHED] SANDUMA: Stop breached at Rs198.57
[2026-09-03 11:00:43] [CRITICAL] [STOP_BREACHED] SANGAMIND: Stop breached at Rs571.20
[2026-09-03 11:00:43] [CRITICAL] [STOP_BREACHED] YESBANK: Stop breached at Rs22.43
[2026-09-03 11:00:43] [CRITICAL] [STOP_BREACHED] ALLTIME: Stop breached at Rs202.00
[2026-09-03 11:00:43] [CRITICAL] [STOP_BREACHED] TATASTEEL: Stop breached at Rs183.29
[2026-09-03 11:00:43] [CRITICAL] [STOP_BREACHED] STARHEALTH: Stop breached at Rs565.00
[2026-09-03 11:00:43] [CRITICAL] [STOP_BREACHED] UBL: Stop breached at Rs1307.50
[2026-09-03 11:00:43] [CRITICAL] [STOP_BREACHED] POLYMED: Stop breached at Rs1772.50
[2026-09-03 11:00:43] [CRITICAL] [STOP_BREACHED] GREAVESCOT: Stop breached at Rs195.65
[2026-09-03 11:00:43] [CRITICAL] [STOP_BREACHED] APOLLO: Stop breached at Rs386.85
[2026-09-03 11:00:43] [CRITICAL] [STOP_BREACHED] ARVSMART: Stop breached at Rs645.00
[2026-09-03 11:00:43] [CRITICAL] [STOP_BREACHED] ACC: Stop breached at Rs1276.00
[2026-09-03 11:00:43] [CRITICAL] [STOP_BREACHED] IKS: Stop breached at Rs1727.80
[2026-09-03 11:00:43] [CRITICAL] [STOP_BREACHED] LANDMARK: Stop breached at Rs494.70
[2026-09-03 11:00:43] [CRITICAL] [STOP_BREACHED] EQUITASBNK: Stop breached at Rs73.85
[2026-09-03 11:00:43] [CRITICAL] [STOP_BREACHED] SANOFI: Stop breached at Rs3181.70
[2026-09-03 11:00:43] [CRITICAL] [STOP_BREACHED] KROSS: Stop breached at Rs210.63
[2026-09-03 11:00:43] [CRITICAL] [STOP_BREACHED] INFY: Stop breached at Rs1128.00
[2026-09-03 11:00:43] [CRITICAL] [STOP_BREACHED] SJS: Stop breached at Rs2421.10
[2026-09-03 11:00:43] [CRITICAL] [STOP_BREACHED] ASKAUTOLTD: Stop breached at Rs626.85
[2026-09-03 11:00:44] [CRITICAL] [STOP_BREACHED] MANAKCOAT: Stop breached at Rs120.53
[2026-09-03 11:00:44] [CRITICAL] [STOP_BREACHED] SIGNATURE: Stop breached at Rs788.20
[2026-09-03 11:00:44] [CRITICAL] [STOP_BREACHED] TIMKEN: Stop breached at Rs3120.30
[2026-09-03 11:00:44] [CRITICAL] [STOP_BREACHED] GILLETTE: Stop breached at Rs7348.50
[2026-09-03 11:00:44] [CRITICAL] [STOP_BREACHED] BAJFINANCE: Stop breached at Rs1051.50
[2026-09-03 11:00:44] [CRITICAL] [STOP_BREACHED] GODIGIT: Stop breached at Rs258.50
[2026-09-03 11:00:44] [CRITICAL] [STOP_BREACHED] RHIM: Stop breached at Rs371.60
[2026-09-03 11:00:44] [CRITICAL] [STOP_BREACHED] IGIL: Stop breached at Rs326.25
[2026-09-03 11:00:44] [CRITICAL] [STOP_BREACHED] ONGC: Stop breached at Rs235.81
[2026-09-03 11:00:44] [CRITICAL] [STOP_BREACHED] HAVELLS: Stop breached at Rs1196.50
[2026-09-03 11:00:44] [CRITICAL] [STOP_BREACHED] CELLO: Stop breached at Rs343.40
[2026-09-03 11:00:44] [CRITICAL] [STOP_BREACHED] PCBL: Stop breached at Rs318.05
[2026-09-03 11:00:44] [CRITICAL] [STOP_BREACHED] 360ONE: Stop breached at Rs1154.10
[2026-09-03 11:00:44] [CRITICAL] [STOP_BREACHED] MARICO: Stop breached at Rs823.25
[2026-09-03 11:00:44] [CRITICAL] [STOP_BREACHED] SGFIN: Stop breached at Rs685.05
[2026-09-03 11:00:44] [CRITICAL] [STOP_BREACHED] GMDCLTD: Stop breached at Rs562.15
[2026-09-03 11:00:44] [CRITICAL] [STOP_BREACHED] JKTYRE: Stop breached at Rs370.95
[2026-09-03 11:00:44] [CRITICAL] [STOP_BREACHED] KNRCON: Stop breached at Rs117.55
[2026-09-03 11:00:44] [CRITICAL] [STOP_BREACHED] ARE&M: Stop breached at Rs866.25
[2026-09-03 11:00:44] [CRITICAL] [STOP_BREACHED] CHOLAFIN: Stop breached at Rs1830.60
[2026-09-03 11:00:44] [CRITICAL] [STOP_BREACHED] ABFRL: Stop breached at Rs51.05
[2026-09-03 11:00:44] [CRITICAL] [STOP_BREACHED] SJVN: Stop breached at Rs65.48
[2026-09-03 11:00:44] [CRITICAL] [STOP_BREACHED] IGL: Stop breached at Rs149.56
[2026-09-03 11:00:44] [CRITICAL] [STOP_BREACHED] BANCOINDIA: Stop breached at Rs619.80
[2026-09-03 11:00:44] [CRITICAL] [STOP_BREACHED] ITCHOTELS: Stop breached at Rs159.60
[2026-09-03 11:00:44] [CRITICAL] [STOP_BREACHED] UNITDSPR: Stop breached at Rs1471.00
[2026-09-03 11:00:44] [CRITICAL] [STOP_BREACHED] PSB: Stop breached at Rs23.12
[2026-09-03 11:00:44] [CRITICAL] [STOP_BREACHED] GODFRYPHLP: Stop breached at Rs2048.20
[2026-09-03 11:00:44] [CRITICAL] [STOP_BREACHED] SUMICHEM: Stop breached at Rs508.70
[2026-09-03 11:00:45] [CRITICAL] [STOP_BREACHED] BHEL: Stop breached at Rs426.25
[2026-09-03 11:00:45] [CRITICAL] [STOP_BREACHED] BANKBARODA: Stop breached at Rs242.60
[2026-09-03 11:00:45] [CRITICAL] [STOP_BREACHED] TARC: Stop breached at Rs125.60
[2026-09-03 11:00:45] [CRITICAL] [STOP_BREACHED] SPLPETRO: Stop breached at Rs723.40
[2026-09-03 11:00:45] [CRITICAL] [STOP_BREACHED] TECHNOE: Stop breached at Rs980.60
[2026-09-03 11:00:45] [CRITICAL] [STOP_BREACHED] GLOBUSSPR: Stop breached at Rs918.65
[2026-09-03 11:00:45] [CRITICAL] [STOP_BREACHED] MPSLTD: Stop breached at Rs2629.00
[2026-09-03 11:00:45] [CRITICAL] [STOP_BREACHED] DPABHUSHAN: Stop breached at Rs1365.10
[2026-09-03 11:00:45] [CRITICAL] [STOP_BREACHED] MGL: Stop breached at Rs1073.70
[2026-09-03 11:00:45] [CRITICAL] [STOP_BREACHED] ZUARI: Stop breached at Rs224.31
[2026-09-03 11:00:45] [CRITICAL] [STOP_BREACHED] CONTROLPR: Stop breached at Rs595.85
[2026-09-03 11:00:45] [CRITICAL] [STOP_BREACHED] FIVESTAR: Stop breached at Rs532.30
[2026-09-03 11:00:45] [CRITICAL] [STOP_BREACHED] POLYCAB: Stop breached at Rs8841.50
[2026-09-03 11:00:45] [CRITICAL] [STOP_BREACHED] ARFIN: Stop breached at Rs89.37
[2026-09-03 11:00:45] [CRITICAL] [STOP_BREACHED] INTELLECT: Stop breached at Rs680.70
[2026-09-03 11:00:45] [CRITICAL] [STOP_BREACHED] APTUS: Stop breached at Rs254.51
[2026-09-03 11:00:45] [CRITICAL] [STOP_BREACHED] VSTTILLERS: Stop breached at Rs4180.00
[2026-09-03 11:00:45] [CRITICAL] [STOP_BREACHED] ALKEM: Stop breached at Rs5201.50
[2026-09-03 11:00:45] [CRITICAL] [STOP_BREACHED] TAJGVK: Stop breached at Rs339.65
[2026-09-03 11:00:45] [CRITICAL] [STOP_BREACHED] COCHINSHIP: Stop breached at Rs1487.70
[2026-09-03 11:00:45] [CRITICAL] [STOP_BREACHED] MFSL: Stop breached at Rs1536.70
[2026-09-03 11:00:46] [CRITICAL] [STOP_BREACHED] ZENSARTECH: Stop breached at Rs457.15
[2026-09-03 11:00:46] [CRITICAL] [STOP_BREACHED] KFINTECH: Stop breached at Rs930.75
[2026-09-03 11:00:46] [CRITICAL] [STOP_BREACHED] IFBIND: Stop breached at Rs1304.60
[2026-09-03 11:00:46] [CRITICAL] [STOP_BREACHED] RADICO: Stop breached at Rs4517.50
[2026-09-03 11:00:46] [CRITICAL] [STOP_BREACHED] HIRECT: Stop breached at Rs1218.50
[2026-09-03 11:00:46] [CRITICAL] [STOP_BREACHED] FEDERALBNK: Stop breached at Rs346.20
[2026-09-03 11:00:46] [CRITICAL] [STOP_BREACHED] ESABINDIA: Stop breached at Rs6056.00
[2026-09-03 11:00:46] [CRITICAL] [STOP_BREACHED] CAMLINFINE: Stop breached at Rs100.83
[2026-09-03 11:00:46] [CRITICAL] [STOP_BREACHED] JSWINFRA: Stop breached at Rs332.00
[2026-09-03 11:00:46] [CRITICAL] [STOP_BREACHED] METROBRAND: Stop breached at Rs915.10
[2026-09-03 11:00:46] [CRITICAL] [STOP_BREACHED] UPL: Stop breached at Rs580.85
[2026-09-03 11:00:46] [CRITICAL] [STOP_BREACHED] AARTIIND: Stop breached at Rs506.80
[2026-09-03 11:00:46] [CRITICAL] [STOP_BREACHED] BHARATFORG: Stop breached at Rs2022.50
[2026-09-03 11:00:46] [CRITICAL] [STOP_BREACHED] PGHH: Stop breached at Rs7784.50
[2026-09-03 11:00:46] [CRITICAL] [STOP_BREACHED] PRIVISCL: Stop breached at Rs3378.10
[2026-09-03 11:00:46] [CRITICAL] [STOP_BREACHED] GRSE: Stop breached at Rs2533.00
[2026-09-03 11:00:46] [CRITICAL] [STOP_BREACHED] CGPOWER: Stop breached at Rs888.00
[2026-09-03 11:00:46] [CRITICAL] [STOP_BREACHED] SWIGGY: Stop breached at Rs266.15
[2026-09-03 11:00:46] [CRITICAL] [STOP_BREACHED] M&MFIN: Stop breached at Rs374.85
[2026-09-03 11:00:46] [CRITICAL] [STOP_BREACHED] TCS: Stop breached at Rs2337.40
[2026-09-03 11:00:46] [CRITICAL] [STOP_BREACHED] JBMA: Stop breached at Rs621.10
[2026-09-03 11:00:46] [CRITICAL] [STOP_BREACHED] IIFL: Stop breached at Rs639.00
[2026-09-03 11:00:46] [CRITICAL] [STOP_BREACHED] PGEL: Stop breached at Rs561.30
[2026-09-03 11:00:47] [CRITICAL] [STOP_BREACHED] HDFCBANK: Stop breached at Rs710.00
[2026-09-03 11:00:47] [CRITICAL] [STOP_BREACHED] TIINDIA: Stop breached at Rs2695.00
[2026-09-03 11:00:47] [CRITICAL] [STOP_BREACHED] MOTHERSON: Stop breached at Rs162.78
[2026-09-03 11:00:47] [CRITICAL] [STOP_BREACHED] JSWENERGY: Stop breached at Rs539.75
[2026-09-03 11:00:47] [CRITICAL] [STOP_BREACHED] PNBHOUSING: Stop breached at Rs1154.70
[2026-09-03 11:00:47] [CRITICAL] [STOP_BREACHED] AJANTPHARM: Stop breached at Rs3489.90
[2026-09-03 11:00:47] [CRITICAL] [STOP_BREACHED] TATACONSUM: Stop breached at Rs1019.90
[2026-09-03 11:00:47] [CRITICAL] [STOP_BREACHED] EICHERMOT: Stop breached at Rs7661.00
[2026-09-03 11:00:47] [CRITICAL] [STOP_BREACHED] NRBBEARING: Stop breached at Rs454.00
[2026-09-03 11:00:47] [CRITICAL] [STOP_BREACHED] AWL: Stop breached at Rs191.72
[2026-09-03 11:00:47] [CRITICAL] [STOP_BREACHED] ETHOSLTD: Stop breached at Rs2819.90
[2026-09-03 11:00:47] [CRITICAL] [STOP_BREACHED] DMART: Stop breached at Rs3794.50
[2026-09-03 11:00:47] [CRITICAL] [STOP_BREACHED] ERIS: Stop breached at Rs1299.00
[2026-09-03 11:00:47] [CRITICAL] [STOP_BREACHED] NEWGEN: Stop breached at Rs515.80
[2026-09-03 11:00:47] [CRITICAL] [STOP_BREACHED] EXIDEIND: Stop breached at Rs423.50
[2026-09-03 11:00:47] [CRITICAL] [STOP_BREACHED] ADANIENT: Stop breached at Rs2909.20
[2026-09-03 11:00:47] [CRITICAL] [STOP_BREACHED] JIOFIN: Stop breached at Rs237.69
[2026-09-03 11:00:47] [CRITICAL] [STOP_BREACHED] APCOTEXIND: Stop breached at Rs643.50
[2026-09-03 11:00:47] [CRITICAL] [STOP_BREACHED] TECHM: Stop breached at Rs1599.90
[2026-09-03 11:00:47] [CRITICAL] [STOP_BREACHED] ATGL: Stop breached at Rs616.40
[2026-09-03 11:00:47] [CRITICAL] [STOP_BREACHED] ZYDUSLIFE: Stop breached at Rs1141.70
[2026-09-03 11:00:47] [CRITICAL] [STOP_BREACHED] SHK: Stop breached at Rs147.70
[2026-09-03 11:00:47] [CRITICAL] [STOP_BREACHED] HINDALCO: Stop breached at Rs1008.00
[2026-09-03 11:00:47] [CRITICAL] [STOP_BREACHED] M&M: Stop breached at Rs3186.50
[2026-09-03 11:00:47] [CRITICAL] [STOP_BREACHED] ADANIPOWER: Stop breached at Rs209.92
[2026-09-03 11:00:47] [CRITICAL] [STOP_BREACHED] FUSION: Stop breached at Rs200.20
[2026-09-03 11:00:47] [CRITICAL] [STOP_BREACHED] AVANTEL: Stop breached at Rs156.80
[2026-09-03 11:00:48] [CRITICAL] [STOP_BREACHED] THYROCARE: Stop breached at Rs579.30
[2026-09-03 11:00:48] [CRITICAL] [STOP_BREACHED] CARYSIL: Stop breached at Rs1146.00
[2026-09-03 11:00:48] [CRITICAL] [STOP_BREACHED] HEMIPROP: Stop breached at Rs126.65
[2026-09-03 11:00:48] [CRITICAL] [STOP_BREACHED] GANECOS: Stop breached at Rs1017.20
[2026-09-03 11:00:48] [CRITICAL] [STOP_BREACHED] BERGEPAINT: Stop breached at Rs487.40
[2026-09-03 11:00:48] [CRITICAL] [STOP_BREACHED] ABCAPITAL: Stop breached at Rs397.95
[2026-09-03 11:00:48] [CRITICAL] [STOP_BREACHED] JINDALSTEL: Stop breached at Rs1147.40
[2026-09-03 11:00:48] [CRITICAL] [STOP_BREACHED] NTPC: Stop breached at Rs331.45
[2026-09-03 11:00:48] [CRITICAL] [STOP_BREACHED] SBILIFE: Stop breached at Rs1732.50
[2026-09-03 11:00:48] [CRITICAL] [STOP_BREACHED] NGLFINE: Stop breached at Rs2872.30
[2026-09-03 11:00:48] [CRITICAL] [STOP_BREACHED] TANLA: Stop breached at Rs524.50
[2026-09-03 11:00:48] [CRITICAL] [STOP_BREACHED] LTTS: Stop breached at Rs3504.50
[2026-09-03 11:00:48] [CRITICAL] [STOP_BREACHED] DELTACORP: Stop breached at Rs57.11
[2026-09-03 11:00:48] [CRITICAL] [STOP_BREACHED] PAISALO: Stop breached at Rs67.51
[2026-09-03 11:00:48] [CRITICAL] [STOP_BREACHED] POWERGRID: Stop breached at Rs267.80
[2026-09-03 11:00:48] [CRITICAL] [STOP_BREACHED] TEXRAIL: Stop breached at Rs114.13
[2026-09-03 11:00:48] [CRITICAL] [STOP_BREACHED] NUVOCO: Stop breached at Rs335.60
[2026-09-03 11:00:48] [CRITICAL] [STOP_BREACHED] LLOYDSENGG: Stop breached at Rs85.30
[2026-09-03 11:00:48] [CRITICAL] [STOP_BREACHED] BLKASHYAP: Stop breached at Rs57.14
[2026-09-03 11:00:48] [CRITICAL] [STOP_BREACHED] ICICIGI: Stop breached at Rs1522.80
[2026-09-03 11:00:48] [CRITICAL] [STOP_BREACHED] ENDURANCE: Stop breached at Rs2775.10
[2026-09-03 11:00:48] [CRITICAL] [STOP_BREACHED] IRCTC: Stop breached at Rs476.40
[2026-09-03 11:00:48] [CRITICAL] [STOP_BREACHED] BLUESTARCO: Stop breached at Rs1467.30
[2026-09-03 11:00:48] [CRITICAL] [STOP_BREACHED] WAAREERTL: Stop breached at Rs849.05
[2026-09-03 11:00:48] [CRITICAL] [STOP_BREACHED] AFFLE: Stop breached at Rs1518.00
[2026-09-03 11:00:48] [CRITICAL] [STOP_BREACHED] SOBHA: Stop breached at Rs1254.00
[2026-09-03 11:00:48] [CRITICAL] [STOP_BREACHED] LEMONTREE: Stop breached at Rs106.55
[2026-09-03 11:00:48] [CRITICAL] [STOP_BREACHED] MOBIKWIK: Stop breached at Rs185.43
[2026-09-03 11:00:49] [CRITICAL] [STOP_BREACHED] BSOFT: Stop breached at Rs293.40
[2026-09-03 11:00:49] [CRITICAL] [STOP_BREACHED] CRIZAC: Stop breached at Rs164.56
[2026-09-03 11:00:49] [CRITICAL] [STOP_BREACHED] LLOYDSENT: Stop breached at Rs72.16
[2026-09-03 11:00:49] [CRITICAL] [STOP_BREACHED] SUNDARMFIN: Stop breached at Rs4584.30
[2026-09-03 11:00:49] [CRITICAL] [STOP_BREACHED] KALYANKJIL: Stop breached at Rs591.40
[2026-09-03 11:00:49] [CRITICAL] [STOP_BREACHED] BLUESTONE: Stop breached at Rs815.95
[2026-09-03 11:00:49] [CRITICAL] [STOP_BREACHED] GABRIEL: Stop breached at Rs1379.90
[2026-09-03 11:00:49] [CRITICAL] [STOP_BREACHED] POONAWALLA: Stop breached at Rs462.65
[2026-09-03 11:00:49] [CRITICAL] [STOP_BREACHED] DCXINDIA: Stop breached at Rs172.32
[2026-09-03 11:00:49] [CRITICAL] [STOP_BREACHED] KSCL: Stop breached at Rs740.75
[2026-09-03 11:00:49] [CRITICAL] [STOP_BREACHED] CENTENKA: Stop breached at Rs616.00
[2026-09-03 11:00:49] [CRITICAL] [STOP_BREACHED] JSWSTEEL: Stop breached at Rs1303.60
[2026-09-03 11:00:49] [CRITICAL] [STOP_BREACHED] FINPIPE: Stop breached at Rs158.68
[2026-09-03 11:00:49] [CRITICAL] [STOP_BREACHED] PRAJIND: Stop breached at Rs340.60
[2026-09-03 11:00:49] [CRITICAL] [STOP_BREACHED] TATACHEM: Stop breached at Rs634.05
[2026-09-03 11:00:49] [CRITICAL] [STOP_BREACHED] ARMANFIN: Stop breached at Rs1976.50
[2026-09-03 11:00:49] [CRITICAL] [STOP_BREACHED] RALLIS: Stop breached at Rs209.62
[2026-09-03 11:00:49] [CRITICAL] [STOP_BREACHED] AADHARHFC: Stop breached at Rs477.80
[2026-09-03 11:00:49] [CRITICAL] [STOP_BREACHED] ITDC: Stop breached at Rs644.75
[2026-09-03 11:00:49] [CRITICAL] [STOP_BREACHED] PARADEEP: Stop breached at Rs156.20
[2026-09-03 11:00:49] [CRITICAL] [STOP_BREACHED] DREDGECORP: Stop breached at Rs1074.30
[2026-09-03 11:00:49] [CRITICAL] [STOP_BREACHED] CARTRADE: Stop breached at Rs2997.20
[2026-09-03 11:00:50] [CRITICAL] [STOP_BREACHED] LODHA: Stop breached at Rs1225.60
[2026-09-03 11:00:50] [CRITICAL] [STOP_BREACHED] TATACOMM: Stop breached at Rs1685.70
[2026-09-03 11:00:50] [CRITICAL] [STOP_BREACHED] ACE: Stop breached at Rs1120.60
[2026-09-03 11:00:50] [CRITICAL] [STOP_BREACHED] SMSPHARMA: Stop breached at Rs369.20
[2026-09-03 11:00:50] [CRITICAL] [STOP_BREACHED] TATATECH: Stop breached at Rs811.95
[2026-09-03 11:00:50] [CRITICAL] [STOP_BREACHED] NATIONALUM: Stop breached at Rs372.00
[2026-09-03 11:00:50] [CRITICAL] [STOP_BREACHED] POWERMECH: Stop breached at Rs2439.70
[2026-09-03 11:00:50] [CRITICAL] [STOP_BREACHED] AMBUJACEM: Stop breached at Rs403.00
[2026-09-03 11:00:50] [CRITICAL] [STOP_BREACHED] LXCHEM: Stop breached at Rs173.64
[2026-09-03 11:00:50] [CRITICAL] [STOP_BREACHED] RAMCOCEM: Stop breached at Rs862.60
[2026-09-03 11:00:50] [CRITICAL] [STOP_BREACHED] GNA: Stop breached at Rs533.05
[2026-09-03 11:00:50] [CRITICAL] [STOP_BREACHED] RELAXO: Stop breached at Rs345.80
[2026-09-03 11:00:50] [CRITICAL] [STOP_BREACHED] APEX: Stop breached at Rs364.05
[2026-09-03 11:00:50] [CRITICAL] [STOP_BREACHED] EMUDHRA: Stop breached at Rs527.20
[2026-09-03 11:00:50] [CRITICAL] [STOP_BREACHED] BHARTIARTL: Stop breached at Rs1867.90
[2026-09-03 11:00:50] [CRITICAL] [STOP_BREACHED] SUNTV: Stop breached at Rs461.60
[2026-09-03 11:00:50] [CRITICAL] [STOP_BREACHED] HUBTOWN: Stop breached at Rs190.94
[2026-09-03 11:00:50] [CRITICAL] [STOP_BREACHED] SKIPPER: Stop breached at Rs541.35
[2026-09-03 11:00:51] [CRITICAL] [STOP_BREACHED] TRITURBINE: Stop breached at Rs565.55
[2026-09-03 11:00:51] [CRITICAL] [STOP_BREACHED] SYRMA: Stop breached at Rs1445.50
[2026-09-03 11:00:51] [CRITICAL] [STOP_BREACHED] TRENT: Stop breached at Rs2859.40
[2026-09-03 11:00:51] [CRITICAL] [STOP_BREACHED] GKWLIMITED: Stop breached at Rs1575.00
[2026-09-03 11:00:51] [CRITICAL] [STOP_BREACHED] IRFC: Stop breached at Rs83.05
[2026-09-03 11:00:51] [CRITICAL] [STOP_BREACHED] PNGJL: Stop breached at Rs592.25
[2026-09-03 11:00:51] [CRITICAL] [STOP_BREACHED] JASH: Stop breached at Rs468.35
[2026-09-03 11:00:51] [CRITICAL] [STOP_BREACHED] TVSMOTOR: Stop breached at Rs4175.00
[2026-09-03 11:00:51] [CRITICAL] [STOP_BREACHED] LATENTVIEW: Stop breached at Rs267.85
[2026-09-03 11:00:51] [CRITICAL] [STOP_BREACHED] STAR: Stop breached at Rs1062.50
[2026-09-03 11:00:51] [CRITICAL] [STOP_BREACHED] MPHASIS: Stop breached at Rs2438.10
[2026-09-03 11:00:51] [CRITICAL] [STOP_BREACHED] HDFCAMC: Stop breached at Rs2499.80
[2026-09-03 11:00:51] [CRITICAL] [STOP_BREACHED] DAMCAPITAL: Stop breached at Rs146.70
[2026-09-03 11:00:51] [CRITICAL] [STOP_BREACHED] PRINCEPIPE: Stop breached at Rs286.50
[2026-09-03 11:00:51] [CRITICAL] [STOP_BREACHED] AURUM: Stop breached at Rs226.17
[2026-09-03 11:00:51] [CRITICAL] [STOP_BREACHED] DABUR: Stop breached at Rs379.80
[2026-09-03 11:00:51] [CRITICAL] [STOP_BREACHED] SULA: Stop breached at Rs147.82
[2026-09-03 11:00:51] [CRITICAL] [STOP_BREACHED] MOSCHIP: Stop breached at Rs215.14
[2026-09-03 11:00:51] [CRITICAL] [STOP_BREACHED] SATIN: Stop breached at Rs225.79
[2026-09-03 11:00:51] [CRITICAL] [STOP_BREACHED] TATAPOWER: Stop breached at Rs367.35
[2026-09-03 11:00:51] [CRITICAL] [STOP_BREACHED] JKLAKSHMI: Stop breached at Rs513.45
[2026-09-03 11:00:51] [CRITICAL] [STOP_BREACHED] MAXHEALTH: Stop breached at Rs988.00
[2026-09-03 11:00:51] [CRITICAL] [STOP_BREACHED] IMFA: Stop breached at Rs1292.00
[2026-09-03 11:00:51] [CRITICAL] [STOP_BREACHED] SHAILY: Stop breached at Rs3270.80
[2026-09-03 11:00:51] [CRITICAL] [STOP_BREACHED] EXPLEOSOL: Stop breached at Rs899.50
[2026-09-03 11:00:51] [CRITICAL] [STOP_BREACHED] CANFINHOME: Stop breached at Rs803.00
[2026-09-03 11:00:52] [CRITICAL] [STOP_BREACHED] GOPAL: Stop breached at Rs265.45
[2026-09-03 11:00:52] [CRITICAL] [STOP_BREACHED] BRITANNIA: Stop breached at Rs5120.50
[2026-09-03 11:00:52] [CRITICAL] [STOP_BREACHED] WOCKPHARMA: Stop breached at Rs1933.30
[2026-09-03 11:00:52] [CRITICAL] [STOP_BREACHED] AVANTIFEED: Stop breached at Rs798.90
[2026-09-03 11:00:52] [CRITICAL] [STOP_BREACHED] DALBHARAT: Stop breached at Rs1772.60
[2026-09-03 11:00:52] [CRITICAL] [STOP_BREACHED] DCMSHRIRAM: Stop breached at Rs1029.50
[2026-09-03 11:00:52] [CRITICAL] [STOP_BREACHED] RAIN: Stop breached at Rs211.20
[2026-09-03 11:00:52] [CRITICAL] [STOP_BREACHED] HINDPETRO: Stop breached at Rs358.60
[2026-09-03 11:00:52] [CRITICAL] [STOP_BREACHED] SIGNPOST: Stop breached at Rs241.65
[2026-09-03 11:00:52] [CRITICAL] [STOP_BREACHED] MANAPPURAM: Stop breached at Rs339.65
[2026-09-03 11:00:52] [CRITICAL] [STOP_BREACHED] SPMLINFRA: Stop breached at Rs173.52
[2026-09-03 11:00:52] [CRITICAL] [STOP_BREACHED] BDL: Stop breached at Rs1259.90
[2026-09-03 11:00:52] [CRITICAL] [STOP_BREACHED] AIAENG: Stop breached at Rs4229.00
[2026-09-03 11:00:52] [CRITICAL] [STOP_BREACHED] PNBGILTS: Stop breached at Rs79.00
[2026-09-03 11:00:52] [CRITICAL] [STOP_BREACHED] DEEPAKFERT: Stop breached at Rs1381.00
[2026-09-03 11:00:52] [CRITICAL] [STOP_BREACHED] AUBANK: Stop breached at Rs1069.90
[2026-09-03 11:00:52] [CRITICAL] [STOP_BREACHED] MOIL: Stop breached at Rs252.08
[2026-09-03 11:00:52] [CRITICAL] [STOP_BREACHED] LINDEINDIA: Stop breached at Rs6324.00
[2026-09-03 11:00:52] [CRITICAL] [STOP_BREACHED] GAEL: Stop breached at Rs170.60
[2026-09-03 11:00:52] [CRITICAL] [STOP_BREACHED] HDBFS: Stop breached at Rs682.60
[2026-09-03 11:00:52] [CRITICAL] [STOP_BREACHED] MAYURUNIQ: Stop breached at Rs733.90
[2026-09-03 11:00:52] [CRITICAL] [STOP_BREACHED] RSYSTEMS: Stop breached at Rs252.78
[2026-09-03 11:00:52] [CRITICAL] [STOP_BREACHED] THANGAMAYL: Stop breached at Rs5313.00
[2026-09-03 11:00:52] [CRITICAL] [STOP_BREACHED] SHRIRAMFIN: Stop breached at Rs1042.50
[2026-09-03 11:00:52] [CRITICAL] [STOP_BREACHED] HARIOMPIPE: Stop breached at Rs350.75
[2026-09-03 11:00:53] [CRITICAL] [STOP_BREACHED] OLAELEC: Stop breached at Rs38.36
[2026-09-03 11:00:53] [CRITICAL] [STOP_BREACHED] MMTC: Stop breached at Rs62.65
[2026-09-03 11:00:53] [CRITICAL] [STOP_BREACHED] ASTRAMICRO: Stop breached at Rs1671.70
[2026-09-03 11:00:53] [CRITICAL] [STOP_BREACHED] JUBLPHARMA: Stop breached at Rs903.85
[2026-09-03 11:00:53] [CRITICAL] [STOP_BREACHED] VADILALIND: Stop breached at Rs7664.50
[2026-09-03 11:00:53] [CRITICAL] [STOP_BREACHED] BIKAJI: Stop breached at Rs585.15
[2026-09-03 11:00:53] [CRITICAL] [STOP_BREACHED] SONACOMS: Stop breached at Rs791.90
[2026-09-03 11:00:53] [CRITICAL] [STOP_BREACHED] HGINFRA: Stop breached at Rs479.35
[2026-09-03 11:00:53] [CRITICAL] [STOP_BREACHED] GATEWAY: Stop breached at Rs54.38
[2026-09-03 11:00:53] [CRITICAL] [STOP_BREACHED] JUBLINGREA: Stop breached at Rs694.30
[2026-09-03 11:00:53] [CRITICAL] [STOP_BREACHED] ASHOKLEY: Stop breached at Rs167.00
[2026-09-03 11:00:53] [CRITICAL] [STOP_BREACHED] PREMIERENE: Stop breached at Rs1008.10
[2026-09-03 11:00:53] [CRITICAL] [STOP_BREACHED] BHARATSE: Stop breached at Rs214.55
[2026-09-03 11:00:53] [CRITICAL] [STOP_BREACHED] VEDL: Stop breached at Rs271.10
[2026-09-03 11:00:53] [CRITICAL] [STOP_BREACHED] CAMS: Stop breached at Rs745.55
[2026-09-03 11:00:53] [CRITICAL] [STOP_BREACHED] UJJIVANSFB: Stop breached at Rs64.26
[2026-09-03 11:00:53] [CRITICAL] [STOP_BREACHED] SAKSOFT: Stop breached at Rs153.42
[2026-09-03 11:00:53] [CRITICAL] [STOP_BREACHED] AJMERA: Stop breached at Rs118.27
[2026-09-03 11:00:53] [CRITICAL] [STOP_BREACHED] OLECTRA: Stop breached at Rs1254.70
[2026-09-03 11:00:53] [CRITICAL] [STOP_BREACHED] EIEL: Stop breached at Rs193.86
[2026-09-03 11:00:53] [CRITICAL] [STOP_BREACHED] NCC: Stop breached at Rs144.20
[2026-09-03 11:00:53] [CRITICAL] [STOP_BREACHED] SURYAROSNI: Stop breached at Rs217.17
[2026-09-03 11:00:53] [CRITICAL] [STOP_BREACHED] GODREJCP: Stop breached at Rs873.00
[2026-09-03 11:00:53] [CRITICAL] [STOP_BREACHED] NIBE: Stop breached at Rs1333.00
[2026-09-03 11:00:53] [CRITICAL] [STOP_BREACHED] AVL: Stop breached at Rs613.50
[2026-09-03 11:00:53] [CRITICAL] [STOP_BREACHED] KPRMILL: Stop breached at Rs1183.40
[2026-09-03 11:00:53] [CRITICAL] [STOP_BREACHED] AGIIL: Stop breached at Rs283.15
[2026-09-03 11:00:53] [CRITICAL] [STOP_BREACHED] SAREGAMA: Stop breached at Rs484.30
[2026-09-03 11:00:53] [CRITICAL] [STOP_BREACHED] WHIRLPOOL: Stop breached at Rs798.20
[2026-09-03 11:00:53] [CRITICAL] [STOP_BREACHED] INDIAGLYCO: Stop breached at Rs248.00
[2026-09-03 11:00:53] [CRITICAL] [STOP_BREACHED] DCAL: Stop breached at Rs177.21
[2026-09-03 11:00:54] [CRITICAL] [STOP_BREACHED] ROUTE: Stop breached at Rs504.95
[2026-09-03 11:00:54] [CRITICAL] [STOP_BREACHED] ITC: Stop breached at Rs265.65
[2026-09-03 11:00:54] [CRITICAL] [STOP_BREACHED] YASHO: Stop breached at Rs4195.00
[2026-09-03 11:00:54] [CRITICAL] [STOP_BREACHED] GRWRHITECH: Stop breached at Rs7144.50
[2026-09-03 11:00:54] [CRITICAL] [STOP_BREACHED] SCI: Stop breached at Rs295.00
[2026-09-03 11:00:54] [CRITICAL] [STOP_BREACHED] JUSTDIAL: Stop breached at Rs696.60
[2026-09-03 11:00:54] [CRITICAL] [STOP_BREACHED] NATCOPHARM: Stop breached at Rs837.75
[2026-09-03 11:00:54] [CRITICAL] [STOP_BREACHED] GMRAIRPORT: Stop breached at Rs94.67
[2026-09-03 11:00:54] [CRITICAL] [STOP_BREACHED] LUPIN: Stop breached at Rs2143.80
[2026-09-03 11:00:54] [CRITICAL] [STOP_BREACHED] JYOTHYLAB: Stop breached at Rs199.75
[2026-09-03 11:00:54] [CRITICAL] [STOP_BREACHED] SANDHAR: Stop breached at Rs635.20
[2026-09-03 11:00:54] [CRITICAL] [STOP_BREACHED] PERSISTENT: Stop breached at Rs5614.50
[2026-09-03 11:00:54] [CRITICAL] [STOP_BREACHED] PGIL: Stop breached at Rs2295.90
[2026-09-03 11:00:54] [CRITICAL] [STOP_BREACHED] ABDL: Stop breached at Rs610.95
[2026-09-03 11:00:54] [CRITICAL] [STOP_BREACHED] PSPPROJECT: Stop breached at Rs874.00
[2026-09-03 11:00:54] [CRITICAL] [STOP_BREACHED] ALKYLAMINE: Stop breached at Rs1991.90
[2026-09-03 11:00:54] [CRITICAL] [STOP_BREACHED] SHAKTIPUMP: Stop breached at Rs471.65
[2026-09-03 11:00:54] [CRITICAL] [STOP_BREACHED] TALBROAUTO: Stop breached at Rs416.55
[2026-09-03 11:00:54] [CRITICAL] [STOP_BREACHED] SENORES: Stop breached at Rs1441.00
[2026-09-03 11:00:54] [CRITICAL] [STOP_BREACHED] ENRIN: Stop breached at Rs3177.70
[2026-09-03 11:00:54] [CRITICAL] [STOP_BREACHED] PENIND: Stop breached at Rs167.33
[2026-09-03 11:00:54] [CRITICAL] [STOP_BREACHED] RAMCOIND: Stop breached at Rs319.55
[2026-09-03 11:00:54] [CRITICAL] [STOP_BREACHED] ICRA: Stop breached at Rs4900.00
[2026-09-03 11:00:54] [CRITICAL] [STOP_BREACHED] MALLCOM: Stop breached at Rs1004.00
[2026-09-03 11:00:54] [CRITICAL] [STOP_BREACHED] STYLAMIND: Stop breached at Rs3264.20
[2026-09-03 11:00:54] [CRITICAL] [STOP_BREACHED] ZENTEC: Stop breached at Rs1835.80
[2026-09-03 11:00:54] [CRITICAL] [STOP_BREACHED] CREDITACC: Stop breached at Rs1437.80
[2026-09-03 11:00:54] [CRITICAL] [STOP_BREACHED] BAJAJELEC: Stop breached at Rs329.00
[2026-09-03 11:00:54] [CRITICAL] [STOP_BREACHED] TRAVELFOOD: Stop breached at Rs1275.60
[2026-09-03 11:00:54] [CRITICAL] [STOP_BREACHED] CUMMINSIND: Stop breached at Rs5091.00
[2026-09-03 11:00:54] [CRITICAL] [STOP_BREACHED] VAIBHAVGBL: Stop breached at Rs216.20
[2026-09-03 11:00:55] [CRITICAL] [STOP_BREACHED] NLCINDIA: Stop breached at Rs276.70
[2026-09-03 11:00:55] [CRITICAL] [STOP_BREACHED] SUNFLAG: Stop breached at Rs348.75
[2026-09-03 11:00:55] [CRITICAL] [STOP_BREACHED] SHARDACROP: Stop breached at Rs778.90
[2026-09-03 11:00:55] [CRITICAL] [STOP_BREACHED] TRANSRAILL: Stop breached at Rs431.15
[2026-09-03 11:00:55] [CRITICAL] [STOP_BREACHED] BEPL: Stop breached at Rs130.24
[2026-09-03 11:00:55] [CRITICAL] [STOP_BREACHED] GULPOLY: Stop breached at Rs187.22
[2026-09-03 11:00:55] [CRITICAL] [STOP_BREACHED] PATELENG: Stop breached at Rs27.29
[2026-09-03 11:00:55] [CRITICAL] [STOP_BREACHED] TINNARUBR: Stop breached at Rs1048.95
[2026-09-03 11:00:55] [CRITICAL] [STOP_BREACHED] SUPREMEIND: Stop breached at Rs3493.00
[2026-09-03 11:00:55] [CRITICAL] [STOP_BREACHED] GODREJIND: Stop breached at Rs1145.90
[2026-09-03 11:00:55] [CRITICAL] [STOP_BREACHED] CHAMBLFERT: Stop breached at Rs420.25
[2026-09-03 11:00:55] [CRITICAL] [STOP_BREACHED] HBLENGINE: Stop breached at Rs661.80
[2026-09-03 11:00:55] [CRITICAL] [STOP_BREACHED] TEGA: Stop breached at Rs1550.00
[2026-09-03 11:00:55] [CRITICAL] [STOP_BREACHED] TATVA: Stop breached at Rs1617.50
[2026-09-03 11:00:55] [CRITICAL] [STOP_BREACHED] HYUNDAI: Stop breached at Rs2162.00
[2026-09-03 11:00:55] [CRITICAL] [STOP_BREACHED] HUHTAMAKI: Stop breached at Rs258.50
[2026-09-03 11:00:55] [CRITICAL] [STOP_BREACHED] CSBBANK: Stop breached at Rs330.45
[2026-09-03 11:00:55] [CRITICAL] [STOP_BREACHED] MCLOUD: Stop breached at Rs26.79
[2026-09-03 11:00:56] [CRITICAL] [STOP_BREACHED] MUNJALAU: Stop breached at Rs113.48
[2026-09-03 11:00:56] [CRITICAL] [STOP_BREACHED] BBTC: Stop breached at Rs1508.40
[2026-09-03 11:00:56] [CRITICAL] [STOP_BREACHED] ACUTAAS: Stop breached at Rs3188.30
[2026-09-03 11:00:56] [CRITICAL] [STOP_BREACHED] VOLTAS: Stop breached at Rs1169.00
[2026-09-03 11:00:56] [CRITICAL] [STOP_BREACHED] KSB: Stop breached at Rs805.60
[2026-09-03 11:00:56] [CRITICAL] [STOP_BREACHED] HUDCO: Stop breached at Rs182.93
[2026-09-03 11:00:56] [CRITICAL] [STOP_BREACHED] HEROMOTOCO: Stop breached at Rs5302.50
[2026-09-03 11:00:56] [CRITICAL] [STOP_BREACHED] INDIASHLTR: Stop breached at Rs660.15
[2026-09-03 11:00:56] [CRITICAL] [STOP_BREACHED] WABAG: Stop breached at Rs2011.80
[2026-09-03 11:00:56] [CRITICAL] [STOP_BREACHED] VMM: Stop breached at Rs107.66
[2026-09-03 11:00:56] [CRITICAL] [STOP_BREACHED] ZAGGLE: Stop breached at Rs184.87
[2026-09-03 11:00:56] [CRITICAL] [STOP_BREACHED] ADVENZYMES: Stop breached at Rs295.45
[2026-09-03 11:00:56] [CRITICAL] [STOP_BREACHED] PIIND: Stop breached at Rs2396.60
[2026-09-03 11:00:56] [CRITICAL] [STOP_BREACHED] DODLA: Stop breached at Rs1072.60
[2026-09-03 11:00:56] [CRITICAL] [STOP_BREACHED] AEGISLOG: Stop breached at Rs1254.80
[2026-09-03 11:00:56] [CRITICAL] [STOP_BREACHED] MASFIN: Stop breached at Rs293.80
[2026-09-03 11:00:56] [CRITICAL] [STOP_BREACHED] SWANCORP: Stop breached at Rs287.40
[2026-09-03 11:00:56] [CRITICAL] [STOP_BREACHED] RVNL: Stop breached at Rs209.30
[2026-09-03 11:00:56] [CRITICAL] [STOP_BREACHED] TMPV: Stop breached at Rs311.95
[2026-09-03 11:00:56] [CRITICAL] [STOP_BREACHED] CARBORUNIV: Stop breached at Rs1080.10
[2026-09-03 11:00:56] [CRITICAL] [STOP_BREACHED] ABLBL: Stop breached at Rs83.05
[2026-09-03 11:00:56] [CRITICAL] [STOP_BREACHED] JSLL: Stop breached at Rs505.00
[2026-09-03 11:00:57] [CRITICAL] [STOP_BREACHED] THOMASCOOK: Stop breached at Rs105.95
[2026-09-03 11:00:57] [CRITICAL] [STOP_BREACHED] TARIL: Stop breached at Rs303.75
[2026-09-03 11:00:57] [CRITICAL] [STOP_BREACHED] NUVAMA: Stop breached at Rs1826.80
[2026-09-03 11:00:57] [CRITICAL] [STOP_BREACHED] LICHSGFIN: Stop breached at Rs548.15
[2026-09-03 11:00:57] [CRITICAL] [STOP_BREACHED] RBA: Stop breached at Rs98.27
[2026-09-03 11:00:57] [CRITICAL] [STOP_BREACHED] PRICOLLTD: Stop breached at Rs773.00
[2026-09-03 11:00:57] [CRITICAL] [STOP_BREACHED] EXICOM: Stop breached at Rs167.22
[2026-09-03 11:00:57] [CRITICAL] [STOP_BREACHED] GRMOVER: Stop breached at Rs86.42
[2026-09-03 11:00:57] [CRITICAL] [STOP_BREACHED] INTERARCH: Stop breached at Rs1697.00
[2026-09-03 11:00:57] [CRITICAL] [STOP_BREACHED] IRCON: Stop breached at Rs119.56
[2026-09-03 11:00:57] [CRITICAL] [STOP_BREACHED] AAVAS: Stop breached at Rs1280.60
[2026-09-03 11:00:57] [CRITICAL] [STOP_BREACHED] J&KBANK: Stop breached at Rs150.10
[2026-09-03 11:00:57] [CRITICAL] [STOP_BREACHED] REFEX: Stop breached at Rs278.00
[2026-09-03 11:00:57] [CRITICAL] [STOP_BREACHED] ASTRAZEN: Stop breached at Rs6888.50
[2026-09-03 11:00:57] [CRITICAL] [STOP_BREACHED] 63MOONS: Stop breached at Rs830.00
[2026-09-03 11:00:57] [CRITICAL] [STOP_BREACHED] PFOCUS: Stop breached at Rs282.90
[2026-09-03 11:00:57] [CRITICAL] [STOP_BREACHED] LLOYDSME: Stop breached at Rs1834.60
[2026-09-03 11:00:57] [CRITICAL] [STOP_BREACHED] SENCO: Stop breached at Rs351.85
[2026-09-03 11:00:57] [CRITICAL] [STOP_BREACHED] RATEGAIN: Stop breached at Rs884.00
[2026-09-03 11:00:58] [CRITICAL] [STOP_BREACHED] ATULAUTO: Stop breached at Rs468.95
[2026-09-03 11:00:58] [CRITICAL] [STOP_BREACHED] SFL: Stop breached at Rs650.45
[2026-09-03 11:00:58] [CRITICAL] [STOP_BREACHED] TIMETECHNO: Stop breached at Rs189.60
[2026-09-03 11:00:58] [CRITICAL] [STOP_BREACHED] SRM: Stop breached at Rs470.55
[2026-09-03 11:00:58] [CRITICAL] [STOP_BREACHED] SAMMAANCAP: Stop breached at Rs153.93
[2026-09-03 11:00:58] [CRITICAL] [STOP_BREACHED] ORIENTHOT: Stop breached at Rs140.53
[2026-09-03 11:00:58] [CRITICAL] [STOP_BREACHED] NAM-INDIA: Stop breached at Rs1161.80
[2026-09-03 11:00:58] [CRITICAL] [STOP_BREACHED] FDC: Stop breached at Rs341.20
[2026-09-03 11:00:58] [CRITICAL] [STOP_BREACHED] MEDIASSIST: Stop breached at Rs345.90
[2026-09-03 11:00:58] [CRITICAL] [STOP_BREACHED] LAURUSLABS: Stop breached at Rs1858.20
[2026-09-03 11:00:58] [CRITICAL] [STOP_BREACHED] SYMPHONY: Stop breached at Rs568.90
[2026-09-03 11:00:58] [CRITICAL] [STOP_BREACHED] BELRISE: Stop breached at Rs238.47
[2026-09-03 11:00:58] [CRITICAL] [STOP_BREACHED] TEJASNET: Stop breached at Rs572.85
[2026-09-03 11:00:58] [CRITICAL] [STOP_BREACHED] NELCO: Stop breached at Rs941.70
[2026-09-03 11:00:58] [CRITICAL] [STOP_BREACHED] CAPACITE: Stop breached at Rs208.30
[2026-09-03 11:02:25] [CRITICAL] [STOP_BREACHED] KDDL: Stop breached at Rs3927.90
[2026-09-03 11:02:30] [CRITICAL] [STOP_BREACHED] JAYNECOIND: Stop breached at Rs98.87
[2026-09-03 11:04:02] [CRITICAL] [STOP_BREACHED] APOLLOHOSP: Stop breached at Rs8736.50
[2026-09-03 11:04:05] [INFO] [VALID_BREAKOUT] VSSL: Confirmed breakout at Rs373.60, RVOL 3.63x
[2026-09-03 11:05:37] [CRITICAL] [STOP_BREACHED] GODREJPROP: Stop breached at Rs2013.10
[2026-09-03 11:10:10] [CRITICAL] [STOP_BREACHED] POLYPLEX: Stop breached at Rs1197.60
[2026-09-03 11:10:19] [CRITICAL] [STOP_BREACHED] AUROPHARMA: Stop breached at Rs1657.30
[2026-09-03 11:11:55] [CRITICAL] [STOP_BREACHED] BANKINDIA: Stop breached at Rs144.81
[2026-09-03 11:11:59] [INFO] [VALID_BREAKOUT] VISHNU: Confirmed breakout at Rs682.00, RVOL 2.24x
[2026-09-03 11:13:29] [CRITICAL] [STOP_BREACHED] WENDT: Stop breached at Rs8305.00
[2026-09-03 11:15:00] [CRITICAL] [STOP_BREACHED] JSL: Stop breached at Rs728.80
[2026-09-03 11:15:01] [INFO] [VALID_BREAKOUT] SHANTIGEAR: Confirmed breakout at Rs578.35, RVOL 2.68x
[2026-09-03 11:15:04] [CRITICAL] [STOP_BREACHED] UNIVCABLES: Stop breached at Rs1624.00
[2026-09-03 11:21:16] [CRITICAL] [STOP_BREACHED] USHAMART: Stop breached at Rs505.65
[2026-09-03 11:27:21] [INFO] [VALID_BREAKOUT] HINDOILEXP: Confirmed breakout at Rs176.59, RVOL 5.73x
[2026-09-03 11:30:17] [INFO] [VALID_BREAKOUT] SIRCA: Confirmed breakout at Rs447.15, RVOL 2.51x
[2026-09-03 11:30:19] [CRITICAL] [STOP_BREACHED] AJAXENGG: Stop breached at Rs573.80
[2026-09-03 11:30:23] [CRITICAL] [STOP_BREACHED] EIDPARRY: Stop breached at Rs790.25
[2026-09-03 11:31:55] [CRITICAL] [STOP_BREACHED] SANSERA: Stop breached at Rs3824.60
[2026-09-03 11:36:36] [INFO] [VALID_BREAKOUT] DEEPINDS: Confirmed breakout at Rs729.20, RVOL 1.79x
[2026-09-03 11:41:18] [CRITICAL] [STOP_BREACHED] EFCIL: Stop breached at Rs199.20
[2026-09-03 11:42:55] [INFO] [VALID_BREAKOUT] KSL: Confirmed breakout at Rs950.00, RVOL 2.24x
[2026-09-03 11:46:10] [CRITICAL] [STOP_BREACHED] GPIL: Stop breached at Rs238.50
[2026-09-03 11:49:19] [INFO] [VALID_BREAKOUT] CUB: Confirmed breakout at Rs237.30, RVOL 2.54x
[2026-09-03 11:52:27] [INFO] [VALID_BREAKOUT] GANDHAR: Confirmed breakout at Rs270.55, RVOL 1.81x
[2026-09-03 11:55:35] [CRITICAL] [STOP_BREACHED] RKFORGE: Stop breached at Rs728.80
[2026-09-03 11:58:30] [INFO] [VALID_BREAKOUT] CAPLIPOINT: Confirmed breakout at Rs2858.20, RVOL 1.97x
[2026-09-03 12:00:09] [INFO] [VALID_BREAKOUT] SEAMECLTD: Confirmed breakout at Rs1763.60, RVOL 1.55x
[2026-09-03 12:04:47] [INFO] [VALID_BREAKOUT] JINDRILL: Confirmed breakout at Rs663.85, RVOL 2.74x
[2026-09-03 12:04:56] [INFO] [VALID_BREAKOUT] RAYMOND: Confirmed breakout at Rs760.00, RVOL 2.3x
[2026-09-03 12:12:48] [INFO] [VALID_BREAKOUT] AFCONS: Confirmed breakout at Rs294.95, RVOL 4.24x
[2026-09-03 12:18:55] [INFO] [VALID_BREAKOUT] KMEW: Confirmed breakout at Rs3135.40, RVOL 2.84x
[2026-09-03 12:20:29] [CRITICAL] [STOP_BREACHED] LALPATHLAB: Stop breached at Rs1913.20
[2026-09-03 12:20:34] [CRITICAL] [STOP_BREACHED] AEGISVOPAK: Stop breached at Rs289.35
[2026-09-03 12:36:58] [CRITICAL] [STOP_BREACHED] COSMOFIRST: Stop breached at Rs939.65
[2026-09-03 12:44:58] [CRITICAL] [STOP_BREACHED] GARFIBRES: Stop breached at Rs803.50
[2026-09-03 13:03:59] [CRITICAL] [STOP_BREACHED] FLUOROCHEM: Stop breached at Rs4720.00
[2026-09-03 13:04:14] [CRITICAL] [STOP_BREACHED] ARTEMISMED: Stop breached at Rs318.15
[2026-09-03 13:09:44] [INFO] [VALID_BREAKOUT] EDELWEISS: Confirmed breakout at Rs133.65, RVOL 12.58x
[2026-09-03 13:15:14] [CRITICAL] [STOP_BREACHED] SHRIPISTON: Stop breached at Rs4551.20
[2026-09-03 13:23:02] [CRITICAL] [STOP_BREACHED] SAIL: Stop breached at Rs194.78
[2026-09-03 13:28:45] [CRITICAL] [STOP_BREACHED] VARROC: Stop breached at Rs834.60
[2026-09-03 13:58:36] [CRITICAL] [STOP_BREACHED] UNIMECH: Stop breached at Rs1455.20
[2026-09-03 14:06:36] [CRITICAL] [STOP_BREACHED] IDBI: Stop breached at Rs91.75
[2026-09-03 14:22:27] [INFO] [VALID_BREAKOUT] JMFINANCIL: Confirmed breakout at Rs134.64, RVOL 5.38x
[2026-09-03 14:30:12] [CRITICAL] [STOP_BREACHED] ELECON: Stop breached at Rs434.20
[2026-09-03 14:30:14] [CRITICAL] [STOP_BREACHED] ECLERX: Stop breached at Rs1933.00
[2026-09-03 14:53:45] [CRITICAL] [STOP_BREACHED] NH: Stop breached at Rs1883.80
[2026-09-03 15:00:00] [CRITICAL] [STOP_BREACHED] KINGFA: Stop breached at Rs5879.00
[2026-09-03 15:00:02] [CRITICAL] [STOP_BREACHED] MSPL: Stop breached at Rs35.63
[2026-09-03 15:11:00] [INFO] [VALID_BREAKOUT] RBLBANK: Confirmed breakout at Rs409.10, RVOL 1.69x
[2026-09-03 15:11:02] [CRITICAL] [STOP_BREACHED] IONEXCHANG: Stop breached at Rs382.00
[2026-09-03 15:31:02] [INFO] [VALID_BREAKOUT] JKPAPER: Confirmed breakout at Rs414.80, RVOL 2.53x
[2026-09-04 13:12:39] [CRITICAL] [STOP_BREACHED] NH: Stop breached at Rs1855.20
[2026-09-04 13:12:39] [CRITICAL] [STOP_BREACHED] BAJAJFINSV: Stop breached at Rs1973.70
[2026-09-04 13:12:39] [CRITICAL] [STOP_BREACHED] MANKIND: Stop breached at Rs2336.90
[2026-09-04 13:12:39] [CRITICAL] [STOP_BREACHED] HCLTECH: Stop breached at Rs1302.90
[2026-09-04 13:12:39] [CRITICAL] [STOP_BREACHED] PGHL: Stop breached at Rs5667.00
[2026-09-04 13:12:39] [CRITICAL] [STOP_BREACHED] INDIANHUME: Stop breached at Rs389.05
[2026-09-04 13:12:39] [CRITICAL] [STOP_BREACHED] CDSL: Stop breached at Rs1396.30
[2026-09-04 13:12:39] [CRITICAL] [STOP_BREACHED] AMBER: Stop breached at Rs7483.00
[2026-09-04 13:12:39] [CRITICAL] [STOP_BREACHED] PANACEABIO: Stop breached at Rs384.10
[2026-09-04 13:12:39] [CRITICAL] [STOP_BREACHED] GAIL: Stop breached at Rs172.60
[2026-09-04 13:12:39] [CRITICAL] [STOP_BREACHED] MAZDOCK: Stop breached at Rs2507.30
[2026-09-04 13:12:40] [CRITICAL] [STOP_BREACHED] GODREJPROP: Stop breached at Rs1985.00
[2026-09-04 13:12:40] [CRITICAL] [STOP_BREACHED] CONCOR: Stop breached at Rs502.70
[2026-09-04 13:12:40] [CRITICAL] [STOP_BREACHED] VINATIORGA: Stop breached at Rs1319.20
[2026-09-04 13:12:40] [CRITICAL] [STOP_BREACHED] UNOMINDA: Stop breached at Rs1244.20
[2026-09-04 13:12:40] [CRITICAL] [STOP_BREACHED] VGUARD: Stop breached at Rs331.55
[2026-09-04 13:12:40] [CRITICAL] [STOP_BREACHED] JBMA: Stop breached at Rs624.80
[2026-09-04 13:12:40] [CRITICAL] [STOP_BREACHED] IIFLCAPS: Stop breached at Rs339.30
[2026-09-04 13:12:40] [CRITICAL] [STOP_BREACHED] EMBDL: Stop breached at Rs57.92
[2026-09-04 13:12:40] [CRITICAL] [STOP_BREACHED] INTERARCH: Stop breached at Rs1706.60
[2026-09-04 13:12:40] [CRITICAL] [STOP_BREACHED] ATUL: Stop breached at Rs6401.50
[2026-09-04 13:12:40] [CRITICAL] [STOP_BREACHED] GRSE: Stop breached at Rs2546.70
[2026-09-04 13:12:40] [CRITICAL] [STOP_BREACHED] V2RETAIL: Stop breached at Rs214.64
[2026-09-04 13:12:40] [CRITICAL] [STOP_BREACHED] SINDHUTRAD: Stop breached at Rs23.93
[2026-09-04 13:12:40] [CRITICAL] [STOP_BREACHED] HCG: Stop breached at Rs705.70
[2026-09-04 13:12:40] [CRITICAL] [STOP_BREACHED] SAFARI: Stop breached at Rs1546.60
[2026-09-04 13:12:40] [CRITICAL] [STOP_BREACHED] BOMDYEING: Stop breached at Rs113.64
[2026-09-04 13:12:40] [CRITICAL] [STOP_BREACHED] EPACK: Stop breached at Rs189.00
[2026-09-04 13:12:40] [CRITICAL] [STOP_BREACHED] DCXINDIA: Stop breached at Rs169.39
[2026-09-04 13:12:40] [CRITICAL] [STOP_BREACHED] WALCHANNAG: Stop breached at Rs208.14
[2026-09-04 13:12:40] [CRITICAL] [STOP_BREACHED] NTPCGREEN: Stop breached at Rs89.49
[2026-09-04 13:12:40] [CRITICAL] [STOP_BREACHED] DSSL: Stop breached at Rs1053.10
[2026-09-04 13:12:40] [CRITICAL] [STOP_BREACHED] WAAREEENER: Stop breached at Rs2608.00
[2026-09-04 13:12:40] [CRITICAL] [STOP_BREACHED] JUBLINGREA: Stop breached at Rs683.35
[2026-09-04 13:12:40] [CRITICAL] [STOP_BREACHED] LALPATHLAB: Stop breached at Rs1876.30
[2026-09-04 13:12:40] [CRITICAL] [STOP_BREACHED] ESCORTS: Stop breached at Rs2966.10
[2026-09-04 13:12:40] [CRITICAL] [STOP_BREACHED] INDIAMART: Stop breached at Rs1730.60
[2026-09-04 13:12:40] [CRITICAL] [STOP_BREACHED] PROTEAN: Stop breached at Rs493.00
[2026-09-04 13:12:40] [CRITICAL] [STOP_BREACHED] GESHIP: Stop breached at Rs1368.00
[2026-09-04 13:12:40] [CRITICAL] [STOP_BREACHED] CHOICEIN: Stop breached at Rs763.15
[2026-09-04 13:12:40] [CRITICAL] [STOP_BREACHED] DOMS: Stop breached at Rs2211.80
[2026-09-04 13:12:40] [CRITICAL] [STOP_BREACHED] SHRIRAMPPS: Stop breached at Rs76.74
[2026-09-04 13:12:40] [CRITICAL] [STOP_BREACHED] GRAVITA: Stop breached at Rs1620.00
[2026-09-04 13:12:41] [CRITICAL] [STOP_BREACHED] ANURAS: Stop breached at Rs1236.80
[2026-09-04 13:12:41] [CRITICAL] [STOP_BREACHED] ABREL: Stop breached at Rs1368.00
[2026-09-04 13:12:41] [CRITICAL] [STOP_BREACHED] RITES: Stop breached at Rs215.34
[2026-09-04 13:12:41] [CRITICAL] [STOP_BREACHED] CIPLA: Stop breached at Rs1378.20
[2026-09-04 13:12:41] [CRITICAL] [STOP_BREACHED] SARDAEN: Stop breached at Rs505.85
[2026-09-04 13:12:41] [CRITICAL] [STOP_BREACHED] CAMS: Stop breached at Rs747.85
[2026-09-04 13:12:41] [CRITICAL] [STOP_BREACHED] SYNGENE: Stop breached at Rs396.35
[2026-09-04 13:12:41] [CRITICAL] [STOP_BREACHED] DEEPAKNTR: Stop breached at Rs1717.90
[2026-09-04 13:12:41] [CRITICAL] [STOP_BREACHED] THERMAX: Stop breached at Rs3636.80
[2026-09-04 13:12:41] [CRITICAL] [STOP_BREACHED] APOLLOTYRE: Stop breached at Rs429.85
[2026-09-04 13:12:41] [CRITICAL] [STOP_BREACHED] SIEMENS: Stop breached at Rs3984.60
[2026-09-04 13:12:41] [CRITICAL] [STOP_BREACHED] IOC: Stop breached at Rs137.54
[2026-09-04 13:12:41] [CRITICAL] [STOP_BREACHED] NAVA: Stop breached at Rs559.15
[2026-09-04 13:12:41] [CRITICAL] [STOP_BREACHED] GICRE: Stop breached at Rs356.15
[2026-09-04 13:12:41] [CRITICAL] [STOP_BREACHED] GHCL: Stop breached at Rs438.05
[2026-09-04 13:12:41] [CRITICAL] [STOP_BREACHED] NHPC: Stop breached at Rs76.47
[2026-09-04 13:12:41] [CRITICAL] [STOP_BREACHED] APOLLOHOSP: Stop breached at Rs8681.50
[2026-09-04 13:12:41] [CRITICAL] [STOP_BREACHED] TATAELXSI: Stop breached at Rs3558.20
[2026-09-04 13:12:41] [CRITICAL] [STOP_BREACHED] ROSSARI: Stop breached at Rs458.90
[2026-09-04 13:12:41] [CRITICAL] [STOP_BREACHED] SUPRIYA: Stop breached at Rs859.00
[2026-09-04 13:12:41] [CRITICAL] [STOP_BREACHED] TRIDENT: Stop breached at Rs24.08
[2026-09-04 13:12:41] [CRITICAL] [STOP_BREACHED] TEAMLEASE: Stop breached at Rs1239.60
[2026-09-04 13:12:41] [CRITICAL] [STOP_BREACHED] AGI: Stop breached at Rs739.90
[2026-09-04 13:12:41] [CRITICAL] [STOP_BREACHED] CANBK: Stop breached at Rs126.80
[2026-09-04 13:12:41] [CRITICAL] [STOP_BREACHED] HDFCLIFE: Stop breached at Rs543.50
[2026-09-04 13:12:41] [CRITICAL] [STOP_BREACHED] KIRLOSBROS: Stop breached at Rs1867.40
[2026-09-04 13:12:41] [CRITICAL] [STOP_BREACHED] RAILTEL: Stop breached at Rs271.15
[2026-09-04 13:12:41] [CRITICAL] [STOP_BREACHED] AWFIS: Stop breached at Rs261.15
[2026-09-04 13:12:41] [CRITICAL] [STOP_BREACHED] CESC: Stop breached at Rs147.64
[2026-09-04 13:12:41] [CRITICAL] [STOP_BREACHED] FDC: Stop breached at Rs343.80
[2026-09-04 13:12:41] [CRITICAL] [STOP_BREACHED] COROMANDEL: Stop breached at Rs1939.70
[2026-09-04 13:12:41] [CRITICAL] [STOP_BREACHED] MAHLOG: Stop breached at Rs404.05
[2026-09-04 13:12:41] [CRITICAL] [STOP_BREACHED] TITAN: Stop breached at Rs4994.00
[2026-09-04 13:12:41] [CRITICAL] [STOP_BREACHED] TORNTPOWER: Stop breached at Rs1296.10
[2026-09-04 13:12:41] [CRITICAL] [STOP_BREACHED] RIIL: Stop breached at Rs751.35
[2026-09-04 13:12:41] [CRITICAL] [STOP_BREACHED] CAMPUS: Stop breached at Rs221.90
[2026-09-04 13:12:41] [CRITICAL] [STOP_BREACHED] BIOCON: Stop breached at Rs400.45
[2026-09-04 13:12:41] [CRITICAL] [STOP_BREACHED] PARACABLES: Stop breached at Rs66.48
[2026-09-04 13:12:42] [CRITICAL] [STOP_BREACHED] BORORENEW: Stop breached at Rs500.40
[2026-09-04 13:12:42] [CRITICAL] [STOP_BREACHED] HONASA: Stop breached at Rs474.20
[2026-09-04 13:12:42] [CRITICAL] [STOP_BREACHED] SRF: Stop breached at Rs2559.00
[2026-09-04 13:12:42] [CRITICAL] [STOP_BREACHED] HOMEFIRST: Stop breached at Rs1218.90
[2026-09-04 13:12:42] [CRITICAL] [STOP_BREACHED] PATANJALI: Stop breached at Rs341.30
[2026-09-04 13:12:42] [CRITICAL] [STOP_BREACHED] GMRP&UI: Stop breached at Rs94.25
[2026-09-04 13:12:42] [CRITICAL] [STOP_BREACHED] DRREDDY: Stop breached at Rs1161.60
[2026-09-04 13:12:42] [CRITICAL] [STOP_BREACHED] SUNPHARMA: Stop breached at Rs1903.40
[2026-09-04 13:12:42] [CRITICAL] [STOP_BREACHED] CENTRALBK: Stop breached at Rs31.11
[2026-09-04 13:12:42] [CRITICAL] [STOP_BREACHED] ANGELONE: Stop breached at Rs300.00
[2026-09-04 13:12:42] [CRITICAL] [STOP_BREACHED] CEIGALL: Stop breached at Rs355.30
[2026-09-04 13:12:42] [CRITICAL] [STOP_BREACHED] GMBREW: Stop breached at Rs919.00
[2026-09-04 13:12:42] [CRITICAL] [STOP_BREACHED] WIPRO: Stop breached at Rs177.89
[2026-09-04 13:12:42] [CRITICAL] [STOP_BREACHED] ABB: Stop breached at Rs7405.50
[2026-09-04 13:12:42] [CRITICAL] [STOP_BREACHED] PIDILITIND: Stop breached at Rs1632.30
[2026-09-04 13:12:42] [CRITICAL] [STOP_BREACHED] SPARC: Stop breached at Rs199.69
[2026-09-04 13:12:42] [CRITICAL] [STOP_BREACHED] IOB: Stop breached at Rs33.44
[2026-09-04 13:12:42] [CRITICAL] [STOP_BREACHED] BHARTIHEXA: Stop breached at Rs1499.00
[2026-09-04 13:12:42] [CRITICAL] [STOP_BREACHED] TORNTPHARM: Stop breached at Rs4848.50
[2026-09-04 13:12:42] [CRITICAL] [STOP_BREACHED] VIPIND: Stop breached at Rs314.95
[2026-09-04 13:12:42] [CRITICAL] [STOP_BREACHED] ZFCVINDIA: Stop breached at Rs2531.00
[2026-09-04 13:12:42] [CRITICAL] [STOP_BREACHED] MEDPLUS: Stop breached at Rs658.85
[2026-09-04 13:12:42] [CRITICAL] [STOP_BREACHED] INDIGO: Stop breached at Rs4988.50
[2026-09-04 13:12:42] [INFO] [VALID_BREAKOUT] SBC: Confirmed breakout at Rs45.25, RVOL 1.61x
[2026-09-04 13:12:42] [CRITICAL] [STOP_BREACHED] CEATLTD: Stop breached at Rs3310.00
[2026-09-04 13:12:42] [CRITICAL] [STOP_BREACHED] IEX: Stop breached at Rs119.52
[2026-09-04 13:12:42] [CRITICAL] [STOP_BREACHED] RELIANCE: Stop breached at Rs1326.60
[2026-09-04 13:12:42] [CRITICAL] [STOP_BREACHED] BAYERCROP: Stop breached at Rs3986.20
[2026-09-04 13:12:42] [CRITICAL] [STOP_BREACHED] LT: Stop breached at Rs3984.20
[2026-09-04 13:12:42] [CRITICAL] [STOP_BREACHED] KRISHNADEF: Stop breached at Rs1015.80
[2026-09-04 13:12:42] [CRITICAL] [STOP_BREACHED] TIPSMUSIC: Stop breached at Rs654.60
[2026-09-04 13:12:42] [CRITICAL] [STOP_BREACHED] BLUEJET: Stop breached at Rs574.80
[2026-09-04 13:12:42] [CRITICAL] [STOP_BREACHED] STARHEALTH: Stop breached at Rs556.75
[2026-09-04 13:12:42] [CRITICAL] [STOP_BREACHED] NESTLEIND: Stop breached at Rs1407.60
[2026-09-04 13:12:42] [CRITICAL] [STOP_BREACHED] AXISBANK: Stop breached at Rs1274.80
[2026-09-04 13:12:42] [CRITICAL] [STOP_BREACHED] AMBUJACEM: Stop breached at Rs405.55
[2026-09-04 13:12:42] [CRITICAL] [STOP_BREACHED] PFIZER: Stop breached at Rs4585.10
[2026-09-04 13:12:42] [CRITICAL] [STOP_BREACHED] JKCEMENT: Stop breached at Rs5046.00
[2026-09-04 13:12:43] [CRITICAL] [STOP_BREACHED] SUPRAJIT: Stop breached at Rs481.50
[2026-09-04 13:12:43] [CRITICAL] [STOP_BREACHED] ICICIPRULI: Stop breached at Rs495.60
[2026-09-04 13:12:43] [CRITICAL] [STOP_BREACHED] CIEINDIA: Stop breached at Rs383.40
[2026-09-04 13:12:43] [CRITICAL] [STOP_BREACHED] KIMS: Stop breached at Rs762.80
[2026-09-04 13:12:43] [CRITICAL] [STOP_BREACHED] NIVABUPA: Stop breached at Rs80.47
[2026-09-04 13:12:43] [CRITICAL] [STOP_BREACHED] HINDUNILVR: Stop breached at Rs1980.00
[2026-09-04 13:12:43] [CRITICAL] [STOP_BREACHED] KPITTECH: Stop breached at Rs579.15
[2026-09-04 13:12:43] [CRITICAL] [STOP_BREACHED] GLOBUSSPR: Stop breached at Rs915.05
[2026-09-04 13:12:43] [CRITICAL] [STOP_BREACHED] NMDC: Stop breached at Rs84.60
[2026-09-04 13:12:43] [CRITICAL] [STOP_BREACHED] SCHAEFFLER: Stop breached at Rs3970.30
[2026-09-04 13:12:43] [CRITICAL] [STOP_BREACHED] GRANULES: Stop breached at Rs844.70
[2026-09-04 13:12:43] [CRITICAL] [STOP_BREACHED] SMCGLOBAL: Stop breached at Rs80.51
[2026-09-04 13:12:43] [CRITICAL] [STOP_BREACHED] APLLTD: Stop breached at Rs802.15
[2026-09-04 13:12:43] [CRITICAL] [STOP_BREACHED] BBL: Stop breached at Rs2296.40
[2026-09-04 13:12:43] [CRITICAL] [STOP_BREACHED] PHOENIXLTD: Stop breached at Rs1944.00
[2026-09-04 13:12:43] [CRITICAL] [STOP_BREACHED] NYKAA: Stop breached at Rs334.95
[2026-09-04 13:12:43] [CRITICAL] [STOP_BREACHED] HAL: Stop breached at Rs4921.40
[2026-09-04 13:12:43] [CRITICAL] [STOP_BREACHED] RAYMONDREL: Stop breached at Rs542.80
[2026-09-04 13:12:43] [CRITICAL] [STOP_BREACHED] BAJAJHFL: Stop breached at Rs83.16
[2026-09-04 13:12:43] [CRITICAL] [STOP_BREACHED] CCL: Stop breached at Rs1088.60
[2026-09-04 13:12:43] [CRITICAL] [STOP_BREACHED] SIGNATURE: Stop breached at Rs789.30
[2026-09-04 13:12:43] [CRITICAL] [STOP_BREACHED] RAYMONDLSL: Stop breached at Rs665.00
[2026-09-04 13:12:43] [CRITICAL] [STOP_BREACHED] ARVINDFASN: Stop breached at Rs450.10
[2026-09-04 13:12:43] [CRITICAL] [STOP_BREACHED] VERANDA: Stop breached at Rs241.33
[2026-09-04 13:12:43] [CRITICAL] [STOP_BREACHED] LTF: Stop breached at Rs315.80
[2026-09-04 13:12:43] [CRITICAL] [STOP_BREACHED] BATAINDIA: Stop breached at Rs677.60
[2026-09-04 13:12:43] [CRITICAL] [STOP_BREACHED] AMRUTANJAN: Stop breached at Rs504.00
[2026-09-04 13:12:43] [CRITICAL] [STOP_BREACHED] KAYNES: Stop breached at Rs3578.10
[2026-09-04 13:12:43] [CRITICAL] [STOP_BREACHED] FLUOROCHEM: Stop breached at Rs4533.70
[2026-09-04 13:12:43] [CRITICAL] [STOP_BREACHED] OBEROIRLTY: Stop breached at Rs1900.00
[2026-09-04 13:12:43] [CRITICAL] [STOP_BREACHED] INDRAMEDCO: Stop breached at Rs354.20
[2026-09-04 13:12:43] [CRITICAL] [STOP_BREACHED] SANOFICONR: Stop breached at Rs4198.10
[2026-09-04 13:12:43] [CRITICAL] [STOP_BREACHED] RAJRATAN: Stop breached at Rs493.20
[2026-09-04 13:12:43] [CRITICAL] [STOP_BREACHED] JAGSNPHARM: Stop breached at Rs240.41
[2026-09-04 13:12:43] [CRITICAL] [STOP_BREACHED] RHIM: Stop breached at Rs371.00
[2026-09-04 13:12:43] [CRITICAL] [STOP_BREACHED] JUBLFOOD: Stop breached at Rs482.50
[2026-09-04 13:12:43] [CRITICAL] [STOP_BREACHED] UCOBANK: Stop breached at Rs24.99
[2026-09-04 13:12:43] [CRITICAL] [STOP_BREACHED] MIDHANI: Stop breached at Rs420.65
[2026-09-04 13:12:43] [CRITICAL] [STOP_BREACHED] BASF: Stop breached at Rs3842.30
[2026-09-04 13:12:44] [CRITICAL] [STOP_BREACHED] AARTIIND: Stop breached at Rs495.10
[2026-09-04 13:12:44] [CRITICAL] [STOP_BREACHED] MINDACORP: Stop breached at Rs699.45
[2026-09-04 13:12:44] [CRITICAL] [STOP_BREACHED] TATAINVEST: Stop breached at Rs633.40
[2026-09-04 13:12:44] [CRITICAL] [STOP_BREACHED] TECHM: Stop breached at Rs1599.60
[2026-09-04 13:12:44] [CRITICAL] [STOP_BREACHED] INOXWIND: Stop breached at Rs73.93
[2026-09-04 13:12:44] [CRITICAL] [STOP_BREACHED] GREENPLY: Stop breached at Rs303.85
[2026-09-04 13:12:44] [CRITICAL] [STOP_BREACHED] AGARWALEYE: Stop breached at Rs509.95
[2026-09-04 13:12:44] [CRITICAL] [STOP_BREACHED] INFY: Stop breached at Rs1131.50
[2026-09-04 13:12:44] [CRITICAL] [STOP_BREACHED] INDUSINDBK: Stop breached at Rs1000.30
[2026-09-04 13:12:44] [CRITICAL] [STOP_BREACHED] PDSL: Stop breached at Rs355.00
[2026-09-04 13:12:44] [CRITICAL] [STOP_BREACHED] ORCHPHARMA: Stop breached at Rs951.95
[2026-09-04 13:12:44] [CRITICAL] [STOP_BREACHED] APOLLO: Stop breached at Rs386.50
[2026-09-04 13:12:44] [CRITICAL] [STOP_BREACHED] AURIONPRO: Stop breached at Rs691.05
[2026-09-04 13:12:44] [CRITICAL] [STOP_BREACHED] JSWCEMENT: Stop breached at Rs124.81
[2026-09-04 13:12:44] [CRITICAL] [STOP_BREACHED] ASIANPAINT: Stop breached at Rs2534.00
[2026-09-04 13:12:44] [CRITICAL] [STOP_BREACHED] FEDFINA: Stop breached at Rs160.64
[2026-09-04 13:12:44] [CRITICAL] [STOP_BREACHED] ACC: Stop breached at Rs1278.90
[2026-09-04 13:12:44] [CRITICAL] [STOP_BREACHED] PGIL: Stop breached at Rs2278.30
[2026-09-04 13:12:44] [CRITICAL] [STOP_BREACHED] POLYMED: Stop breached at Rs1726.80
[2026-09-04 13:12:44] [CRITICAL] [STOP_BREACHED] CGPOWER: Stop breached at Rs894.60
[2026-09-04 13:12:44] [CRITICAL] [STOP_BREACHED] CEMPRO: Stop breached at Rs1271.80
[2026-09-04 13:12:44] [CRITICAL] [STOP_BREACHED] JWL: Stop breached at Rs245.66
[2026-09-04 13:12:44] [CRITICAL] [STOP_BREACHED] YESBANK: Stop breached at Rs22.53
[2026-09-04 13:12:44] [CRITICAL] [STOP_BREACHED] MSUMI: Stop breached at Rs36.30
[2026-09-04 13:12:44] [CRITICAL] [STOP_BREACHED] HAVELLS: Stop breached at Rs1151.70
[2026-09-04 13:12:44] [CRITICAL] [STOP_BREACHED] NESCO: Stop breached at Rs1050.80
[2026-09-04 13:12:44] [CRITICAL] [STOP_BREACHED] TATASTEEL: Stop breached at Rs184.58
[2026-09-04 13:12:44] [CRITICAL] [STOP_BREACHED] UNITDSPR: Stop breached at Rs1470.00
[2026-09-04 13:12:44] [CRITICAL] [STOP_BREACHED] GARUDA: Stop breached at Rs179.74
[2026-09-04 13:12:44] [CRITICAL] [STOP_BREACHED] SIS: Stop breached at Rs431.10
[2026-09-04 13:12:44] [CRITICAL] [STOP_BREACHED] EQUITASBNK: Stop breached at Rs73.61
[2026-09-04 13:12:44] [CRITICAL] [STOP_BREACHED] SANOFI: Stop breached at Rs3164.60
[2026-09-04 13:12:44] [CRITICAL] [STOP_BREACHED] PRAJIND: Stop breached at Rs334.60
[2026-09-04 13:12:44] [CRITICAL] [STOP_BREACHED] CELLO: Stop breached at Rs342.65
[2026-09-04 13:12:45] [CRITICAL] [STOP_BREACHED] GILLETTE: Stop breached at Rs7322.50
[2026-09-04 13:12:45] [CRITICAL] [STOP_BREACHED] ITCHOTELS: Stop breached at Rs162.28
[2026-09-04 13:12:45] [CRITICAL] [STOP_BREACHED] WEBELSOLAR: Stop breached at Rs75.93
[2026-09-04 13:12:45] [CRITICAL] [STOP_BREACHED] ONGC: Stop breached at Rs234.81
[2026-09-04 13:12:45] [CRITICAL] [STOP_BREACHED] SGFIN: Stop breached at Rs675.40
[2026-09-04 13:12:45] [CRITICAL] [STOP_BREACHED] 360ONE: Stop breached at Rs1133.90
[2026-09-04 13:12:45] [CRITICAL] [STOP_BREACHED] FSL: Stop breached at Rs266.45
[2026-09-04 13:12:45] [CRITICAL] [STOP_BREACHED] DEEPAKFERT: Stop breached at Rs1372.00
[2026-09-04 13:12:45] [CRITICAL] [STOP_BREACHED] POLYPLEX: Stop breached at Rs1190.00
[2026-09-04 13:12:45] [CRITICAL] [STOP_BREACHED] HIRECT: Stop breached at Rs1220.40
[2026-09-04 13:12:45] [CRITICAL] [STOP_BREACHED] BANKBARODA: Stop breached at Rs240.43
[2026-09-04 13:12:45] [CRITICAL] [STOP_BREACHED] PCBL: Stop breached at Rs316.30
[2026-09-04 13:12:45] [CRITICAL] [STOP_BREACHED] AZAD: Stop breached at Rs2761.90
[2026-09-04 13:12:45] [CRITICAL] [STOP_BREACHED] MARICO: Stop breached at Rs819.30
[2026-09-04 13:12:45] [CRITICAL] [STOP_BREACHED] GMDCLTD: Stop breached at Rs561.65
[2026-09-04 13:12:45] [CRITICAL] [STOP_BREACHED] UBL: Stop breached at Rs1280.00
[2026-09-04 13:12:45] [CRITICAL] [STOP_BREACHED] SDBL: Stop breached at Rs73.57
[2026-09-04 13:12:45] [CRITICAL] [STOP_BREACHED] DMART: Stop breached at Rs3760.30
[2026-09-04 13:12:45] [CRITICAL] [STOP_BREACHED] GODFRYPHLP: Stop breached at Rs2050.40
[2026-09-04 13:12:46] [CRITICAL] [STOP_BREACHED] SJS: Stop breached at Rs2354.70
[2026-09-04 13:12:46] [CRITICAL] [STOP_BREACHED] APTUS: Stop breached at Rs257.71
[2026-09-04 13:12:46] [CRITICAL] [STOP_BREACHED] EICHERMOT: Stop breached at Rs7602.00
[2026-09-04 13:12:46] [CRITICAL] [STOP_BREACHED] PAISALO: Stop breached at Rs73.73
[2026-09-04 13:12:46] [CRITICAL] [STOP_BREACHED] HEXT: Stop breached at Rs528.80
[2026-09-04 13:12:46] [CRITICAL] [STOP_BREACHED] BAJAJHCARE: Stop breached at Rs324.05
[2026-09-04 13:12:46] [CRITICAL] [STOP_BREACHED] DPABHUSHAN: Stop breached at Rs1415.60
[2026-09-04 13:12:46] [CRITICAL] [STOP_BREACHED] GREAVESCOT: Stop breached at Rs194.10
[2026-09-04 13:12:46] [CRITICAL] [STOP_BREACHED] ELECON: Stop breached at Rs431.85
[2026-09-04 13:12:46] [CRITICAL] [STOP_BREACHED] KFINTECH: Stop breached at Rs933.30
[2026-09-04 13:12:46] [CRITICAL] [STOP_BREACHED] MOTHERSON: Stop breached at Rs160.50
[2026-09-04 13:12:46] [CRITICAL] [STOP_BREACHED] FIVESTAR: Stop breached at Rs516.35
[2026-09-04 13:12:46] [CRITICAL] [STOP_BREACHED] BANCOINDIA: Stop breached at Rs622.85
[2026-09-04 13:12:46] [CRITICAL] [STOP_BREACHED] KNRCON: Stop breached at Rs120.63
[2026-09-04 13:12:46] [CRITICAL] [STOP_BREACHED] SANDUMA: Stop breached at Rs197.36
[2026-09-04 13:12:46] [CRITICAL] [STOP_BREACHED] ABFRL: Stop breached at Rs52.37
[2026-09-04 13:12:46] [CRITICAL] [STOP_BREACHED] SUMICHEM: Stop breached at Rs496.65
[2026-09-04 13:12:46] [CRITICAL] [STOP_BREACHED] MGL: Stop breached at Rs1094.00
[2026-09-04 13:12:46] [CRITICAL] [STOP_BREACHED] TECHNOE: Stop breached at Rs974.40
[2026-09-04 13:12:46] [CRITICAL] [STOP_BREACHED] ARE&M: Stop breached at Rs862.65
[2026-09-04 13:12:46] [CRITICAL] [STOP_BREACHED] SYRMA: Stop breached at Rs1455.80
[2026-09-04 13:12:46] [CRITICAL] [STOP_BREACHED] GULFOILLUB: Stop breached at Rs1077.90
[2026-09-04 13:12:46] [CRITICAL] [STOP_BREACHED] ALKEM: Stop breached at Rs5169.50
[2026-09-04 13:12:46] [CRITICAL] [STOP_BREACHED] SUZLON: Stop breached at Rs45.38
[2026-09-04 13:12:46] [CRITICAL] [STOP_BREACHED] MFSL: Stop breached at Rs1554.20
[2026-09-04 13:12:46] [CRITICAL] [STOP_BREACHED] BAJFINANCE: Stop breached at Rs1055.90
[2026-09-04 13:12:46] [CRITICAL] [STOP_BREACHED] IDBI: Stop breached at Rs91.00
[2026-09-04 13:12:46] [CRITICAL] [STOP_BREACHED] SAKSOFT: Stop breached at Rs154.11
[2026-09-04 13:12:46] [CRITICAL] [STOP_BREACHED] RTNINDIA: Stop breached at Rs27.75
[2026-09-04 13:12:46] [CRITICAL] [STOP_BREACHED] ZAGGLE: Stop breached at Rs181.24
[2026-09-04 13:12:46] [CRITICAL] [STOP_BREACHED] PSB: Stop breached at Rs23.37
[2026-09-04 13:12:47] [CRITICAL] [STOP_BREACHED] JKTYRE: Stop breached at Rs368.65
[2026-09-04 13:12:47] [CRITICAL] [STOP_BREACHED] INTELLECT: Stop breached at Rs688.55
[2026-09-04 13:12:47] [CRITICAL] [STOP_BREACHED] JSWINFRA: Stop breached at Rs335.35
[2026-09-04 13:12:47] [CRITICAL] [STOP_BREACHED] TIINDIA: Stop breached at Rs2696.10
[2026-09-04 13:12:47] [CRITICAL] [STOP_BREACHED] IGIL: Stop breached at Rs324.80
[2026-09-04 13:12:47] [CRITICAL] [STOP_BREACHED] SJVN: Stop breached at Rs64.89
[2026-09-04 13:12:47] [CRITICAL] [STOP_BREACHED] GODAVARIB: Stop breached at Rs240.75
[2026-09-04 13:12:47] [CRITICAL] [STOP_BREACHED] SANSERA: Stop breached at Rs3765.00
[2026-09-04 13:12:47] [CRITICAL] [STOP_BREACHED] FEDERALBNK: Stop breached at Rs343.05
[2026-09-04 13:12:47] [CRITICAL] [STOP_BREACHED] IFBIND: Stop breached at Rs1301.50
[2026-09-04 13:12:47] [CRITICAL] [STOP_BREACHED] COCHINSHIP: Stop breached at Rs1517.00
[2026-09-04 13:12:47] [CRITICAL] [STOP_BREACHED] HINDALCO: Stop breached at Rs1011.40
[2026-09-04 13:12:47] [CRITICAL] [STOP_BREACHED] BLUESTARCO: Stop breached at Rs1486.00
[2026-09-04 13:12:47] [CRITICAL] [STOP_BREACHED] ARFIN: Stop breached at Rs87.22
[2026-09-04 13:12:47] [CRITICAL] [STOP_BREACHED] EXIDEIND: Stop breached at Rs427.55
[2026-09-04 13:12:47] [CRITICAL] [STOP_BREACHED] PRIVISCL: Stop breached at Rs3400.20
[2026-09-04 13:12:47] [CRITICAL] [STOP_BREACHED] TARC: Stop breached at Rs126.34
[2026-09-04 13:12:47] [CRITICAL] [STOP_BREACHED] NUVOCO: Stop breached at Rs351.85
[2026-09-04 13:12:47] [CRITICAL] [STOP_BREACHED] PGHH: Stop breached at Rs7690.50
[2026-09-04 13:12:47] [CRITICAL] [STOP_BREACHED] PREMEXPLN: Stop breached at Rs666.30
[2026-09-04 13:12:47] [CRITICAL] [STOP_BREACHED] SBIN: Stop breached at Rs1021.90
[2026-09-04 13:12:47] [CRITICAL] [STOP_BREACHED] LTTS: Stop breached at Rs3488.00
[2026-09-04 13:12:47] [CRITICAL] [STOP_BREACHED] J&KBANK: Stop breached at Rs152.15
[2026-09-04 13:12:47] [CRITICAL] [STOP_BREACHED] ZYDUSLIFE: Stop breached at Rs1132.50
[2026-09-04 13:12:47] [CRITICAL] [STOP_BREACHED] CHOLAFIN: Stop breached at Rs1832.90
[2026-09-04 13:12:47] [CRITICAL] [STOP_BREACHED] TATATECH: Stop breached at Rs801.30
[2026-09-04 13:12:47] [CRITICAL] [STOP_BREACHED] JIOFIN: Stop breached at Rs238.46
[2026-09-04 13:12:47] [CRITICAL] [STOP_BREACHED] HDFCBANK: Stop breached at Rs715.45
[2026-09-04 13:12:47] [CRITICAL] [STOP_BREACHED] MONARCH: Stop breached at Rs375.85
[2026-09-04 13:12:47] [CRITICAL] [STOP_BREACHED] JSWENERGY: Stop breached at Rs535.40
[2026-09-04 13:12:47] [CRITICAL] [STOP_BREACHED] ETHOSLTD: Stop breached at Rs2799.70
[2026-09-04 13:12:47] [CRITICAL] [STOP_BREACHED] UPL: Stop breached at Rs586.80
[2026-09-04 13:12:47] [CRITICAL] [STOP_BREACHED] TATACONSUM: Stop breached at Rs1012.20
[2026-09-04 13:12:47] [CRITICAL] [STOP_BREACHED] GAEL: Stop breached at Rs167.47
[2026-09-04 13:12:47] [CRITICAL] [STOP_BREACHED] ONESOURCE: Stop breached at Rs1549.40
[2026-09-04 13:12:47] [CRITICAL] [STOP_BREACHED] AJANTPHARM: Stop breached at Rs3476.50
[2026-09-04 13:12:48] [CRITICAL] [STOP_BREACHED] ATGL: Stop breached at Rs615.05
[2026-09-04 13:12:48] [CRITICAL] [STOP_BREACHED] RADICO: Stop breached at Rs4474.20
[2026-09-04 13:12:48] [CRITICAL] [STOP_BREACHED] ZENSARTECH: Stop breached at Rs463.85
[2026-09-04 13:12:48] [CRITICAL] [STOP_BREACHED] PGEL: Stop breached at Rs561.70
[2026-09-04 13:12:48] [CRITICAL] [STOP_BREACHED] IKS: Stop breached at Rs1752.40
[2026-09-04 13:12:48] [CRITICAL] [STOP_BREACHED] THYROCARE: Stop breached at Rs578.50
[2026-09-04 13:12:48] [CRITICAL] [STOP_BREACHED] AVANTEL: Stop breached at Rs156.51
[2026-09-04 13:12:48] [CRITICAL] [STOP_BREACHED] IREDA: Stop breached at Rs113.94
[2026-09-04 13:12:48] [CRITICAL] [STOP_BREACHED] NRBBEARING: Stop breached at Rs446.50
[2026-09-04 13:12:48] [CRITICAL] [STOP_BREACHED] ABCAPITAL: Stop breached at Rs404.90
[2026-09-04 13:12:48] [CRITICAL] [STOP_BREACHED] ONEPOINT: Stop breached at Rs57.58
[2026-09-04 13:12:48] [CRITICAL] [STOP_BREACHED] JSWSTEEL: Stop breached at Rs1309.00
[2026-09-04 13:12:48] [CRITICAL] [STOP_BREACHED] ADANIPOWER: Stop breached at Rs207.20
[2026-09-04 13:12:48] [CRITICAL] [STOP_BREACHED] ADANIENT: Stop breached at Rs2944.60
[2026-09-04 13:12:48] [CRITICAL] [STOP_BREACHED] AWL: Stop breached at Rs187.90
[2026-09-04 13:12:48] [CRITICAL] [STOP_BREACHED] M&MFIN: Stop breached at Rs372.75
[2026-09-04 13:12:48] [CRITICAL] [STOP_BREACHED] SOLEX: Stop breached at Rs726.60
[2026-09-04 13:12:48] [CRITICAL] [STOP_BREACHED] M&M: Stop breached at Rs3167.90
[2026-09-04 13:12:48] [CRITICAL] [STOP_BREACHED] BERGEPAINT: Stop breached at Rs488.20
[2026-09-04 13:12:48] [CRITICAL] [STOP_BREACHED] CARYSIL: Stop breached at Rs1152.40
[2026-09-04 13:12:48] [CRITICAL] [STOP_BREACHED] MANAPPURAM: Stop breached at Rs338.85
[2026-09-04 13:12:48] [CRITICAL] [STOP_BREACHED] TIMKEN: Stop breached at Rs3120.00
[2026-09-04 13:12:48] [CRITICAL] [STOP_BREACHED] HEMIPROP: Stop breached at Rs126.71
[2026-09-04 13:12:48] [CRITICAL] [STOP_BREACHED] KSCL: Stop breached at Rs747.90
[2026-09-04 13:12:48] [CRITICAL] [STOP_BREACHED] JAYNECOIND: Stop breached at Rs87.11
[2026-09-04 13:12:48] [CRITICAL] [STOP_BREACHED] SBILIFE: Stop breached at Rs1756.60
[2026-09-04 13:12:48] [CRITICAL] [STOP_BREACHED] IRCTC: Stop breached at Rs476.25
[2026-09-04 13:12:48] [CRITICAL] [STOP_BREACHED] AEGISVOPAK: Stop breached at Rs289.50
[2026-09-04 13:12:48] [CRITICAL] [STOP_BREACHED] AGIIL: Stop breached at Rs280.50
[2026-09-04 13:12:48] [CRITICAL] [STOP_BREACHED] MPSLTD: Stop breached at Rs2658.00
[2026-09-04 13:12:48] [CRITICAL] [STOP_BREACHED] EMCURE: Stop breached at Rs1918.60
[2026-09-04 13:12:49] [CRITICAL] [STOP_BREACHED] OLAELEC: Stop breached at Rs37.78
[2026-09-04 13:12:49] [CRITICAL] [STOP_BREACHED] POWERMECH: Stop breached at Rs2324.80
[2026-09-04 13:12:49] [CRITICAL] [STOP_BREACHED] FUSION: Stop breached at Rs205.70
[2026-09-04 13:12:49] [CRITICAL] [STOP_BREACHED] BLUESTONE: Stop breached at Rs827.50
[2026-09-04 13:12:49] [CRITICAL] [STOP_BREACHED] NTPC: Stop breached at Rs331.70
[2026-09-04 13:12:49] [CRITICAL] [STOP_BREACHED] BHARATFORG: Stop breached at Rs1963.00
[2026-09-04 13:12:49] [CRITICAL] [STOP_BREACHED] IRFC: Stop breached at Rs83.40
[2026-09-04 13:12:49] [CRITICAL] [STOP_BREACHED] TEXRAIL: Stop breached at Rs115.78
[2026-09-04 13:12:49] [CRITICAL] [STOP_BREACHED] TCS: Stop breached at Rs2319.90
[2026-09-04 13:12:49] [CRITICAL] [STOP_BREACHED] ERIS: Stop breached at Rs1322.80
[2026-09-04 13:12:49] [CRITICAL] [STOP_BREACHED] GALLANTT: Stop breached at Rs569.45
[2026-09-04 13:12:49] [CRITICAL] [STOP_BREACHED] SUNDARMFIN: Stop breached at Rs4640.00
[2026-09-04 13:12:49] [CRITICAL] [STOP_BREACHED] ENDURANCE: Stop breached at Rs2761.80
[2026-09-04 13:12:49] [CRITICAL] [STOP_BREACHED] FIRSTCRY: Stop breached at Rs177.35
[2026-09-04 13:12:49] [CRITICAL] [STOP_BREACHED] MPHASIS: Stop breached at Rs2446.20
[2026-09-04 13:12:49] [CRITICAL] [STOP_BREACHED] NATIONALUM: Stop breached at Rs373.85
[2026-09-04 13:12:49] [CRITICAL] [STOP_BREACHED] MOBIKWIK: Stop breached at Rs192.40
[2026-09-04 13:12:49] [CRITICAL] [STOP_BREACHED] TATACOMM: Stop breached at Rs1750.00
[2026-09-04 13:12:49] [CRITICAL] [STOP_BREACHED] GABRIEL: Stop breached at Rs1341.00
[2026-09-04 13:12:49] [CRITICAL] [STOP_BREACHED] CARTRADE: Stop breached at Rs2993.00
[2026-09-04 13:12:49] [CRITICAL] [STOP_BREACHED] EIDPARRY: Stop breached at Rs778.55
[2026-09-04 13:12:49] [CRITICAL] [STOP_BREACHED] RALLIS: Stop breached at Rs209.58
[2026-09-04 13:12:49] [CRITICAL] [STOP_BREACHED] GANECOS: Stop breached at Rs988.50
[2026-09-04 13:12:49] [CRITICAL] [STOP_BREACHED] LEMONTREE: Stop breached at Rs105.74
[2026-09-04 13:12:49] [CRITICAL] [STOP_BREACHED] AETHER: Stop breached at Rs1626.10
[2026-09-04 13:12:49] [CRITICAL] [STOP_BREACHED] KALYANKJIL: Stop breached at Rs598.50
[2026-09-04 13:12:49] [CRITICAL] [STOP_BREACHED] JINDALSTEL: Stop breached at Rs1148.60
[2026-09-04 13:12:49] [CRITICAL] [STOP_BREACHED] SUNTV: Stop breached at Rs470.45
[2026-09-04 13:12:49] [CRITICAL] [STOP_BREACHED] SOBHA: Stop breached at Rs1247.80
[2026-09-04 13:12:49] [CRITICAL] [STOP_BREACHED] BSOFT: Stop breached at Rs290.65
[2026-09-04 13:12:49] [CRITICAL] [STOP_BREACHED] LLOYDSENT: Stop breached at Rs72.71
[2026-09-04 13:12:49] [CRITICAL] [STOP_BREACHED] SURYODAY: Stop breached at Rs153.00
[2026-09-04 13:12:49] [CRITICAL] [STOP_BREACHED] ECLERX: Stop breached at Rs1926.50
[2026-09-04 13:12:49] [CRITICAL] [STOP_BREACHED] CENTENKA: Stop breached at Rs610.35
[2026-09-04 13:12:49] [CRITICAL] [STOP_BREACHED] TRENT: Stop breached at Rs2848.00
[2026-09-04 13:12:49] [CRITICAL] [STOP_BREACHED] DREDGECORP: Stop breached at Rs1086.30
[2026-09-04 13:12:50] [CRITICAL] [STOP_BREACHED] BHARTIARTL: Stop breached at Rs1854.60
[2026-09-04 13:12:50] [CRITICAL] [STOP_BREACHED] SATIN: Stop breached at Rs221.33
[2026-09-04 13:12:50] [CRITICAL] [STOP_BREACHED] POONAWALLA: Stop breached at Rs471.55
[2026-09-04 13:12:50] [CRITICAL] [STOP_BREACHED] UNIVCABLES: Stop breached at Rs1578.30
[2026-09-04 13:12:50] [CRITICAL] [STOP_BREACHED] AADHARHFC: Stop breached at Rs479.35
[2026-09-04 13:12:50] [CRITICAL] [STOP_BREACHED] SHRIRAMFIN: Stop breached at Rs1039.10
[2026-09-04 13:12:50] [CRITICAL] [STOP_BREACHED] TVSMOTOR: Stop breached at Rs4137.60
[2026-09-04 13:12:50] [CRITICAL] [STOP_BREACHED] TATACHEM: Stop breached at Rs627.00
[2026-09-04 13:12:50] [CRITICAL] [STOP_BREACHED] HINDPETRO: Stop breached at Rs357.40
[2026-09-04 13:12:50] [CRITICAL] [STOP_BREACHED] APEX: Stop breached at Rs378.45
[2026-09-04 13:12:50] [CRITICAL] [STOP_BREACHED] BDL: Stop breached at Rs1267.70
[2026-09-04 13:12:50] [CRITICAL] [STOP_BREACHED] VSTTILLERS: Stop breached at Rs4187.00
[2026-09-04 13:12:50] [CRITICAL] [STOP_BREACHED] DELTACORP: Stop breached at Rs56.06
[2026-09-04 13:12:50] [CRITICAL] [STOP_BREACHED] EFCIL: Stop breached at Rs195.35
[2026-09-04 13:12:50] [CRITICAL] [STOP_BREACHED] LODHA: Stop breached at Rs1211.40
[2026-09-04 13:12:50] [CRITICAL] [STOP_BREACHED] MOIL: Stop breached at Rs250.65
[2026-09-04 13:12:50] [CRITICAL] [STOP_BREACHED] RAMCOCEM: Stop breached at Rs883.90
[2026-09-04 13:12:50] [CRITICAL] [STOP_BREACHED] BRITANNIA: Stop breached at Rs5121.00
[2026-09-04 13:12:50] [CRITICAL] [STOP_BREACHED] CRIZAC: Stop breached at Rs160.77
[2026-09-04 13:12:50] [CRITICAL] [STOP_BREACHED] PNGJL: Stop breached at Rs608.85
[2026-09-04 13:12:50] [CRITICAL] [STOP_BREACHED] NEWGEN: Stop breached at Rs529.80
[2026-09-04 13:12:50] [CRITICAL] [STOP_BREACHED] MBEL: Stop breached at Rs270.00
[2026-09-04 13:12:50] [CRITICAL] [STOP_BREACHED] LXCHEM: Stop breached at Rs173.13
[2026-09-04 13:12:50] [CRITICAL] [STOP_BREACHED] TRITURBINE: Stop breached at Rs574.95
[2026-09-04 13:12:50] [CRITICAL] [STOP_BREACHED] JASH: Stop breached at Rs481.10
[2026-09-04 13:12:51] [CRITICAL] [STOP_BREACHED] MAXHEALTH: Stop breached at Rs993.60
[2026-09-04 13:12:51] [CRITICAL] [STOP_BREACHED] HDFCAMC: Stop breached at Rs2478.40
[2026-09-04 13:12:51] [CRITICAL] [STOP_BREACHED] MOSCHIP: Stop breached at Rs213.19
[2026-09-04 13:12:51] [CRITICAL] [STOP_BREACHED] RSYSTEMS: Stop breached at Rs255.44
[2026-09-04 13:12:51] [CRITICAL] [STOP_BREACHED] INDNIPPON: Stop breached at Rs1128.00
[2026-09-04 13:12:51] [CRITICAL] [STOP_BREACHED] WAAREERTL: Stop breached at Rs850.80
[2026-09-04 13:12:51] [CRITICAL] [STOP_BREACHED] SFL: Stop breached at Rs643.25
[2026-09-04 13:12:51] [CRITICAL] [STOP_BREACHED] TATAPOWER: Stop breached at Rs367.25
[2026-09-04 13:12:51] [CRITICAL] [STOP_BREACHED] JUBLPHARMA: Stop breached at Rs911.80
[2026-09-04 13:12:51] [CRITICAL] [STOP_BREACHED] LINDEINDIA: Stop breached at Rs6359.00
[2026-09-04 13:12:51] [CRITICAL] [STOP_BREACHED] CANFINHOME: Stop breached at Rs809.85
[2026-09-04 13:12:51] [CRITICAL] [STOP_BREACHED] COALINDIA: Stop breached at Rs414.20
[2026-09-04 13:12:51] [CRITICAL] [STOP_BREACHED] SANDHAR: Stop breached at Rs620.10
[2026-09-04 13:12:51] [CRITICAL] [STOP_BREACHED] TANLA: Stop breached at Rs520.00
[2026-09-04 13:12:51] [CRITICAL] [STOP_BREACHED] JKLAKSHMI: Stop breached at Rs517.00
[2026-09-04 13:12:51] [CRITICAL] [STOP_BREACHED] YASHO: Stop breached at Rs4038.00
[2026-09-04 13:12:51] [CRITICAL] [STOP_BREACHED] RPOWER: Stop breached at Rs22.10
[2026-09-04 13:12:51] [CRITICAL] [STOP_BREACHED] AFFLE: Stop breached at Rs1631.30
[2026-09-04 13:12:51] [CRITICAL] [STOP_BREACHED] AJMERA: Stop breached at Rs119.85
[2026-09-04 13:12:51] [CRITICAL] [STOP_BREACHED] STEELCAS: Stop breached at Rs323.95
[2026-09-04 13:12:51] [CRITICAL] [STOP_BREACHED] PRINCEPIPE: Stop breached at Rs282.50
[2026-09-04 13:12:51] [CRITICAL] [STOP_BREACHED] RRKABEL: Stop breached at Rs2421.60
[2026-09-04 13:12:51] [CRITICAL] [STOP_BREACHED] DABUR: Stop breached at Rs382.10
[2026-09-04 13:12:51] [CRITICAL] [STOP_BREACHED] DALBHARAT: Stop breached at Rs1756.90
[2026-09-04 13:12:51] [CRITICAL] [STOP_BREACHED] BEPL: Stop breached at Rs127.62
[2026-09-04 13:12:51] [CRITICAL] [STOP_BREACHED] SAREGAMA: Stop breached at Rs499.10
[2026-09-04 13:12:51] [CRITICAL] [STOP_BREACHED] ASKAUTOLTD: Stop breached at Rs621.00
[2026-09-04 13:12:51] [CRITICAL] [STOP_BREACHED] EXPLEOSOL: Stop breached at Rs896.60
[2026-09-04 13:12:51] [CRITICAL] [STOP_BREACHED] AUROPHARMA: Stop breached at Rs1656.40
[2026-09-04 13:12:51] [CRITICAL] [STOP_BREACHED] RAIN: Stop breached at Rs213.70
[2026-09-04 13:12:51] [CRITICAL] [STOP_BREACHED] ASTRAMICRO: Stop breached at Rs1730.20
[2026-09-04 13:12:51] [CRITICAL] [STOP_BREACHED] DCMSHRIRAM: Stop breached at Rs1019.30
[2026-09-04 13:12:51] [CRITICAL] [STOP_BREACHED] LLOYDSENGG: Stop breached at Rs84.70
[2026-09-04 13:12:51] [CRITICAL] [STOP_BREACHED] APCOTEXIND: Stop breached at Rs636.50
[2026-09-04 13:12:51] [CRITICAL] [STOP_BREACHED] HDBFS: Stop breached at Rs685.45
[2026-09-04 13:12:52] [CRITICAL] [STOP_BREACHED] SPMLINFRA: Stop breached at Rs181.39
[2026-09-04 13:12:52] [CRITICAL] [STOP_BREACHED] IMFA: Stop breached at Rs1280.00
[2026-09-04 13:12:52] [CRITICAL] [STOP_BREACHED] BBOX: Stop breached at Rs712.40
[2026-09-04 13:12:52] [CRITICAL] [STOP_BREACHED] TALBROAUTO: Stop breached at Rs404.55
[2026-09-04 13:12:52] [CRITICAL] [STOP_BREACHED] INDIASHLTR: Stop breached at Rs674.60
[2026-09-04 13:12:52] [CRITICAL] [STOP_BREACHED] LATENTVIEW: Stop breached at Rs267.30
[2026-09-04 13:12:52] [CRITICAL] [STOP_BREACHED] CREDITACC: Stop breached at Rs1448.90
[2026-09-04 13:12:52] [CRITICAL] [STOP_BREACHED] PYRAMID: Stop breached at Rs153.37
[2026-09-04 13:12:52] [CRITICAL] [STOP_BREACHED] SHARDACROP: Stop breached at Rs776.90
[2026-09-04 13:12:52] [CRITICAL] [STOP_BREACHED] RBA: Stop breached at Rs97.84
[2026-09-04 13:12:52] [CRITICAL] [STOP_BREACHED] VEDL: Stop breached at Rs271.30
[2026-09-04 13:12:52] [CRITICAL] [STOP_BREACHED] EIEL: Stop breached at Rs200.19
[2026-09-04 13:12:52] [CRITICAL] [STOP_BREACHED] SURYAROSNI: Stop breached at Rs217.39
[2026-09-04 13:12:52] [CRITICAL] [STOP_BREACHED] SHK: Stop breached at Rs151.24
[2026-09-04 13:12:52] [CRITICAL] [STOP_BREACHED] SONACOMS: Stop breached at Rs786.80
[2026-09-04 13:12:52] [CRITICAL] [STOP_BREACHED] ADVENZYMES: Stop breached at Rs300.60
[2026-09-04 13:12:52] [CRITICAL] [STOP_BREACHED] HBLENGINE: Stop breached at Rs700.60
[2026-09-04 13:12:52] [CRITICAL] [STOP_BREACHED] NATCOPHARM: Stop breached at Rs829.05
[2026-09-04 13:12:52] [CRITICAL] [STOP_BREACHED] NELCO: Stop breached at Rs927.65
[2026-09-04 13:12:52] [CRITICAL] [STOP_BREACHED] AUBANK: Stop breached at Rs1067.50
[2026-09-04 13:12:52] [CRITICAL] [STOP_BREACHED] PRSMJOHNSN: Stop breached at Rs111.30
[2026-09-04 13:12:52] [CRITICAL] [STOP_BREACHED] REPCOHOME: Stop breached at Rs358.90
[2026-09-04 13:12:52] [CRITICAL] [STOP_BREACHED] KPRMILL: Stop breached at Rs1186.40
[2026-09-04 13:12:52] [CRITICAL] [STOP_BREACHED] PRICOLLTD: Stop breached at Rs763.50
[2026-09-04 13:12:52] [CRITICAL] [STOP_BREACHED] UJJIVANSFB: Stop breached at Rs64.40
[2026-09-04 13:12:52] [CRITICAL] [STOP_BREACHED] ROLEXRINGS: Stop breached at Rs172.00
[2026-09-04 13:12:52] [CRITICAL] [STOP_BREACHED] GATEWAY: Stop breached at Rs54.67
[2026-09-04 13:12:52] [CRITICAL] [STOP_BREACHED] THANGAMAYL: Stop breached at Rs5330.50
[2026-09-04 13:12:52] [CRITICAL] [STOP_BREACHED] NLCINDIA: Stop breached at Rs273.15
[2026-09-04 13:12:52] [CRITICAL] [STOP_BREACHED] BIKAJI: Stop breached at Rs586.50
[2026-09-04 13:12:52] [CRITICAL] [STOP_BREACHED] WHIRLPOOL: Stop breached at Rs807.65
[2026-09-04 13:12:53] [CRITICAL] [STOP_BREACHED] ICRA: Stop breached at Rs4913.80
[2026-09-04 13:12:53] [CRITICAL] [STOP_BREACHED] INDIAGLYCO: Stop breached at Rs260.40
[2026-09-04 13:12:53] [CRITICAL] [STOP_BREACHED] ROUTE: Stop breached at Rs502.00
[2026-09-04 13:12:53] [CRITICAL] [STOP_BREACHED] NEOGEN: Stop breached at Rs2131.60
[2026-09-04 13:12:53] [CRITICAL] [STOP_BREACHED] HUBTOWN: Stop breached at Rs190.05
[2026-09-04 13:12:53] [CRITICAL] [STOP_BREACHED] GMRAIRPORT: Stop breached at Rs97.42
[2026-09-04 13:12:53] [CRITICAL] [STOP_BREACHED] ABDL: Stop breached at Rs612.05
[2026-09-04 13:12:53] [CRITICAL] [STOP_BREACHED] SCI: Stop breached at Rs294.60
[2026-09-04 13:12:53] [CRITICAL] [STOP_BREACHED] AVANTIFEED: Stop breached at Rs802.35
[2026-09-04 13:12:53] [CRITICAL] [STOP_BREACHED] SENORES: Stop breached at Rs1426.80
[2026-09-04 13:12:53] [CRITICAL] [STOP_BREACHED] GRMOVER: Stop breached at Rs85.70
[2026-09-04 13:12:53] [CRITICAL] [STOP_BREACHED] CUMMINSIND: Stop breached at Rs5025.50
[2026-09-04 13:12:53] [CRITICAL] [STOP_BREACHED] RELTD: Stop breached at Rs160.00
[2026-09-04 13:12:53] [CRITICAL] [STOP_BREACHED] JYOTHYLAB: Stop breached at Rs202.18
[2026-09-04 13:12:53] [CRITICAL] [STOP_BREACHED] RPGLIFE: Stop breached at Rs2698.00
[2026-09-04 13:12:53] [CRITICAL] [STOP_BREACHED] RAMCOIND: Stop breached at Rs322.90
[2026-09-04 13:12:53] [CRITICAL] [STOP_BREACHED] MMFL: Stop breached at Rs628.50
[2026-09-04 13:12:53] [CRITICAL] [STOP_BREACHED] VOLTAS: Stop breached at Rs1174.30
[2026-09-04 13:12:53] [CRITICAL] [STOP_BREACHED] SHAKTIPUMP: Stop breached at Rs473.00
[2026-09-04 13:12:53] [CRITICAL] [STOP_BREACHED] PREMIERENE: Stop breached at Rs999.90
[2026-09-04 13:12:53] [CRITICAL] [STOP_BREACHED] ITC: Stop breached at Rs264.25
[2026-09-04 13:12:53] [CRITICAL] [STOP_BREACHED] CSBBANK: Stop breached at Rs327.95
[2026-09-04 13:12:53] [CRITICAL] [STOP_BREACHED] STYLAMIND: Stop breached at Rs3352.00
[2026-09-04 13:12:53] [CRITICAL] [STOP_BREACHED] TRAVELFOOD: Stop breached at Rs1273.90
[2026-09-04 13:12:53] [CRITICAL] [STOP_BREACHED] ABLBL: Stop breached at Rs85.92
[2026-09-04 13:12:53] [CRITICAL] [STOP_BREACHED] TEGA: Stop breached at Rs1544.00
[2026-09-04 13:12:53] [CRITICAL] [STOP_BREACHED] BAJAJELEC: Stop breached at Rs332.50
[2026-09-04 13:12:53] [CRITICAL] [STOP_BREACHED] PATELENG: Stop breached at Rs27.15
[2026-09-04 13:12:53] [CRITICAL] [STOP_BREACHED] RVNL: Stop breached at Rs211.80
[2026-09-04 13:12:53] [CRITICAL] [STOP_BREACHED] ENRIN: Stop breached at Rs3118.00
[2026-09-04 13:12:53] [CRITICAL] [STOP_BREACHED] AVL: Stop breached at Rs593.00
[2026-09-04 13:12:53] [CRITICAL] [STOP_BREACHED] TMPV: Stop breached at Rs312.50
[2026-09-04 13:12:53] [CRITICAL] [STOP_BREACHED] RPSGVENT: Stop breached at Rs836.00
[2026-09-04 13:12:53] [CRITICAL] [STOP_BREACHED] LUPIN: Stop breached at Rs2112.10
[2026-09-04 13:12:53] [CRITICAL] [STOP_BREACHED] OLECTRA: Stop breached at Rs1235.90
[2026-09-04 13:12:53] [CRITICAL] [STOP_BREACHED] ACUTAAS: Stop breached at Rs3186.80
[2026-09-04 13:12:54] [CRITICAL] [STOP_BREACHED] AIAENG: Stop breached at Rs4211.40
[2026-09-04 13:12:54] [CRITICAL] [STOP_BREACHED] NIBE: Stop breached at Rs1333.00
[2026-09-04 13:12:54] [CRITICAL] [STOP_BREACHED] ZENTEC: Stop breached at Rs1815.90
[2026-09-04 13:12:54] [CRITICAL] [STOP_BREACHED] VMM: Stop breached at Rs106.75
[2026-09-04 13:12:54] [CRITICAL] [STOP_BREACHED] PIIND: Stop breached at Rs2476.00
[2026-09-04 13:12:54] [CRITICAL] [STOP_BREACHED] VENTIVE: Stop breached at Rs582.15
[2026-09-04 13:12:54] [CRITICAL] [STOP_BREACHED] HEROMOTOCO: Stop breached at Rs5291.00
[2026-09-04 13:12:54] [CRITICAL] [STOP_BREACHED] TINNARUBR: Stop breached at Rs1022.20
[2026-09-04 13:12:54] [CRITICAL] [STOP_BREACHED] ASHOKLEY: Stop breached at Rs169.54
[2026-09-04 13:12:54] [CRITICAL] [STOP_BREACHED] GODREJIND: Stop breached at Rs1170.50
[2026-09-04 13:12:54] [CRITICAL] [STOP_BREACHED] GRWRHITECH: Stop breached at Rs7100.00
[2026-09-04 13:12:54] [CRITICAL] [STOP_BREACHED] JUSTDIAL: Stop breached at Rs692.50
[2026-09-04 13:12:54] [CRITICAL] [STOP_BREACHED] MUNJALAU: Stop breached at Rs112.70
[2026-09-04 13:12:54] [CRITICAL] [STOP_BREACHED] DATAMATICS: Stop breached at Rs770.00
[2026-09-04 13:12:54] [CRITICAL] [STOP_BREACHED] LLOYDSME: Stop breached at Rs1826.50
[2026-09-04 13:12:54] [CRITICAL] [STOP_BREACHED] MASFIN: Stop breached at Rs296.00
[2026-09-04 13:12:54] [CRITICAL] [STOP_BREACHED] SUNFLAG: Stop breached at Rs343.00
[2026-09-04 13:12:54] [CRITICAL] [STOP_BREACHED] ARKADE: Stop breached at Rs123.50
[2026-09-04 13:12:54] [CRITICAL] [STOP_BREACHED] BBTC: Stop breached at Rs1497.90
[2026-09-04 13:12:54] [CRITICAL] [STOP_BREACHED] EUREKAFORB: Stop breached at Rs425.15
[2026-09-04 13:12:54] [CRITICAL] [STOP_BREACHED] MCLOUD: Stop breached at Rs26.42
[2026-09-04 13:12:54] [CRITICAL] [STOP_BREACHED] ICICIGI: Stop breached at Rs1510.50
[2026-09-04 13:12:54] [CRITICAL] [STOP_BREACHED] KEC: Stop breached at Rs407.05
[2026-09-04 13:12:54] [CRITICAL] [STOP_BREACHED] VAIBHAVGBL: Stop breached at Rs218.72
[2026-09-04 13:12:54] [CRITICAL] [STOP_BREACHED] SWANCORP: Stop breached at Rs282.05
[2026-09-04 13:12:54] [CRITICAL] [STOP_BREACHED] TATVA: Stop breached at Rs1665.60
[2026-09-04 13:12:54] [CRITICAL] [STOP_BREACHED] SUPREMEIND: Stop breached at Rs3499.80
[2026-09-04 13:12:54] [CRITICAL] [STOP_BREACHED] MSPL: Stop breached at Rs35.24
[2026-09-04 13:12:54] [CRITICAL] [STOP_BREACHED] TARIL: Stop breached at Rs301.40
[2026-09-04 13:12:54] [CRITICAL] [STOP_BREACHED] MUTHOOTFIN: Stop breached at Rs2922.50
[2026-09-04 13:12:54] [CRITICAL] [STOP_BREACHED] FINPIPE: Stop breached at Rs158.05
[2026-09-04 13:12:54] [CRITICAL] [STOP_BREACHED] REFEX: Stop breached at Rs281.05
[2026-09-04 13:12:54] [CRITICAL] [STOP_BREACHED] SENCO: Stop breached at Rs356.00
[2026-09-04 13:12:55] [CRITICAL] [STOP_BREACHED] LAURUSLABS: Stop breached at Rs1845.20
[2026-09-04 13:12:55] [CRITICAL] [STOP_BREACHED] SHAILY: Stop breached at Rs3247.60
[2026-09-04 13:12:55] [CRITICAL] [STOP_BREACHED] CHAMBLFERT: Stop breached at Rs420.15
[2026-09-04 13:12:55] [CRITICAL] [STOP_BREACHED] 63MOONS: Stop breached at Rs885.20
[2026-09-04 13:12:55] [CRITICAL] [STOP_BREACHED] VARROC: Stop breached at Rs815.75
[2026-09-04 13:12:55] [CRITICAL] [STOP_BREACHED] COSMOFIRST: Stop breached at Rs930.40
[2026-09-04 13:12:55] [CRITICAL] [STOP_BREACHED] PARADEEP: Stop breached at Rs155.90
[2026-09-04 13:12:55] [CRITICAL] [STOP_BREACHED] VIMTALABS: Stop breached at Rs637.45
[2026-09-04 13:12:55] [CRITICAL] [STOP_BREACHED] AEGISLOG: Stop breached at Rs1277.80
[2026-09-04 13:12:55] [CRITICAL] [STOP_BREACHED] JSLL: Stop breached at Rs527.45
[2026-09-04 13:12:55] [CRITICAL] [STOP_BREACHED] NUVAMA: Stop breached at Rs1823.70
[2026-09-04 13:12:55] [CRITICAL] [STOP_BREACHED] TRANSRAILL: Stop breached at Rs430.75
[2026-09-04 13:12:55] [CRITICAL] [STOP_BREACHED] IRCON: Stop breached at Rs119.05
[2026-09-04 13:12:55] [CRITICAL] [STOP_BREACHED] NELCAST: Stop breached at Rs117.19
[2026-09-04 13:12:55] [CRITICAL] [STOP_BREACHED] EMUDHRA: Stop breached at Rs526.05
[2026-09-04 13:12:55] [CRITICAL] [STOP_BREACHED] GVT&D: Stop breached at Rs4326.00
[2026-09-04 13:12:55] [CRITICAL] [STOP_BREACHED] SWIGGY: Stop breached at Rs279.80
[2026-09-04 13:12:55] [CRITICAL] [STOP_BREACHED] SKMEGGPROD: Stop breached at Rs258.10
[2026-09-04 13:12:55] [CRITICAL] [STOP_BREACHED] SOUTHWEST: Stop breached at Rs215.25
[2026-09-04 13:12:55] [CRITICAL] [STOP_BREACHED] AIIL: Stop breached at Rs520.40
[2026-09-04 13:12:55] [CRITICAL] [STOP_BREACHED] GENUSPOWER: Stop breached at Rs335.45
[2026-09-04 13:12:55] [CRITICAL] [STOP_BREACHED] SAMMAANCAP: Stop breached at Rs159.05
[2026-09-04 13:12:55] [CRITICAL] [STOP_BREACHED] CHEMPLASTS: Stop breached at Rs169.09
[2026-09-04 13:12:55] [CRITICAL] [STOP_BREACHED] WABAG: Stop breached at Rs2003.30
[2026-09-04 13:12:55] [CRITICAL] [STOP_BREACHED] BFINVEST: Stop breached at Rs467.50
[2026-09-04 13:12:55] [CRITICAL] [STOP_BREACHED] CHOLAHLDNG: Stop breached at Rs1513.90
[2026-09-04 13:12:56] [CRITICAL] [STOP_BREACHED] NACLIND: Stop breached at Rs167.03
[2026-09-04 13:12:56] [CRITICAL] [STOP_BREACHED] SCODATUBES: Stop breached at Rs134.28
[2026-09-04 13:12:56] [CRITICAL] [STOP_BREACHED] REDTAPE: Stop breached at Rs120.43
[2026-09-04 13:12:56] [CRITICAL] [STOP_BREACHED] ACI: Stop breached at Rs497.45
[2026-09-04 13:12:56] [CRITICAL] [STOP_BREACHED] SHRIPISTON: Stop breached at Rs4451.10
[2026-09-04 13:12:56] [CRITICAL] [STOP_BREACHED] NAM-INDIA: Stop breached at Rs1160.30
[2026-09-04 13:12:56] [CRITICAL] [STOP_BREACHED] MEDIASSIST: Stop breached at Rs340.00
[2026-09-04 13:12:56] [CRITICAL] [STOP_BREACHED] KPIGREEN: Stop breached at Rs307.70
[2026-09-04 13:12:56] [CRITICAL] [STOP_BREACHED] TIMETECHNO: Stop breached at Rs189.36
[2026-09-04 13:12:56] [CRITICAL] [STOP_BREACHED] BELRISE: Stop breached at Rs236.07
[2026-09-04 13:12:56] [CRITICAL] [STOP_BREACHED] NBCC: Stop breached at Rs86.44
[2026-09-04 13:12:56] [CRITICAL] [STOP_BREACHED] HUDCO: Stop breached at Rs180.56
[2026-09-04 13:12:56] [CRITICAL] [STOP_BREACHED] AAVAS: Stop breached at Rs1307.00
[2026-09-04 13:12:56] [CRITICAL] [STOP_BREACHED] OPTIEMUS: Stop breached at Rs566.45
[2026-09-04 13:12:56] [CRITICAL] [STOP_BREACHED] ORIENTHOT: Stop breached at Rs140.31
[2026-09-04 13:12:56] [CRITICAL] [STOP_BREACHED] RKFORGE: Stop breached at Rs694.15
[2026-09-04 13:12:56] [CRITICAL] [STOP_BREACHED] RICOAUTO: Stop breached at Rs127.55
[2026-09-04 13:14:34] [INFO] [VALID_BREAKOUT] IONEXCHANG: Confirmed breakout at Rs403.45, RVOL 3.02x
[2026-09-04 13:17:01] [CRITICAL] [STOP_BREACHED] WHEELS: Stop breached at Rs1704.00
[2026-09-04 13:17:03] [CRITICAL] [STOP_BREACHED] CARBORUNIV: Stop breached at Rs1132.50
[2026-09-04 13:17:07] [CRITICAL] [STOP_BREACHED] GLENMARK: Stop breached at Rs2444.30
[2026-09-04 13:18:46] [INFO] [VALID_BREAKOUT] ACMESOLAR: Confirmed breakout at Rs417.50, RVOL 4.41x
[2026-09-04 13:20:26] [CRITICAL] [STOP_BREACHED] KINGFA: Stop breached at Rs5896.50
[2026-09-04 13:20:28] [CRITICAL] [STOP_BREACHED] NAUKRI: Stop breached at Rs1322.70
[2026-09-04 13:23:39] [INFO] [VALID_BREAKOUT] CASTROLIND: Confirmed breakout at Rs188.89, RVOL 6.58x
[2026-09-04 13:23:40] [CRITICAL] [STOP_BREACHED] GUJTHEM: Stop breached at Rs411.60
[2026-09-04 13:29:04] [CRITICAL] [STOP_BREACHED] PETRONET: Stop breached at Rs290.15
[2026-09-04 13:42:08] [CRITICAL] [STOP_BREACHED] FORTIS: Stop breached at Rs906.05
[2026-09-04 13:42:29] [CRITICAL] [STOP_BREACHED] STOVEKRAFT: Stop breached at Rs829.25
[2026-09-04 13:42:33] [CRITICAL] [STOP_BREACHED] CLEAN: Stop breached at Rs838.70
[2026-09-04 13:42:34] [CRITICAL] [STOP_BREACHED] DCW: Stop breached at Rs46.01
[2026-09-04 13:53:06] [INFO] [VALID_BREAKOUT] IRISDOREME: Confirmed breakout at Rs62.50, RVOL 6.88x
[2026-09-04 13:55:45] [CRITICAL] [STOP_BREACHED] WINDMACHIN: Stop breached at Rs306.80
[2026-09-04 13:58:14] [INFO] [VALID_BREAKOUT] MAITHANALL: Confirmed breakout at Rs1102.00, RVOL 3.13x
[2026-09-04 13:58:19] [CRITICAL] [STOP_BREACHED] VMART: Stop breached at Rs826.00
[2026-09-04 14:03:51] [INFO] [VALID_BREAKOUT] BALAMINES: Confirmed breakout at Rs2538.00, RVOL 2.27x
[2026-09-04 14:06:04] [CRITICAL] [STOP_BREACHED] PRESTIGE: Stop breached at Rs1569.90
[2026-09-04 14:08:55] [CRITICAL] [STOP_BREACHED] PNBHOUSING: Stop breached at Rs1169.10
[2026-09-04 14:11:36] [CRITICAL] [STOP_BREACHED] PERSISTENT: Stop breached at Rs5660.50
[2026-09-04 14:14:09] [INFO] [VALID_BREAKOUT] SKIPPER: Confirmed breakout at Rs597.15, RVOL 4.59x
[2026-09-04 14:37:41] [INFO] [VALID_BREAKOUT] SHANTIGEAR: Confirmed breakout at Rs628.00, RVOL 2.28x
[2026-09-04 14:40:13] [CRITICAL] [STOP_BREACHED] BANKINDIA: Stop breached at Rs144.76
[2026-09-04 14:40:19] [INFO] [VALID_BREAKOUT] RBLBANK: Confirmed breakout at Rs415.50, RVOL 2.13x
[2026-09-04 14:43:55] [CRITICAL] [STOP_BREACHED] ICICIBANK: Stop breached at Rs1427.30
[2026-09-04 14:47:12] [CRITICAL] [STOP_BREACHED] COHANCE: Stop breached at Rs454.50
[2026-09-04 14:49:55] [INFO] [VALID_BREAKOUT] MANORAMA: Confirmed breakout at Rs2011.00, RVOL 2.03x
[2026-09-04 15:03:40] [INFO] [VALID_BREAKOUT] MANOMAY: Confirmed breakout at Rs233.10, RVOL 7.0x
[2026-09-04 15:05:18] [INFO] [VALID_BREAKOUT] RELIGARE: Confirmed breakout at Rs257.80, RVOL 1.7x
[2026-09-04 15:07:01] [CRITICAL] [STOP_BREACHED] AARTIDRUGS: Stop breached at Rs430.15
[2026-09-04 15:07:01] [CRITICAL] [STOP_BREACHED] KROSS: Stop breached at Rs211.89
[2026-09-04 15:12:03] [CRITICAL] [STOP_BREACHED] ETERNAL: Stop breached at Rs320.85
[2026-09-04 15:16:48] [CRITICAL] [STOP_BREACHED] KPIL: Stop breached at Rs1404.40
[2026-09-04 15:16:51] [CRITICAL] [STOP_BREACHED] ACE: Stop breached at Rs1123.80
[2026-09-04 15:20:00] [CRITICAL] [STOP_BREACHED] GUJALKALI: Stop breached at Rs719.40
[2026-09-04 15:20:03] [INFO] [VALID_BREAKOUT] RADHIKAJWE: Confirmed breakout at Rs82.50, RVOL 1.58x
[2026-09-04 15:20:05] [INFO] [VALID_BREAKOUT] BOSCH-HCIL: Confirmed breakout at Rs1825.00, RVOL 17.05x
[2026-09-04 15:24:52] [CRITICAL] [STOP_BREACHED] GNA: Stop breached at Rs548.90
[2026-09-04 15:29:49] [CRITICAL] [STOP_BREACHED] VIJAYA: Stop breached at Rs1490.20
[2026-09-07 11:20:28] [CRITICAL] [STOP_BREACHED] SCHAEFFLER: Stop breached at Rs3938.10
[2026-09-07 11:20:28] [CRITICAL] [STOP_BREACHED] FORTIS: Stop breached at Rs893.05
[2026-09-07 11:20:28] [CRITICAL] [STOP_BREACHED] DELHIVERY: Stop breached at Rs452.70
[2026-09-07 11:20:28] [CRITICAL] [STOP_BREACHED] POLICYBZR: Stop breached at Rs1802.80
[2026-09-07 11:20:28] [CRITICAL] [STOP_BREACHED] BPCL: Stop breached at Rs312.40
[2026-09-07 11:20:28] [CRITICAL] [STOP_BREACHED] BAJAJFINSV: Stop breached at Rs1960.00
[2026-09-07 11:20:28] [CRITICAL] [STOP_BREACHED] TIMKEN: Stop breached at Rs3105.30
[2026-09-07 11:20:28] [CRITICAL] [STOP_BREACHED] BANDHANBNK: Stop breached at Rs162.32
[2026-09-07 11:20:28] [CRITICAL] [STOP_BREACHED] ZFCVINDIA: Stop breached at Rs2506.80
[2026-09-07 11:20:28] [CRITICAL] [STOP_BREACHED] GRSE: Stop breached at Rs2517.00
[2026-09-07 11:20:28] [CRITICAL] [STOP_BREACHED] POWERGRID: Stop breached at Rs268.20
[2026-09-07 11:20:28] [CRITICAL] [STOP_BREACHED] MMTC: Stop breached at Rs63.93
[2026-09-07 11:20:28] [CRITICAL] [STOP_BREACHED] ONGC: Stop breached at Rs233.10
[2026-09-07 11:20:28] [CRITICAL] [STOP_BREACHED] AMBER: Stop breached at Rs7415.00
[2026-09-07 11:20:28] [CRITICAL] [STOP_BREACHED] PRESTIGE: Stop breached at Rs1554.40
[2026-09-07 11:20:28] [CRITICAL] [STOP_BREACHED] BANKBEES: Stop breached at Rs592.49
[2026-09-07 11:20:29] [CRITICAL] [STOP_BREACHED] ICICIBANK: Stop breached at Rs1424.20
[2026-09-07 11:20:29] [CRITICAL] [STOP_BREACHED] NIFTYBEES: Stop breached at Rs271.51
[2026-09-07 11:20:29] [CRITICAL] [STOP_BREACHED] GODREJPROP: Stop breached at Rs1892.30
[2026-09-07 11:20:29] [CRITICAL] [STOP_BREACHED] INDHOTEL: Stop breached at Rs709.75
[2026-09-07 11:20:29] [CRITICAL] [STOP_BREACHED] UCOBANK: Stop breached at Rs24.61
[2026-09-07 11:20:29] [CRITICAL] [STOP_BREACHED] LICI: Stop breached at Rs413.25
[2026-09-07 11:20:29] [CRITICAL] [STOP_BREACHED] LTM: Stop breached at Rs4423.00
[2026-09-07 11:20:29] [CRITICAL] [STOP_BREACHED] VINATIORGA: Stop breached at Rs1303.70
[2026-09-07 11:20:29] [CRITICAL] [STOP_BREACHED] HCLTECH: Stop breached at Rs1270.60
[2026-09-07 11:20:29] [CRITICAL] [STOP_BREACHED] CAMS: Stop breached at Rs744.00
[2026-09-07 11:20:29] [CRITICAL] [STOP_BREACHED] IIFLCAPS: Stop breached at Rs341.05
[2026-09-07 11:20:29] [CRITICAL] [STOP_BREACHED] V2RETAIL: Stop breached at Rs220.72
[2026-09-07 11:20:29] [CRITICAL] [STOP_BREACHED] EMBDL: Stop breached at Rs57.96
[2026-09-07 11:20:29] [CRITICAL] [STOP_BREACHED] VGUARD: Stop breached at Rs332.50
[2026-09-07 11:20:29] [CRITICAL] [STOP_BREACHED] UNOMINDA: Stop breached at Rs1231.40
[2026-09-07 11:20:29] [CRITICAL] [STOP_BREACHED] INTERARCH: Stop breached at Rs1698.00
[2026-09-07 11:20:29] [CRITICAL] [STOP_BREACHED] HCG: Stop breached at Rs694.55
[2026-09-07 11:20:29] [CRITICAL] [STOP_BREACHED] JSLL: Stop breached at Rs517.80
[2026-09-07 11:20:29] [CRITICAL] [STOP_BREACHED] JBMA: Stop breached at Rs617.50
[2026-09-07 11:20:29] [CRITICAL] [STOP_BREACHED] NLCINDIA: Stop breached at Rs273.15
[2026-09-07 11:20:29] [CRITICAL] [STOP_BREACHED] BOMDYEING: Stop breached at Rs112.24
[2026-09-07 11:20:29] [CRITICAL] [STOP_BREACHED] SHAKTIPUMP: Stop breached at Rs468.00
[2026-09-07 11:20:29] [CRITICAL] [STOP_BREACHED] EPACK: Stop breached at Rs186.85
[2026-09-07 11:20:29] [CRITICAL] [STOP_BREACHED] DCXINDIA: Stop breached at Rs170.19
[2026-09-07 11:20:29] [CRITICAL] [STOP_BREACHED] NTPCGREEN: Stop breached at Rs88.31
[2026-09-07 11:20:29] [CRITICAL] [STOP_BREACHED] WALCHANNAG: Stop breached at Rs219.62
[2026-09-07 11:20:29] [CRITICAL] [STOP_BREACHED] COHANCE: Stop breached at Rs447.15
[2026-09-07 11:20:29] [CRITICAL] [STOP_BREACHED] SAFARI: Stop breached at Rs1540.50
[2026-09-07 11:20:29] [CRITICAL] [STOP_BREACHED] ESCORTS: Stop breached at Rs2949.20
[2026-09-07 11:20:29] [CRITICAL] [STOP_BREACHED] CAMPUS: Stop breached at Rs220.03
[2026-09-07 11:20:29] [CRITICAL] [STOP_BREACHED] GESHIP: Stop breached at Rs1370.30
[2026-09-07 11:20:29] [CRITICAL] [STOP_BREACHED] PROTEAN: Stop breached at Rs500.15
[2026-09-07 11:20:29] [CRITICAL] [STOP_BREACHED] DSSL: Stop breached at Rs1053.10
[2026-09-07 11:20:29] [CRITICAL] [STOP_BREACHED] SARDAEN: Stop breached at Rs509.80
[2026-09-07 11:20:29] [CRITICAL] [STOP_BREACHED] CHOICEIN: Stop breached at Rs761.50
[2026-09-07 11:20:29] [CRITICAL] [STOP_BREACHED] INDIAMART: Stop breached at Rs1708.10
[2026-09-07 11:20:29] [CRITICAL] [STOP_BREACHED] LALPATHLAB: Stop breached at Rs1874.20
[2026-09-07 11:20:30] [CRITICAL] [STOP_BREACHED] MAHLOG: Stop breached at Rs407.40
[2026-09-07 11:20:30] [CRITICAL] [STOP_BREACHED] DOMS: Stop breached at Rs2201.90
[2026-09-07 11:20:30] [CRITICAL] [STOP_BREACHED] PGEL: Stop breached at Rs558.70
[2026-09-07 11:20:30] [CRITICAL] [STOP_BREACHED] JUBLINGREA: Stop breached at Rs678.05
[2026-09-07 11:20:30] [CRITICAL] [STOP_BREACHED] INFOBEAN: Stop breached at Rs158.70
[2026-09-07 11:20:30] [CRITICAL] [STOP_BREACHED] JKTYRE: Stop breached at Rs367.40
[2026-09-07 11:20:30] [CRITICAL] [STOP_BREACHED] ABREL: Stop breached at Rs1364.00
[2026-09-07 11:20:30] [CRITICAL] [STOP_BREACHED] CIPLA: Stop breached at Rs1382.70
[2026-09-07 11:20:30] [CRITICAL] [STOP_BREACHED] ANURAS: Stop breached at Rs1246.30
[2026-09-07 11:20:30] [CRITICAL] [STOP_BREACHED] TORNTPHARM: Stop breached at Rs4887.00
[2026-09-07 11:20:30] [CRITICAL] [STOP_BREACHED] TRITURBINE: Stop breached at Rs573.00
[2026-09-07 11:20:30] [CRITICAL] [STOP_BREACHED] RITES: Stop breached at Rs215.18
[2026-09-07 11:20:30] [CRITICAL] [STOP_BREACHED] TORNTPOWER: Stop breached at Rs1307.50
[2026-09-07 11:20:30] [CRITICAL] [STOP_BREACHED] DEEPAKNTR: Stop breached at Rs1658.00
[2026-09-07 11:20:30] [CRITICAL] [STOP_BREACHED] GHCL: Stop breached at Rs436.00
[2026-09-07 11:20:30] [CRITICAL] [STOP_BREACHED] SOUTHBANK: Stop breached at Rs46.71
[2026-09-07 11:20:30] [CRITICAL] [STOP_BREACHED] TITAN: Stop breached at Rs4995.00
[2026-09-07 11:20:30] [CRITICAL] [STOP_BREACHED] APOLLOTYRE: Stop breached at Rs419.45
[2026-09-07 11:20:30] [CRITICAL] [STOP_BREACHED] SYNGENE: Stop breached at Rs389.20
[2026-09-07 11:20:30] [CRITICAL] [STOP_BREACHED] ROSSARI: Stop breached at Rs457.30
[2026-09-07 11:20:30] [CRITICAL] [STOP_BREACHED] KIRLOSBROS: Stop breached at Rs1835.90
[2026-09-07 11:20:30] [CRITICAL] [STOP_BREACHED] IOC: Stop breached at Rs135.94
[2026-09-07 11:20:30] [CRITICAL] [STOP_BREACHED] ADVENZYMES: Stop breached at Rs297.05
[2026-09-07 11:20:30] [CRITICAL] [STOP_BREACHED] NIVABUPA: Stop breached at Rs80.65
[2026-09-07 11:20:30] [CRITICAL] [STOP_BREACHED] SIEMENS: Stop breached at Rs3939.00
[2026-09-07 11:20:30] [CRITICAL] [STOP_BREACHED] APOLLOHOSP: Stop breached at Rs8691.00
[2026-09-07 11:20:30] [CRITICAL] [STOP_BREACHED] SUPRIYA: Stop breached at Rs894.55
[2026-09-07 11:20:30] [CRITICAL] [STOP_BREACHED] TATAELXSI: Stop breached at Rs3496.20
[2026-09-07 11:20:30] [CRITICAL] [STOP_BREACHED] NAVA: Stop breached at Rs556.60
[2026-09-07 11:20:30] [CRITICAL] [STOP_BREACHED] AGI: Stop breached at Rs741.15
[2026-09-07 11:20:30] [CRITICAL] [STOP_BREACHED] WIPRO: Stop breached at Rs173.24
[2026-09-07 11:20:30] [CRITICAL] [STOP_BREACHED] PCBL: Stop breached at Rs313.50
[2026-09-07 11:20:30] [CRITICAL] [STOP_BREACHED] TRIDENT: Stop breached at Rs23.98
[2026-09-07 11:20:30] [CRITICAL] [STOP_BREACHED] BANKBARODA: Stop breached at Rs236.60
[2026-09-07 11:20:30] [CRITICAL] [STOP_BREACHED] NHPC: Stop breached at Rs75.95
[2026-09-07 11:20:30] [CRITICAL] [STOP_BREACHED] DRREDDY: Stop breached at Rs1155.40
[2026-09-07 11:20:30] [CRITICAL] [STOP_BREACHED] CESC: Stop breached at Rs146.89
[2026-09-07 11:20:30] [CRITICAL] [STOP_BREACHED] CANBK: Stop breached at Rs124.43
[2026-09-07 11:20:30] [CRITICAL] [STOP_BREACHED] BORORENEW: Stop breached at Rs511.35
[2026-09-07 11:20:30] [CRITICAL] [STOP_BREACHED] HOMEFIRST: Stop breached at Rs1230.00
[2026-09-07 11:20:30] [CRITICAL] [STOP_BREACHED] RIIL: Stop breached at Rs733.00
[2026-09-07 11:20:30] [CRITICAL] [STOP_BREACHED] SUNPHARMA: Stop breached at Rs1892.60
[2026-09-07 11:20:30] [CRITICAL] [STOP_BREACHED] HINDPETRO: Stop breached at Rs352.20
[2026-09-07 11:20:31] [CRITICAL] [STOP_BREACHED] DMART: Stop breached at Rs3705.40
[2026-09-07 11:20:31] [CRITICAL] [STOP_BREACHED] AWFIS: Stop breached at Rs257.80
[2026-09-07 11:20:31] [CRITICAL] [STOP_BREACHED] PGHL: Stop breached at Rs5684.50
[2026-09-07 11:20:31] [CRITICAL] [STOP_BREACHED] HDFCBANK: Stop breached at Rs709.40
[2026-09-07 11:20:31] [CRITICAL] [STOP_BREACHED] COROMANDEL: Stop breached at Rs1960.00
[2026-09-07 11:20:31] [CRITICAL] [STOP_BREACHED] FINEORG: Stop breached at Rs5131.00
[2026-09-07 11:20:31] [CRITICAL] [STOP_BREACHED] INDIGO: Stop breached at Rs4978.50
[2026-09-07 11:20:31] [CRITICAL] [STOP_BREACHED] FDC: Stop breached at Rs341.00
[2026-09-07 11:20:31] [CRITICAL] [STOP_BREACHED] PARACABLES: Stop breached at Rs66.47
[2026-09-07 11:20:31] [CRITICAL] [STOP_BREACHED] MEDPLUS: Stop breached at Rs660.00
[2026-09-07 11:20:31] [CRITICAL] [STOP_BREACHED] BIOCON: Stop breached at Rs391.50
[2026-09-07 11:20:31] [CRITICAL] [STOP_BREACHED] SBIN: Stop breached at Rs1004.70
[2026-09-07 11:20:31] [CRITICAL] [STOP_BREACHED] RAILTEL: Stop breached at Rs269.70
[2026-09-07 11:20:31] [CRITICAL] [STOP_BREACHED] BHARTIHEXA: Stop breached at Rs1511.00
[2026-09-07 11:20:31] [CRITICAL] [STOP_BREACHED] PREMEXPLN: Stop breached at Rs663.20
[2026-09-07 11:20:31] [CRITICAL] [STOP_BREACHED] HONASA: Stop breached at Rs472.35
[2026-09-07 11:20:31] [CRITICAL] [STOP_BREACHED] BIRLACORPN: Stop breached at Rs870.10
[2026-09-07 11:20:31] [CRITICAL] [STOP_BREACHED] PATANJALI: Stop breached at Rs340.35
[2026-09-07 11:20:31] [CRITICAL] [STOP_BREACHED] SPARC: Stop breached at Rs204.90
[2026-09-07 11:20:31] [CRITICAL] [STOP_BREACHED] WAAREEENER: Stop breached at Rs2613.10
[2026-09-07 11:20:31] [CRITICAL] [STOP_BREACHED] MGL: Stop breached at Rs1093.80
[2026-09-07 11:20:31] [CRITICAL] [STOP_BREACHED] STARHEALTH: Stop breached at Rs548.65
[2026-09-07 11:20:31] [CRITICAL] [STOP_BREACHED] CENTRALBK: Stop breached at Rs30.92
[2026-09-07 11:20:31] [CRITICAL] [STOP_BREACHED] ABB: Stop breached at Rs7385.50
[2026-09-07 11:20:31] [CRITICAL] [STOP_BREACHED] BANKINDIA: Stop breached at Rs141.49
[2026-09-07 11:20:31] [CRITICAL] [STOP_BREACHED] GMBREW: Stop breached at Rs934.60
[2026-09-07 11:20:31] [CRITICAL] [STOP_BREACHED] VIPIND: Stop breached at Rs324.15
[2026-09-07 11:20:31] [CRITICAL] [STOP_BREACHED] PIDILITIND: Stop breached at Rs1603.60
[2026-09-07 11:20:31] [CRITICAL] [STOP_BREACHED] IOB: Stop breached at Rs33.16
[2026-09-07 11:20:31] [CRITICAL] [STOP_BREACHED] JKCEMENT: Stop breached at Rs5080.50
[2026-09-07 11:20:31] [CRITICAL] [STOP_BREACHED] POLYPLEX: Stop breached at Rs1176.50
[2026-09-07 11:20:31] [CRITICAL] [STOP_BREACHED] RELIANCE: Stop breached at Rs1312.80
[2026-09-07 11:20:31] [CRITICAL] [STOP_BREACHED] KRISHNADEF: Stop breached at Rs1053.50
[2026-09-07 11:20:31] [CRITICAL] [STOP_BREACHED] CEIGALL: Stop breached at Rs362.60
[2026-09-07 11:20:31] [CRITICAL] [STOP_BREACHED] PNB: Stop breached at Rs115.69
[2026-09-07 11:20:31] [CRITICAL] [STOP_BREACHED] AUBANK: Stop breached at Rs1050.20
[2026-09-07 11:20:31] [CRITICAL] [STOP_BREACHED] BAYERCROP: Stop breached at Rs3974.60
[2026-09-07 11:20:31] [CRITICAL] [STOP_BREACHED] ITI: Stop breached at Rs273.10
[2026-09-07 11:20:31] [CRITICAL] [STOP_BREACHED] INDUSINDBK: Stop breached at Rs1014.80
[2026-09-07 11:20:31] [CRITICAL] [STOP_BREACHED] LT: Stop breached at Rs3990.40
[2026-09-07 11:20:31] [CRITICAL] [STOP_BREACHED] BATAINDIA: Stop breached at Rs670.85
[2026-09-07 11:20:31] [CRITICAL] [STOP_BREACHED] BLUEJET: Stop breached at Rs563.20
[2026-09-07 11:20:31] [CRITICAL] [STOP_BREACHED] TIPSMUSIC: Stop breached at Rs647.00
[2026-09-07 11:20:31] [CRITICAL] [STOP_BREACHED] HDFCLIFE: Stop breached at Rs540.45
[2026-09-07 11:20:31] [CRITICAL] [STOP_BREACHED] NESTLEIND: Stop breached at Rs1396.60
[2026-09-07 11:20:32] [CRITICAL] [STOP_BREACHED] GRANULES: Stop breached at Rs867.40
[2026-09-07 11:20:32] [CRITICAL] [STOP_BREACHED] AMBUJACEM: Stop breached at Rs400.35
[2026-09-07 11:20:32] [CRITICAL] [STOP_BREACHED] APLLTD: Stop breached at Rs817.25
[2026-09-07 11:20:32] [CRITICAL] [STOP_BREACHED] CIEINDIA: Stop breached at Rs384.50
[2026-09-07 11:20:32] [CRITICAL] [STOP_BREACHED] ITCHOTELS: Stop breached at Rs158.98
[2026-09-07 11:20:32] [CRITICAL] [STOP_BREACHED] BAJAJHFL: Stop breached at Rs82.54
[2026-09-07 11:20:32] [CRITICAL] [STOP_BREACHED] PENIND: Stop breached at Rs170.52
[2026-09-07 11:20:32] [CRITICAL] [STOP_BREACHED] JUBLFOOD: Stop breached at Rs478.20
[2026-09-07 11:20:32] [CRITICAL] [STOP_BREACHED] NMDC: Stop breached at Rs83.74
[2026-09-07 11:20:32] [CRITICAL] [STOP_BREACHED] CARRARO: Stop breached at Rs528.55
[2026-09-07 11:20:32] [CRITICAL] [STOP_BREACHED] GMRP&UI: Stop breached at Rs95.47
[2026-09-07 11:20:32] [CRITICAL] [STOP_BREACHED] MINDACORP: Stop breached at Rs696.20
[2026-09-07 11:20:32] [CRITICAL] [STOP_BREACHED] SIGNATURE: Stop breached at Rs795.70
[2026-09-07 11:20:32] [CRITICAL] [STOP_BREACHED] VRLLOG: Stop breached at Rs294.00
[2026-09-07 11:20:32] [CRITICAL] [STOP_BREACHED] INDIANB: Stop breached at Rs867.65
[2026-09-07 11:20:32] [CRITICAL] [STOP_BREACHED] ATUL: Stop breached at Rs6349.00
[2026-09-07 11:20:32] [CRITICAL] [STOP_BREACHED] GODIGIT: Stop breached at Rs255.30
[2026-09-07 11:20:32] [CRITICAL] [STOP_BREACHED] SRF: Stop breached at Rs2539.30
[2026-09-07 11:20:32] [CRITICAL] [STOP_BREACHED] INOXWIND: Stop breached at Rs75.18
[2026-09-07 11:20:32] [CRITICAL] [STOP_BREACHED] LTF: Stop breached at Rs312.55
[2026-09-07 11:20:32] [CRITICAL] [STOP_BREACHED] PFIZER: Stop breached at Rs4588.90
[2026-09-07 11:20:32] [CRITICAL] [STOP_BREACHED] INDRAMEDCO: Stop breached at Rs352.10
[2026-09-07 11:20:32] [CRITICAL] [STOP_BREACHED] PHOENIXLTD: Stop breached at Rs1903.90
[2026-09-07 11:20:32] [CRITICAL] [STOP_BREACHED] CCL: Stop breached at Rs1097.30
[2026-09-07 11:20:32] [CRITICAL] [STOP_BREACHED] ARVINDFASN: Stop breached at Rs441.75
[2026-09-07 11:20:32] [CRITICAL] [STOP_BREACHED] BASF: Stop breached at Rs3833.00
[2026-09-07 11:20:32] [CRITICAL] [STOP_BREACHED] RAYMONDREL: Stop breached at Rs543.95
[2026-09-07 11:20:32] [CRITICAL] [STOP_BREACHED] GICRE: Stop breached at Rs350.25
[2026-09-07 11:20:32] [CRITICAL] [STOP_BREACHED] VERANDA: Stop breached at Rs243.79
[2026-09-07 11:20:32] [CRITICAL] [STOP_BREACHED] RTNINDIA: Stop breached at Rs28.58
[2026-09-07 11:20:32] [CRITICAL] [STOP_BREACHED] TCIEXP: Stop breached at Rs560.15
[2026-09-07 11:20:32] [CRITICAL] [STOP_BREACHED] BBL: Stop breached at Rs2273.90
[2026-09-07 11:20:32] [CRITICAL] [STOP_BREACHED] KROSS: Stop breached at Rs211.46
[2026-09-07 11:20:32] [CRITICAL] [STOP_BREACHED] GILLETTE: Stop breached at Rs7317.50
[2026-09-07 11:20:32] [CRITICAL] [STOP_BREACHED] IDFCFIRSTB: Stop breached at Rs86.04
[2026-09-07 11:20:32] [CRITICAL] [STOP_BREACHED] RAJRATAN: Stop breached at Rs494.25
[2026-09-07 11:20:32] [CRITICAL] [STOP_BREACHED] ICICIPRULI: Stop breached at Rs481.20
[2026-09-07 11:20:32] [CRITICAL] [STOP_BREACHED] MIDHANI: Stop breached at Rs423.15
[2026-09-07 11:20:32] [CRITICAL] [STOP_BREACHED] HINDUNILVR: Stop breached at Rs1969.90
[2026-09-07 11:20:32] [CRITICAL] [STOP_BREACHED] NAUKRI: Stop breached at Rs1294.80
[2026-09-07 11:20:33] [CRITICAL] [STOP_BREACHED] ASIANPAINT: Stop breached at Rs2509.70
[2026-09-07 11:20:33] [CRITICAL] [STOP_BREACHED] KAYNES: Stop breached at Rs3672.00
[2026-09-07 11:20:33] [CRITICAL] [STOP_BREACHED] PDSL: Stop breached at Rs353.50
[2026-09-07 11:20:33] [CRITICAL] [STOP_BREACHED] GANECOS: Stop breached at Rs976.80
[2026-09-07 11:20:33] [CRITICAL] [STOP_BREACHED] HAL: Stop breached at Rs4868.10
[2026-09-07 11:20:33] [CRITICAL] [STOP_BREACHED] IEX: Stop breached at Rs118.09
[2026-09-07 11:20:33] [CRITICAL] [STOP_BREACHED] GSFC: Stop breached at Rs162.00
[2026-09-07 11:20:33] [CRITICAL] [STOP_BREACHED] EQUITASBNK: Stop breached at Rs72.75
[2026-09-07 11:20:33] [CRITICAL] [STOP_BREACHED] TATVA: Stop breached at Rs1667.90
[2026-09-07 11:20:33] [CRITICAL] [STOP_BREACHED] SHAREINDIA: Stop breached at Rs172.35
[2026-09-07 11:20:33] [CRITICAL] [STOP_BREACHED] NYKAA: Stop breached at Rs337.20
[2026-09-07 11:20:33] [CRITICAL] [STOP_BREACHED] GUJALKALI: Stop breached at Rs706.70
[2026-09-07 11:20:33] [CRITICAL] [STOP_BREACHED] ABDL: Stop breached at Rs603.60
[2026-09-07 11:20:33] [CRITICAL] [STOP_BREACHED] KSCL: Stop breached at Rs739.50
[2026-09-07 11:20:33] [CRITICAL] [STOP_BREACHED] TATAINVEST: Stop breached at Rs627.40
[2026-09-07 11:20:33] [CRITICAL] [STOP_BREACHED] AGARWALEYE: Stop breached at Rs524.80
[2026-09-07 11:20:33] [CRITICAL] [STOP_BREACHED] SKFINDIA: Stop breached at Rs1547.40
[2026-09-07 11:20:33] [CRITICAL] [STOP_BREACHED] CGPOWER: Stop breached at Rs899.20
[2026-09-07 11:20:33] [CRITICAL] [STOP_BREACHED] ACC: Stop breached at Rs1268.40
[2026-09-07 11:20:33] [CRITICAL] [STOP_BREACHED] METROBRAND: Stop breached at Rs934.85
[2026-09-07 11:20:33] [CRITICAL] [STOP_BREACHED] SANOFI: Stop breached at Rs3139.50
[2026-09-07 11:20:33] [CRITICAL] [STOP_BREACHED] MHRIL: Stop breached at Rs207.00
[2026-09-07 11:20:33] [CRITICAL] [STOP_BREACHED] ORCHPHARMA: Stop breached at Rs947.00
[2026-09-07 11:20:33] [CRITICAL] [STOP_BREACHED] RANEHOLDIN: Stop breached at Rs1661.10
[2026-09-07 11:20:33] [CRITICAL] [STOP_BREACHED] AARTIIND: Stop breached at Rs492.10
[2026-09-07 11:20:33] [CRITICAL] [STOP_BREACHED] UNITDSPR: Stop breached at Rs1446.50
[2026-09-07 11:20:33] [CRITICAL] [STOP_BREACHED] ALKEM: Stop breached at Rs5129.00
[2026-09-07 11:20:33] [CRITICAL] [STOP_BREACHED] JSWCEMENT: Stop breached at Rs122.69
[2026-09-07 11:20:33] [CRITICAL] [STOP_BREACHED] 360ONE: Stop breached at Rs1131.80
[2026-09-07 11:20:33] [CRITICAL] [STOP_BREACHED] AURIONPRO: Stop breached at Rs676.85
[2026-09-07 11:20:33] [CRITICAL] [STOP_BREACHED] RAYMONDLSL: Stop breached at Rs673.00
[2026-09-07 11:20:33] [CRITICAL] [STOP_BREACHED] ANGELONE: Stop breached at Rs305.25
[2026-09-07 11:20:33] [CRITICAL] [STOP_BREACHED] FEDFINA: Stop breached at Rs166.23
[2026-09-07 11:20:33] [CRITICAL] [STOP_BREACHED] ZENSARTECH: Stop breached at Rs453.30
[2026-09-07 11:20:33] [CRITICAL] [STOP_BREACHED] AARTIPHARM: Stop breached at Rs871.65
[2026-09-07 11:20:33] [CRITICAL] [STOP_BREACHED] TATASTEEL: Stop breached at Rs184.75
[2026-09-07 11:20:33] [CRITICAL] [STOP_BREACHED] JWL: Stop breached at Rs244.89
[2026-09-07 11:20:33] [CRITICAL] [STOP_BREACHED] CELLO: Stop breached at Rs341.05
[2026-09-07 11:20:33] [CRITICAL] [STOP_BREACHED] TIINDIA: Stop breached at Rs2688.70
[2026-09-07 11:20:33] [CRITICAL] [STOP_BREACHED] GARUDA: Stop breached at Rs178.56
[2026-09-07 11:20:34] [CRITICAL] [STOP_BREACHED] TECHM: Stop breached at Rs1557.40
[2026-09-07 11:20:34] [CRITICAL] [STOP_BREACHED] POLYMED: Stop breached at Rs1737.10
[2026-09-07 11:20:34] [CRITICAL] [STOP_BREACHED] OBEROIRLTY: Stop breached at Rs1856.80
[2026-09-07 11:20:34] [CRITICAL] [STOP_BREACHED] PRAJIND: Stop breached at Rs337.80
[2026-09-07 11:20:34] [CRITICAL] [STOP_BREACHED] EMIL: Stop breached at Rs180.04
[2026-09-07 11:20:34] [CRITICAL] [STOP_BREACHED] EIDPARRY: Stop breached at Rs782.00
[2026-09-07 11:20:34] [CRITICAL] [STOP_BREACHED] SGFIN: Stop breached at Rs682.05
[2026-09-07 11:20:34] [CRITICAL] [STOP_BREACHED] YESBANK: Stop breached at Rs22.36
[2026-09-07 11:20:34] [CRITICAL] [STOP_BREACHED] GMDCLTD: Stop breached at Rs558.25
[2026-09-07 11:20:34] [CRITICAL] [STOP_BREACHED] SUMICHEM: Stop breached at Rs492.00
[2026-09-07 11:20:34] [CRITICAL] [STOP_BREACHED] ZAGGLE: Stop breached at Rs177.81
[2026-09-07 11:20:34] [CRITICAL] [STOP_BREACHED] SANDUMA: Stop breached at Rs195.31
[2026-09-07 11:20:34] [CRITICAL] [STOP_BREACHED] RESPONIND: Stop breached at Rs148.39
[2026-09-07 11:20:34] [CRITICAL] [STOP_BREACHED] SIS: Stop breached at Rs432.80
[2026-09-07 11:20:34] [CRITICAL] [STOP_BREACHED] WEBELSOLAR: Stop breached at Rs74.40
[2026-09-07 11:20:34] [CRITICAL] [STOP_BREACHED] GODFRYPHLP: Stop breached at Rs2031.20
[2026-09-07 11:20:34] [CRITICAL] [STOP_BREACHED] KMEW: Stop breached at Rs2917.70
[2026-09-07 11:20:34] [CRITICAL] [STOP_BREACHED] HEXT: Stop breached at Rs522.55
[2026-09-07 11:20:34] [CRITICAL] [STOP_BREACHED] APTUS: Stop breached at Rs255.00
[2026-09-07 11:20:34] [CRITICAL] [STOP_BREACHED] JSWINFRA: Stop breached at Rs335.80
[2026-09-07 11:20:34] [CRITICAL] [STOP_BREACHED] KALYANKJIL: Stop breached at Rs595.90
[2026-09-07 11:20:34] [CRITICAL] [STOP_BREACHED] MANKIND: Stop breached at Rs2313.00
[2026-09-07 11:20:34] [CRITICAL] [STOP_BREACHED] GLOBUSSPR: Stop breached at Rs895.00
[2026-09-07 11:20:34] [CRITICAL] [STOP_BREACHED] MARICO: Stop breached at Rs809.15
[2026-09-07 11:20:34] [CRITICAL] [STOP_BREACHED] KPITTECH: Stop breached at Rs565.25
[2026-09-07 11:20:34] [CRITICAL] [STOP_BREACHED] NESCO: Stop breached at Rs1074.10
[2026-09-07 11:20:34] [CRITICAL] [STOP_BREACHED] FLUOROCHEM: Stop breached at Rs4519.20
[2026-09-07 11:20:34] [CRITICAL] [STOP_BREACHED] HAVELLS: Stop breached at Rs1146.60
[2026-09-07 11:20:34] [CRITICAL] [STOP_BREACHED] TAJGVK: Stop breached at Rs332.50
[2026-09-07 11:20:34] [CRITICAL] [STOP_BREACHED] ELECON: Stop breached at Rs429.85
[2026-09-07 11:20:34] [CRITICAL] [STOP_BREACHED] RHIM: Stop breached at Rs370.05
[2026-09-07 11:20:34] [CRITICAL] [STOP_BREACHED] KARURVYSYA: Stop breached at Rs345.00
[2026-09-07 11:20:34] [CRITICAL] [STOP_BREACHED] CEATLTD: Stop breached at Rs3326.00
[2026-09-07 11:20:34] [CRITICAL] [STOP_BREACHED] DEEPAKFERT: Stop breached at Rs1344.00
[2026-09-07 11:20:34] [CRITICAL] [STOP_BREACHED] AARTIDRUGS: Stop breached at Rs429.20
[2026-09-07 11:20:34] [CRITICAL] [STOP_BREACHED] AADHARHFC: Stop breached at Rs474.70
[2026-09-07 11:20:34] [CRITICAL] [STOP_BREACHED] TECHNOE: Stop breached at Rs961.00
[2026-09-07 11:20:34] [CRITICAL] [STOP_BREACHED] ONESOURCE: Stop breached at Rs1557.60
[2026-09-07 11:20:34] [CRITICAL] [STOP_BREACHED] HINDALCO: Stop breached at Rs1003.50
[2026-09-07 11:20:34] [CRITICAL] [STOP_BREACHED] LTTS: Stop breached at Rs3420.90
[2026-09-07 11:20:34] [CRITICAL] [STOP_BREACHED] IGIL: Stop breached at Rs318.85
[2026-09-07 11:20:34] [CRITICAL] [STOP_BREACHED] EICHERMOT: Stop breached at Rs7645.00
[2026-09-07 11:20:34] [CRITICAL] [STOP_BREACHED] MFSL: Stop breached at Rs1534.00
[2026-09-07 11:20:35] [CRITICAL] [STOP_BREACHED] MSUMI: Stop breached at Rs36.83
[2026-09-07 11:20:35] [CRITICAL] [STOP_BREACHED] ALLTIME: Stop breached at Rs213.69
[2026-09-07 11:20:35] [CRITICAL] [STOP_BREACHED] SJVN: Stop breached at Rs65.37
[2026-09-07 11:20:35] [CRITICAL] [STOP_BREACHED] KFINTECH: Stop breached at Rs925.85
[2026-09-07 11:20:35] [CRITICAL] [STOP_BREACHED] COCHINSHIP: Stop breached at Rs1510.00
[2026-09-07 11:20:35] [CRITICAL] [STOP_BREACHED] INFY: Stop breached at Rs1093.20
[2026-09-07 11:20:35] [CRITICAL] [STOP_BREACHED] RPOWER: Stop breached at Rs22.04
[2026-09-07 11:20:35] [CRITICAL] [STOP_BREACHED] GAEL: Stop breached at Rs166.96
[2026-09-07 11:20:35] [CRITICAL] [STOP_BREACHED] JAMNAAUTO: Stop breached at Rs124.01
[2026-09-07 11:20:35] [CRITICAL] [STOP_BREACHED] POONAWALLA: Stop breached at Rs459.90
[2026-09-07 11:20:35] [CRITICAL] [STOP_BREACHED] TARC: Stop breached at Rs132.42
[2026-09-07 11:20:35] [CRITICAL] [STOP_BREACHED] UNIONBANK: Stop breached at Rs183.50
[2026-09-07 11:20:35] [CRITICAL] [STOP_BREACHED] CHOLAFIN: Stop breached at Rs1828.40
[2026-09-07 11:20:35] [CRITICAL] [STOP_BREACHED] M&M: Stop breached at Rs3170.40
[2026-09-07 11:20:35] [CRITICAL] [STOP_BREACHED] ARE&M: Stop breached at Rs846.00
[2026-09-07 11:20:35] [CRITICAL] [STOP_BREACHED] EXIDEIND: Stop breached at Rs418.75
[2026-09-07 11:20:35] [CRITICAL] [STOP_BREACHED] MPHASIS: Stop breached at Rs2354.20
[2026-09-07 11:20:35] [CRITICAL] [STOP_BREACHED] BHEL: Stop breached at Rs418.95
[2026-09-07 11:20:35] [CRITICAL] [STOP_BREACHED] ZYDUSLIFE: Stop breached at Rs1137.20
[2026-09-07 11:20:35] [CRITICAL] [STOP_BREACHED] FACT: Stop breached at Rs797.00
[2026-09-07 11:20:35] [CRITICAL] [STOP_BREACHED] MAXHEALTH: Stop breached at Rs980.40
[2026-09-07 11:20:35] [CRITICAL] [STOP_BREACHED] THYROCARE: Stop breached at Rs571.30
[2026-09-07 11:20:35] [CRITICAL] [STOP_BREACHED] IKS: Stop breached at Rs1781.50
[2026-09-07 11:20:35] [CRITICAL] [STOP_BREACHED] BAJFINANCE: Stop breached at Rs1061.50
[2026-09-07 11:20:35] [CRITICAL] [STOP_BREACHED] INTELLECT: Stop breached at Rs677.40
[2026-09-07 11:20:35] [CRITICAL] [STOP_BREACHED] KIMS: Stop breached at Rs762.35
[2026-09-07 11:20:35] [CRITICAL] [STOP_BREACHED] SERVOTECH: Stop breached at Rs79.71
[2026-09-07 11:20:35] [CRITICAL] [STOP_BREACHED] IREDA: Stop breached at Rs112.84
[2026-09-07 11:20:35] [CRITICAL] [STOP_BREACHED] GRAVITA: Stop breached at Rs1683.30
[2026-09-07 11:20:35] [CRITICAL] [STOP_BREACHED] ABCAPITAL: Stop breached at Rs400.55
[2026-09-07 11:20:35] [CRITICAL] [STOP_BREACHED] FEDERALBNK: Stop breached at Rs340.40
[2026-09-07 11:20:35] [CRITICAL] [STOP_BREACHED] UBL: Stop breached at Rs1294.00
[2026-09-07 11:20:35] [CRITICAL] [STOP_BREACHED] CUPID: Stop breached at Rs281.75
[2026-09-07 11:20:35] [CRITICAL] [STOP_BREACHED] IDBI: Stop breached at Rs90.20
[2026-09-07 11:20:35] [CRITICAL] [STOP_BREACHED] TEJASNET: Stop breached at Rs595.15
[2026-09-07 11:20:35] [CRITICAL] [STOP_BREACHED] AETHER: Stop breached at Rs1624.90
[2026-09-07 11:20:36] [CRITICAL] [STOP_BREACHED] NUVOCO: Stop breached at Rs341.50
[2026-09-07 11:20:36] [CRITICAL] [STOP_BREACHED] BEPL: Stop breached at Rs126.39
[2026-09-07 11:20:36] [CRITICAL] [STOP_BREACHED] MANAPPURAM: Stop breached at Rs326.00
[2026-09-07 11:20:36] [CRITICAL] [STOP_BREACHED] ADANIENT: Stop breached at Rs2927.00
[2026-09-07 11:20:36] [CRITICAL] [STOP_BREACHED] PSB: Stop breached at Rs23.01
[2026-09-07 11:20:36] [CRITICAL] [STOP_BREACHED] PRIVISCL: Stop breached at Rs3380.20
[2026-09-07 11:20:36] [CRITICAL] [STOP_BREACHED] AJANTPHARM: Stop breached at Rs3530.80
[2026-09-07 11:20:36] [CRITICAL] [STOP_BREACHED] ETHOSLTD: Stop breached at Rs2787.00
[2026-09-07 11:20:36] [CRITICAL] [STOP_BREACHED] TATACONSUM: Stop breached at Rs1015.80
[2026-09-07 11:20:36] [CRITICAL] [STOP_BREACHED] GNA: Stop breached at Rs548.40
[2026-09-07 11:20:36] [CRITICAL] [STOP_BREACHED] BAJAJHCARE: Stop breached at Rs327.05
[2026-09-07 11:20:36] [CRITICAL] [STOP_BREACHED] IRFC: Stop breached at Rs83.35
[2026-09-07 11:20:36] [CRITICAL] [STOP_BREACHED] IRCTC: Stop breached at Rs474.75
[2026-09-07 11:20:36] [CRITICAL] [STOP_BREACHED] ATGL: Stop breached at Rs608.85
[2026-09-07 11:20:36] [CRITICAL] [STOP_BREACHED] UPL: Stop breached at Rs578.20
[2026-09-07 11:20:36] [CRITICAL] [STOP_BREACHED] ARMANFIN: Stop breached at Rs2031.80
[2026-09-07 11:20:36] [CRITICAL] [STOP_BREACHED] PGHH: Stop breached at Rs7687.00
[2026-09-07 11:20:36] [CRITICAL] [STOP_BREACHED] ADANIPOWER: Stop breached at Rs205.50
[2026-09-07 11:20:36] [CRITICAL] [STOP_BREACHED] TRENT: Stop breached at Rs2798.80
[2026-09-07 11:20:37] [CRITICAL] [STOP_BREACHED] SJS: Stop breached at Rs2350.70
[2026-09-07 11:20:37] [CRITICAL] [STOP_BREACHED] SOLEX: Stop breached at Rs722.45
[2026-09-07 11:20:37] [CRITICAL] [STOP_BREACHED] FIVESTAR: Stop breached at Rs524.80
[2026-09-07 11:20:37] [CRITICAL] [STOP_BREACHED] JSWENERGY: Stop breached at Rs538.45
[2026-09-07 11:20:37] [CRITICAL] [STOP_BREACHED] AGIIL: Stop breached at Rs280.15
[2026-09-07 11:20:37] [CRITICAL] [STOP_BREACHED] BERGEPAINT: Stop breached at Rs483.85
[2026-09-07 11:20:37] [CRITICAL] [STOP_BREACHED] AWL: Stop breached at Rs186.49
[2026-09-07 11:20:37] [CRITICAL] [STOP_BREACHED] SBILIFE: Stop breached at Rs1750.70
[2026-09-07 11:20:37] [CRITICAL] [STOP_BREACHED] HEMIPROP: Stop breached at Rs125.62
[2026-09-07 11:20:37] [CRITICAL] [STOP_BREACHED] ASHOKLEY: Stop breached at Rs169.56
[2026-09-07 11:20:37] [CRITICAL] [STOP_BREACHED] MPSLTD: Stop breached at Rs2644.00
[2026-09-07 11:20:37] [CRITICAL] [STOP_BREACHED] HESTERBIO: Stop breached at Rs2348.80
[2026-09-07 11:20:37] [CRITICAL] [STOP_BREACHED] RADICO: Stop breached at Rs4482.00
[2026-09-07 11:20:37] [CRITICAL] [STOP_BREACHED] USHAMART: Stop breached at Rs504.05
[2026-09-07 11:20:37] [CRITICAL] [STOP_BREACHED] RALLIS: Stop breached at Rs207.23
[2026-09-07 11:20:37] [CRITICAL] [STOP_BREACHED] MRPL: Stop breached at Rs174.02
[2026-09-07 11:20:37] [CRITICAL] [STOP_BREACHED] JSWSTEEL: Stop breached at Rs1308.00
[2026-09-07 11:20:37] [CRITICAL] [STOP_BREACHED] BDL: Stop breached at Rs1252.60
[2026-09-07 11:20:37] [CRITICAL] [STOP_BREACHED] TVSSCS: Stop breached at Rs128.71
[2026-09-07 11:20:37] [CRITICAL] [STOP_BREACHED] JIOFIN: Stop breached at Rs235.61
[2026-09-07 11:20:37] [CRITICAL] [STOP_BREACHED] NTPC: Stop breached at Rs332.20
[2026-09-07 11:20:37] [CRITICAL] [STOP_BREACHED] SUNDARMFIN: Stop breached at Rs4650.00
[2026-09-07 11:20:37] [CRITICAL] [STOP_BREACHED] SANDHAR: Stop breached at Rs626.55
[2026-09-07 11:20:37] [CRITICAL] [STOP_BREACHED] VADILALIND: Stop breached at Rs7540.00
[2026-09-07 11:20:37] [CRITICAL] [STOP_BREACHED] CARBORUNIV: Stop breached at Rs1127.80
[2026-09-07 11:20:37] [CRITICAL] [STOP_BREACHED] MOIL: Stop breached at Rs249.44
[2026-09-07 11:20:37] [CRITICAL] [STOP_BREACHED] LANDMARK: Stop breached at Rs501.15
[2026-09-07 11:20:38] [CRITICAL] [STOP_BREACHED] APEX: Stop breached at Rs370.00
[2026-09-07 11:20:38] [CRITICAL] [STOP_BREACHED] BHARTIARTL: Stop breached at Rs1832.70
[2026-09-07 11:20:38] [CRITICAL] [STOP_BREACHED] AEGISVOPAK: Stop breached at Rs281.50
[2026-09-07 11:20:38] [CRITICAL] [STOP_BREACHED] WAAREERTL: Stop breached at Rs850.70
[2026-09-07 11:20:38] [CRITICAL] [STOP_BREACHED] AVANTEL: Stop breached at Rs156.21
[2026-09-07 11:20:38] [CRITICAL] [STOP_BREACHED] MOBIKWIK: Stop breached at Rs191.70
[2026-09-07 11:20:38] [CRITICAL] [STOP_BREACHED] CARYSIL: Stop breached at Rs1127.50
[2026-09-07 11:20:38] [CRITICAL] [STOP_BREACHED] ENDURANCE: Stop breached at Rs2759.50
[2026-09-07 11:20:38] [CRITICAL] [STOP_BREACHED] DALBHARAT: Stop breached at Rs1706.10
[2026-09-07 11:20:38] [CRITICAL] [STOP_BREACHED] EMCURE: Stop breached at Rs1926.00
[2026-09-07 11:20:38] [CRITICAL] [STOP_BREACHED] TCS: Stop breached at Rs2275.00
[2026-09-07 11:20:38] [CRITICAL] [STOP_BREACHED] GREENPLY: Stop breached at Rs306.50
[2026-09-07 11:20:38] [CRITICAL] [STOP_BREACHED] MOTHERSON: Stop breached at Rs162.77
[2026-09-07 11:20:38] [CRITICAL] [STOP_BREACHED] LLOYDSENGG: Stop breached at Rs83.30
[2026-09-07 11:20:38] [CRITICAL] [STOP_BREACHED] AUROPHARMA: Stop breached at Rs1652.00
[2026-09-07 11:20:38] [CRITICAL] [STOP_BREACHED] NACLIND: Stop breached at Rs167.07
[2026-09-07 11:20:38] [CRITICAL] [STOP_BREACHED] FIRSTCRY: Stop breached at Rs178.02
[2026-09-07 11:20:38] [CRITICAL] [STOP_BREACHED] COFORGE: Stop breached at Rs1934.40
[2026-09-07 11:20:38] [CRITICAL] [STOP_BREACHED] LUMAXTECH: Stop breached at Rs1932.90
[2026-09-07 11:20:38] [CRITICAL] [STOP_BREACHED] GABRIEL: Stop breached at Rs1335.90
[2026-09-07 11:20:38] [CRITICAL] [STOP_BREACHED] PSPPROJECT: Stop breached at Rs867.85
[2026-09-07 11:20:38] [CRITICAL] [STOP_BREACHED] DREDGECORP: Stop breached at Rs1079.90
[2026-09-07 11:20:38] [CRITICAL] [STOP_BREACHED] RICOAUTO: Stop breached at Rs131.00
[2026-09-07 11:20:38] [CRITICAL] [STOP_BREACHED] CENTENKA: Stop breached at Rs617.25
[2026-09-07 11:20:38] [CRITICAL] [STOP_BREACHED] SOBHA: Stop breached at Rs1246.00
[2026-09-07 11:20:38] [CRITICAL] [STOP_BREACHED] NATIONALUM: Stop breached at Rs369.80
[2026-09-07 11:20:38] [CRITICAL] [STOP_BREACHED] SURYAROSNI: Stop breached at Rs216.79
[2026-09-07 11:20:38] [CRITICAL] [STOP_BREACHED] LLOYDSENT: Stop breached at Rs72.85
[2026-09-07 11:20:38] [CRITICAL] [STOP_BREACHED] ONEPOINT: Stop breached at Rs57.25
[2026-09-07 11:20:38] [CRITICAL] [STOP_BREACHED] M&MFIN: Stop breached at Rs366.50
[2026-09-07 11:20:38] [CRITICAL] [STOP_BREACHED] TATACOMM: Stop breached at Rs1728.40
[2026-09-07 11:20:38] [CRITICAL] [STOP_BREACHED] ROLEXRINGS: Stop breached at Rs178.01
[2026-09-07 11:20:38] [CRITICAL] [STOP_BREACHED] EFCIL: Stop breached at Rs194.64
[2026-09-07 11:20:38] [CRITICAL] [STOP_BREACHED] SHRIRAMFIN: Stop breached at Rs1031.60
[2026-09-07 11:20:38] [CRITICAL] [STOP_BREACHED] FUSION: Stop breached at Rs201.68
[2026-09-07 11:20:38] [CRITICAL] [STOP_BREACHED] UNIVCABLES: Stop breached at Rs1534.50
[2026-09-07 11:20:38] [CRITICAL] [STOP_BREACHED] SONACOMS: Stop breached at Rs784.80
[2026-09-07 11:20:38] [CRITICAL] [STOP_BREACHED] CANFINHOME: Stop breached at Rs800.95
[2026-09-07 11:20:38] [CRITICAL] [STOP_BREACHED] NETWEB: Stop breached at Rs5197.50
[2026-09-07 11:20:38] [CRITICAL] [STOP_BREACHED] LODHA: Stop breached at Rs1209.20
[2026-09-07 11:20:39] [CRITICAL] [STOP_BREACHED] LXCHEM: Stop breached at Rs173.29
[2026-09-07 11:20:39] [CRITICAL] [STOP_BREACHED] JINDALSTEL: Stop breached at Rs1132.00
[2026-09-07 11:20:39] [CRITICAL] [STOP_BREACHED] RAMCOCEM: Stop breached at Rs881.05
[2026-09-07 11:20:39] [CRITICAL] [STOP_BREACHED] MOSCHIP: Stop breached at Rs215.01
[2026-09-07 11:20:39] [CRITICAL] [STOP_BREACHED] YASHO: Stop breached at Rs4026.00
[2026-09-07 11:20:39] [CRITICAL] [STOP_BREACHED] VMART: Stop breached at Rs817.65
[2026-09-07 11:20:39] [CRITICAL] [STOP_BREACHED] RSYSTEMS: Stop breached at Rs254.25
[2026-09-07 11:20:39] [CRITICAL] [STOP_BREACHED] LINDEINDIA: Stop breached at Rs6320.00
[2026-09-07 11:20:39] [CRITICAL] [STOP_BREACHED] FSL: Stop breached at Rs259.85
[2026-09-07 11:20:39] [CRITICAL] [STOP_BREACHED] LEMONTREE: Stop breached at Rs106.10
[2026-09-07 11:20:39] [CRITICAL] [STOP_BREACHED] ACE: Stop breached at Rs1115.80
[2026-09-07 11:20:39] [CRITICAL] [STOP_BREACHED] SUZLON: Stop breached at Rs45.30
[2026-09-07 11:20:39] [CRITICAL] [STOP_BREACHED] GOKULAGRO: Stop breached at Rs233.00
[2026-09-07 11:20:39] [CRITICAL] [STOP_BREACHED] GULFOILLUB: Stop breached at Rs1051.60
[2026-09-07 11:20:39] [CRITICAL] [STOP_BREACHED] TTKPRESTIG: Stop breached at Rs552.35
[2026-09-07 11:20:39] [CRITICAL] [STOP_BREACHED] CEMPRO: Stop breached at Rs1311.00
[2026-09-07 11:20:39] [CRITICAL] [STOP_BREACHED] TANLA: Stop breached at Rs516.00
[2026-09-07 11:20:39] [CRITICAL] [STOP_BREACHED] TATAPOWER: Stop breached at Rs365.50
[2026-09-07 11:20:39] [CRITICAL] [STOP_BREACHED] COALINDIA: Stop breached at Rs415.05
[2026-09-07 11:20:39] [CRITICAL] [STOP_BREACHED] BRITANNIA: Stop breached at Rs5042.50
[2026-09-07 11:20:39] [CRITICAL] [STOP_BREACHED] KANSAINER: Stop breached at Rs195.88
[2026-09-07 11:20:39] [CRITICAL] [STOP_BREACHED] CRIZAC: Stop breached at Rs162.89
[2026-09-07 11:20:39] [CRITICAL] [STOP_BREACHED] PRINCEPIPE: Stop breached at Rs287.95
[2026-09-07 11:20:39] [CRITICAL] [STOP_BREACHED] SAREGAMA: Stop breached at Rs495.95
[2026-09-07 11:20:39] [CRITICAL] [STOP_BREACHED] BSOFT: Stop breached at Rs282.20
[2026-09-07 11:20:39] [CRITICAL] [STOP_BREACHED] ICRA: Stop breached at Rs4969.90
[2026-09-07 11:20:39] [CRITICAL] [STOP_BREACHED] BLKASHYAP: Stop breached at Rs57.49
[2026-09-07 11:20:39] [CRITICAL] [STOP_BREACHED] CREDITACC: Stop breached at Rs1425.00
[2026-09-07 11:20:39] [CRITICAL] [STOP_BREACHED] IKIO: Stop breached at Rs209.80
[2026-09-07 11:20:39] [CRITICAL] [STOP_BREACHED] PNGJL: Stop breached at Rs631.35
[2026-09-07 11:20:39] [CRITICAL] [STOP_BREACHED] DCMSHRIRAM: Stop breached at Rs1010.50
[2026-09-07 11:20:39] [CRITICAL] [STOP_BREACHED] AVL: Stop breached at Rs601.55
[2026-09-07 11:20:39] [CRITICAL] [STOP_BREACHED] NELCO: Stop breached at Rs929.45
[2026-09-07 11:20:39] [CRITICAL] [STOP_BREACHED] TMPV: Stop breached at Rs308.95
[2026-09-07 11:20:39] [CRITICAL] [STOP_BREACHED] TITAGARH: Stop breached at Rs890.20
[2026-09-07 11:20:39] [CRITICAL] [STOP_BREACHED] KEC: Stop breached at Rs404.35
[2026-09-07 11:20:39] [CRITICAL] [STOP_BREACHED] JASH: Stop breached at Rs507.95
[2026-09-07 11:20:39] [CRITICAL] [STOP_BREACHED] DABUR: Stop breached at Rs376.90
[2026-09-07 11:20:39] [CRITICAL] [STOP_BREACHED] RAIN: Stop breached at Rs213.43
[2026-09-07 11:20:39] [CRITICAL] [STOP_BREACHED] DELTACORP: Stop breached at Rs56.20
[2026-09-07 11:20:40] [CRITICAL] [STOP_BREACHED] STEELCAS: Stop breached at Rs327.20
[2026-09-07 11:20:40] [CRITICAL] [STOP_BREACHED] TATACHEM: Stop breached at Rs614.00
[2026-09-07 11:20:40] [CRITICAL] [STOP_BREACHED] HDFCAMC: Stop breached at Rs2445.60
[2026-09-07 11:20:40] [CRITICAL] [STOP_BREACHED] TI: Stop breached at Rs540.90
[2026-09-07 11:20:40] [CRITICAL] [STOP_BREACHED] J&KBANK: Stop breached at Rs147.90
[2026-09-07 11:20:40] [CRITICAL] [STOP_BREACHED] VEDL: Stop breached at Rs268.30
[2026-09-07 11:20:40] [CRITICAL] [STOP_BREACHED] GREENPANEL: Stop breached at Rs156.61
[2026-09-07 11:20:40] [CRITICAL] [STOP_BREACHED] ERIS: Stop breached at Rs1327.10
[2026-09-07 11:20:40] [CRITICAL] [STOP_BREACHED] BHARATFORG: Stop breached at Rs1943.70
[2026-09-07 11:20:40] [CRITICAL] [STOP_BREACHED] HDBFS: Stop breached at Rs680.15
[2026-09-07 11:20:40] [CRITICAL] [STOP_BREACHED] BBOX: Stop breached at Rs760.60
[2026-09-07 11:20:40] [CRITICAL] [STOP_BREACHED] BALAJITELE: Stop breached at Rs92.58
[2026-09-07 11:20:40] [CRITICAL] [STOP_BREACHED] SCI: Stop breached at Rs295.00
[2026-09-07 11:20:40] [CRITICAL] [STOP_BREACHED] AVANTIFEED: Stop breached at Rs798.60
[2026-09-07 11:20:40] [CRITICAL] [STOP_BREACHED] AJMERA: Stop breached at Rs116.75
[2026-09-07 11:20:40] [CRITICAL] [STOP_BREACHED] SAPPHIRE: Stop breached at Rs227.43
[2026-09-07 11:20:40] [CRITICAL] [STOP_BREACHED] JMFINANCIL: Stop breached at Rs129.36
[2026-09-07 11:20:40] [CRITICAL] [STOP_BREACHED] GRWRHITECH: Stop breached at Rs6799.50
[2026-09-07 11:20:40] [CRITICAL] [STOP_BREACHED] PREMIERENE: Stop breached at Rs993.50
[2026-09-07 11:20:40] [CRITICAL] [STOP_BREACHED] DATAMATICS: Stop breached at Rs765.10
[2026-09-07 11:20:40] [CRITICAL] [STOP_BREACHED] FINPIPE: Stop breached at Rs158.02
[2026-09-07 11:20:40] [CRITICAL] [STOP_BREACHED] SUNTV: Stop breached at Rs456.75
[2026-09-07 11:20:40] [CRITICAL] [STOP_BREACHED] RBA: Stop breached at Rs97.30
[2026-09-07 11:20:40] [CRITICAL] [STOP_BREACHED] GALLANTT: Stop breached at Rs574.05
[2026-09-07 11:20:40] [CRITICAL] [STOP_BREACHED] EIEL: Stop breached at Rs200.82
[2026-09-07 11:20:40] [CRITICAL] [STOP_BREACHED] DATAPATTNS: Stop breached at Rs4581.00
[2026-09-07 11:20:40] [CRITICAL] [STOP_BREACHED] IMFA: Stop breached at Rs1278.40
[2026-09-07 11:20:40] [CRITICAL] [STOP_BREACHED] RCF: Stop breached at Rs114.29
[2026-09-07 11:20:40] [CRITICAL] [STOP_BREACHED] HARIOMPIPE: Stop breached at Rs370.20
[2026-09-07 11:20:40] [CRITICAL] [STOP_BREACHED] SATIN: Stop breached at Rs218.50
[2026-09-07 11:20:40] [CRITICAL] [STOP_BREACHED] ENRIN: Stop breached at Rs3169.20
[2026-09-07 11:20:40] [CRITICAL] [STOP_BREACHED] ZENTEC: Stop breached at Rs1793.60
[2026-09-07 11:20:40] [CRITICAL] [STOP_BREACHED] SPMLINFRA: Stop breached at Rs182.90
[2026-09-07 11:20:40] [CRITICAL] [STOP_BREACHED] BIKAJI: Stop breached at Rs578.30
[2026-09-07 11:20:40] [CRITICAL] [STOP_BREACHED] GMRAIRPORT: Stop breached at Rs96.44
[2026-09-07 11:20:40] [CRITICAL] [STOP_BREACHED] KINGFA: Stop breached at Rs5896.00
[2026-09-07 11:20:40] [CRITICAL] [STOP_BREACHED] SFL: Stop breached at Rs647.75
[2026-09-07 11:20:40] [CRITICAL] [STOP_BREACHED] NEWGEN: Stop breached at Rs518.00
[2026-09-07 11:20:40] [CRITICAL] [STOP_BREACHED] NIBE: Stop breached at Rs1327.00
[2026-09-07 11:20:41] [CRITICAL] [STOP_BREACHED] JKLAKSHMI: Stop breached at Rs513.10
[2026-09-07 11:20:41] [CRITICAL] [STOP_BREACHED] DEVYANI: Stop breached at Rs138.64
[2026-09-07 11:20:41] [CRITICAL] [STOP_BREACHED] WHIRLPOOL: Stop breached at Rs813.40
[2026-09-07 11:20:41] [CRITICAL] [STOP_BREACHED] INDIAGLYCO: Stop breached at Rs273.40
[2026-09-07 11:20:41] [CRITICAL] [STOP_BREACHED] ACUTAAS: Stop breached at Rs3178.60
[2026-09-07 11:20:41] [CRITICAL] [STOP_BREACHED] MUNJALAU: Stop breached at Rs113.06
[2026-09-07 11:20:41] [CRITICAL] [STOP_BREACHED] VOLTAS: Stop breached at Rs1169.70
[2026-09-07 11:20:41] [CRITICAL] [STOP_BREACHED] INDNIPPON: Stop breached at Rs1132.60
[2026-09-07 11:20:41] [CRITICAL] [STOP_BREACHED] NEOGEN: Stop breached at Rs2207.00
[2026-09-07 11:20:41] [CRITICAL] [STOP_BREACHED] NATCOPHARM: Stop breached at Rs832.90
[2026-09-07 11:20:41] [CRITICAL] [STOP_BREACHED] ABLBL: Stop breached at Rs85.58
[2026-09-07 11:20:41] [CRITICAL] [STOP_BREACHED] RPGLIFE: Stop breached at Rs2715.20
[2026-09-07 11:20:41] [CRITICAL] [STOP_BREACHED] SENORES: Stop breached at Rs1476.30
[2026-09-07 11:20:41] [CRITICAL] [STOP_BREACHED] RAMCOIND: Stop breached at Rs319.45
[2026-09-07 11:20:41] [CRITICAL] [STOP_BREACHED] CUMMINSIND: Stop breached at Rs5054.00
[2026-09-07 11:20:41] [CRITICAL] [STOP_BREACHED] UJJIVANSFB: Stop breached at Rs64.01
[2026-09-07 11:20:41] [CRITICAL] [STOP_BREACHED] SUNFLAG: Stop breached at Rs338.00
[2026-09-07 11:20:41] [CRITICAL] [STOP_BREACHED] ASKAUTOLTD: Stop breached at Rs605.60
[2026-09-07 11:20:41] [CRITICAL] [STOP_BREACHED] LATENTVIEW: Stop breached at Rs261.15
[2026-09-07 11:20:41] [CRITICAL] [STOP_BREACHED] JYOTHYLAB: Stop breached at Rs199.80
[2026-09-07 11:20:41] [CRITICAL] [STOP_BREACHED] TEGA: Stop breached at Rs1617.00
[2026-09-07 11:20:41] [CRITICAL] [STOP_BREACHED] CHOLAHLDNG: Stop breached at Rs1516.00
[2026-09-07 11:20:41] [CRITICAL] [STOP_BREACHED] RECLTD: Stop breached at Rs317.85
[2026-09-07 11:20:41] [CRITICAL] [STOP_BREACHED] JUBLPHARMA: Stop breached at Rs933.60
[2026-09-07 11:20:41] [CRITICAL] [STOP_BREACHED] KPRMILL: Stop breached at Rs1157.30
[2026-09-07 11:20:41] [CRITICAL] [STOP_BREACHED] THERMAX: Stop breached at Rs3633.80
[2026-09-07 11:20:41] [CRITICAL] [STOP_BREACHED] TVSMOTOR: Stop breached at Rs4121.10
[2026-09-07 11:20:41] [CRITICAL] [STOP_BREACHED] NITCO: Stop breached at Rs92.75
[2026-09-07 11:20:41] [CRITICAL] [STOP_BREACHED] ITC: Stop breached at Rs263.55
[2026-09-07 11:20:41] [CRITICAL] [STOP_BREACHED] COSMOFIRST: Stop breached at Rs923.05
[2026-09-07 11:20:41] [CRITICAL] [STOP_BREACHED] ARKADE: Stop breached at Rs124.42
[2026-09-07 11:20:41] [CRITICAL] [STOP_BREACHED] ATULAUTO: Stop breached at Rs463.05
[2026-09-07 11:20:41] [CRITICAL] [STOP_BREACHED] MCLOUD: Stop breached at Rs26.15
[2026-09-07 11:20:41] [CRITICAL] [STOP_BREACHED] EUREKAFORB: Stop breached at Rs416.95
[2026-09-07 11:20:41] [CRITICAL] [STOP_BREACHED] SHAILY: Stop breached at Rs3341.80
[2026-09-07 11:20:41] [CRITICAL] [STOP_BREACHED] RVNL: Stop breached at Rs213.19
[2026-09-07 11:20:41] [CRITICAL] [STOP_BREACHED] SHARDACROP: Stop breached at Rs772.50
[2026-09-07 11:20:41] [CRITICAL] [STOP_BREACHED] NBCC: Stop breached at Rs85.94
[2026-09-07 11:20:41] [CRITICAL] [STOP_BREACHED] STYLAMIND: Stop breached at Rs3333.70
[2026-09-07 11:20:41] [CRITICAL] [STOP_BREACHED] CAPACITE: Stop breached at Rs208.90
[2026-09-07 11:20:41] [CRITICAL] [STOP_BREACHED] ORIENTHOT: Stop breached at Rs138.24
[2026-09-07 11:20:42] [CRITICAL] [STOP_BREACHED] OPTIEMUS: Stop breached at Rs562.65
[2026-09-07 11:20:42] [CRITICAL] [STOP_BREACHED] GRMOVER: Stop breached at Rs86.43
[2026-09-07 11:20:42] [CRITICAL] [STOP_BREACHED] TATATECH: Stop breached at Rs788.70
[2026-09-07 11:20:42] [CRITICAL] [STOP_BREACHED] CSBBANK: Stop breached at Rs322.30
[2026-09-07 11:20:42] [CRITICAL] [STOP_BREACHED] SANSTAR: Stop breached at Rs109.02
[2026-09-07 11:20:42] [CRITICAL] [STOP_BREACHED] WABAG: Stop breached at Rs1991.10
[2026-09-07 11:20:42] [CRITICAL] [STOP_BREACHED] LLOYDSME: Stop breached at Rs1803.20
[2026-09-07 11:20:42] [CRITICAL] [STOP_BREACHED] VMM: Stop breached at Rs103.18
[2026-09-07 11:20:42] [CRITICAL] [STOP_BREACHED] REFEX: Stop breached at Rs280.40
[2026-09-07 11:20:42] [CRITICAL] [STOP_BREACHED] PATELENG: Stop breached at Rs27.33
[2026-09-07 11:20:42] [CRITICAL] [STOP_BREACHED] JUSTDIAL: Stop breached at Rs686.60
[2026-09-07 11:20:42] [CRITICAL] [STOP_BREACHED] AIAENG: Stop breached at Rs4185.10
[2026-09-07 11:20:42] [CRITICAL] [STOP_BREACHED] KCP: Stop breached at Rs163.19
[2026-09-07 11:20:42] [CRITICAL] [STOP_BREACHED] PARADEEP: Stop breached at Rs156.17
[2026-09-07 11:20:42] [CRITICAL] [STOP_BREACHED] MUTHOOTFIN: Stop breached at Rs2901.50
[2026-09-07 11:20:42] [CRITICAL] [STOP_BREACHED] PIIND: Stop breached at Rs2430.60
[2026-09-07 11:20:42] [CRITICAL] [STOP_BREACHED] JSFB: Stop breached at Rs535.45
[2026-09-07 11:20:42] [CRITICAL] [STOP_BREACHED] ASTRAZEN: Stop breached at Rs6911.50
[2026-09-07 11:20:42] [CRITICAL] [STOP_BREACHED] GODREJCP: Stop breached at Rs862.50
[2026-09-07 11:20:42] [CRITICAL] [STOP_BREACHED] GODREJIND: Stop breached at Rs1175.00
[2026-09-07 11:20:42] [CRITICAL] [STOP_BREACHED] BBTC: Stop breached at Rs1493.80
[2026-09-07 11:20:42] [CRITICAL] [STOP_BREACHED] ECLERX: Stop breached at Rs1897.50
[2026-09-07 11:20:42] [CRITICAL] [STOP_BREACHED] HLEGLAS: Stop breached at Rs334.55
[2026-09-07 11:20:42] [CRITICAL] [STOP_BREACHED] PGIL: Stop breached at Rs2286.90
[2026-09-07 11:20:42] [CRITICAL] [STOP_BREACHED] LAURUSLABS: Stop breached at Rs1855.20
[2026-09-07 11:20:42] [CRITICAL] [STOP_BREACHED] SKMEGGPROD: Stop breached at Rs255.00
[2026-09-07 11:20:42] [CRITICAL] [STOP_BREACHED] TARIL: Stop breached at Rs298.50
[2026-09-07 11:20:42] [CRITICAL] [STOP_BREACHED] SWANCORP: Stop breached at Rs277.70
[2026-09-07 11:20:42] [CRITICAL] [STOP_BREACHED] LUPIN: Stop breached at Rs2113.50
[2026-09-07 11:20:43] [CRITICAL] [STOP_BREACHED] UGROCAP: Stop breached at Rs86.19
[2026-09-07 11:20:43] [CRITICAL] [STOP_BREACHED] KSB: Stop breached at Rs805.80
[2026-09-07 11:20:43] [CRITICAL] [STOP_BREACHED] CHAMBLFERT: Stop breached at Rs417.25
[2026-09-07 11:20:43] [CRITICAL] [STOP_BREACHED] ICICIGI: Stop breached at Rs1501.10
[2026-09-07 11:20:43] [CRITICAL] [STOP_BREACHED] BOROLTD: Stop breached at Rs254.92
[2026-09-07 11:20:43] [CRITICAL] [STOP_BREACHED] VISAKAIND: Stop breached at Rs93.56
[2026-09-07 11:20:43] [CRITICAL] [STOP_BREACHED] IRCON: Stop breached at Rs118.12
[2026-09-07 11:20:43] [CRITICAL] [STOP_BREACHED] BELRISE: Stop breached at Rs234.53
[2026-09-07 11:20:43] [CRITICAL] [STOP_BREACHED] SENCO: Stop breached at Rs366.00
[2026-09-07 11:20:43] [CRITICAL] [STOP_BREACHED] GVT&D: Stop breached at Rs4361.00
[2026-09-07 11:20:43] [CRITICAL] [STOP_BREACHED] TRANSRAILL: Stop breached at Rs426.65
[2026-09-07 11:20:43] [CRITICAL] [STOP_BREACHED] TINNARUBR: Stop breached at Rs1015.00
[2026-09-07 11:20:43] [CRITICAL] [STOP_BREACHED] NUVAMA: Stop breached at Rs1818.20
[2026-09-07 11:20:43] [CRITICAL] [STOP_BREACHED] PERSISTENT: Stop breached at Rs5549.50
[2026-09-07 11:20:43] [CRITICAL] [STOP_BREACHED] HEROMOTOCO: Stop breached at Rs5293.50
[2026-09-07 11:20:43] [CRITICAL] [STOP_BREACHED] EMUDHRA: Stop breached at Rs513.35
[2026-09-07 11:20:43] [CRITICAL] [STOP_BREACHED] POLYCAB: Stop breached at Rs8210.00
[2026-09-07 11:20:43] [CRITICAL] [STOP_BREACHED] OSWALPUMPS: Stop breached at Rs276.65
[2026-09-07 11:20:43] [CRITICAL] [STOP_BREACHED] VIYASH: Stop breached at Rs263.90
[2026-09-07 11:20:43] [CRITICAL] [STOP_BREACHED] MAPMYINDIA: Stop breached at Rs975.50
[2026-09-07 11:20:43] [CRITICAL] [STOP_BREACHED] ETERNAL: Stop breached at Rs321.40
[2026-09-07 11:20:43] [CRITICAL] [STOP_BREACHED] OLECTRA: Stop breached at Rs1210.90
[2026-09-07 11:20:43] [CRITICAL] [STOP_BREACHED] SAGCEM: Stop breached at Rs153.51
[2026-09-07 11:20:43] [CRITICAL] [STOP_BREACHED] BLS: Stop breached at Rs238.65
[2026-09-07 11:20:43] [CRITICAL] [STOP_BREACHED] EIHOTEL: Stop breached at Rs291.95
[2026-09-07 11:20:43] [CRITICAL] [STOP_BREACHED] TIMETECHNO: Stop breached at Rs186.16
[2026-09-07 11:20:43] [CRITICAL] [STOP_BREACHED] SHK: Stop breached at Rs148.84
[2026-09-07 11:20:43] [CRITICAL] [STOP_BREACHED] SAMMAANCAP: Stop breached at Rs154.90
[2026-09-07 11:20:43] [CRITICAL] [STOP_BREACHED] AIIL: Stop breached at Rs512.65
[2026-09-07 11:20:43] [CRITICAL] [STOP_BREACHED] SHRIPISTON: Stop breached at Rs4549.30
[2026-09-07 11:20:43] [CRITICAL] [STOP_BREACHED] REDTAPE: Stop breached at Rs118.84
[2026-09-07 11:20:43] [CRITICAL] [STOP_BREACHED] KPIGREEN: Stop breached at Rs303.55
[2026-09-07 11:20:43] [CRITICAL] [STOP_BREACHED] NAM-INDIA: Stop breached at Rs1172.70
[2026-09-07 11:20:43] [CRITICAL] [STOP_BREACHED] PNBGILTS: Stop breached at Rs82.90
[2026-09-07 11:20:43] [CRITICAL] [STOP_BREACHED] AEGISLOG: Stop breached at Rs1251.80
[2026-09-07 11:20:44] [CRITICAL] [STOP_BREACHED] MEDIASSIST: Stop breached at Rs336.15
[2026-09-07 11:20:44] [CRITICAL] [STOP_BREACHED] AAVAS: Stop breached at Rs1289.00
[2026-09-07 11:20:44] [CRITICAL] [STOP_BREACHED] HUDCO: Stop breached at Rs179.30
[2026-09-07 11:20:44] [CRITICAL] [STOP_BREACHED] STARCEMENT: Stop breached at Rs194.10
[2026-09-07 11:20:44] [CRITICAL] [STOP_BREACHED] KOLTEPATIL: Stop breached at Rs439.90
[2026-09-07 11:20:44] [CRITICAL] [STOP_BREACHED] SWSOLAR: Stop breached at Rs185.25
[2026-09-07 11:20:44] [CRITICAL] [STOP_BREACHED] PURVA: Stop breached at Rs222.00
[2026-09-07 11:23:49] [CRITICAL] [STOP_BREACHED] SMSPHARMA: Stop breached at Rs418.30
[2026-09-07 11:23:50] [CRITICAL] [STOP_BREACHED] HUBTOWN: Stop breached at Rs192.09
[2026-09-07 11:26:53] [CRITICAL] [STOP_BREACHED] MAZDOCK: Stop breached at Rs2465.10
[2026-09-07 11:28:33] [CRITICAL] [STOP_BREACHED] ACI: Stop breached at Rs500.30
[2026-09-07 11:30:00] [CRITICAL] [STOP_BREACHED] PETRONET: Stop breached at Rs290.45
[2026-09-07 11:30:03] [CRITICAL] [STOP_BREACHED] PROSTARM: Stop breached at Rs139.86
[2026-09-07 11:30:04] [INFO] [VALID_BREAKOUT] WOCKPHARMA: Confirmed breakout at Rs2230.00, RVOL 2.1x
[2026-09-07 11:33:12] [CRITICAL] [STOP_BREACHED] ELECTCAST: Stop breached at Rs82.90
[2026-09-07 11:35:40] [CRITICAL] [STOP_BREACHED] SUNDRMFAST: Stop breached at Rs1205.00
[2026-09-07 11:44:12] [INFO] [VALID_BREAKOUT] STAR: Confirmed breakout at Rs1098.80, RVOL 2.07x
[2026-09-07 11:47:11] [CRITICAL] [STOP_BREACHED] AJAXENGG: Stop breached at Rs595.30
[2026-09-07 11:47:17] [CRITICAL] [STOP_BREACHED] EPIGRAL: Stop breached at Rs1192.00
[2026-09-07 11:47:18] [CRITICAL] [STOP_BREACHED] SPORTKING: Stop breached at Rs224.93
[2026-09-07 11:52:35] [CRITICAL] [STOP_BREACHED] VAIBHAVGBL: Stop breached at Rs217.09
[2026-09-07 11:52:36] [CRITICAL] [STOP_BREACHED] KAJARIACER: Stop breached at Rs1221.00
[2026-09-07 12:01:17] [CRITICAL] [STOP_BREACHED] UNICHEMLAB: Stop breached at Rs554.25
[2026-09-07 12:05:47] [CRITICAL] [STOP_BREACHED] INGERRAND: Stop breached at Rs4716.20
[2026-09-07 12:07:18] [CRITICAL] [STOP_BREACHED] ENGINERSIN: Stop breached at Rs273.20
[2026-09-07 12:08:59] [CRITICAL] [STOP_BREACHED] DPABHUSHAN: Stop breached at Rs1442.20
[2026-09-07 12:20:33] [CRITICAL] [STOP_BREACHED] BEL: Stop breached at Rs405.70
[2026-09-07 12:27:10] [CRITICAL] [STOP_BREACHED] SAIL: Stop breached at Rs188.50
[2026-09-07 12:29:34] [CRITICAL] [STOP_BREACHED] CLEAN: Stop breached at Rs839.20
[2026-09-07 12:31:21] [CRITICAL] [STOP_BREACHED] AXISBANK: Stop breached at Rs1264.10
[2026-09-07 12:31:29] [INFO] [VALID_BREAKOUT] CUB: Confirmed breakout at Rs247.72, RVOL 3.28x
[2026-09-07 12:33:10] [INFO] [VALID_BREAKOUT] IOLCP: Confirmed breakout at Rs216.53, RVOL 1.5x
[2026-09-07 12:38:12] [INFO] [VALID_BREAKOUT] CENTUM: Confirmed breakout at Rs4028.00, RVOL 3.56x
[2026-09-07 12:39:56] [INFO] [VALID_BREAKOUT] PAISALO: Confirmed breakout at Rs78.51, RVOL 10.15x
[2026-09-07 12:41:40] [INFO] [VALID_BREAKOUT] JKPAPER: Confirmed breakout at Rs425.50, RVOL 2.93x
[2026-09-07 12:47:07] [CRITICAL] [STOP_BREACHED] METROPOLIS: Stop breached at Rs577.40
[2026-09-07 12:47:11] [INFO] [VALID_BREAKOUT] FCL: Confirmed breakout at Rs56.66, RVOL 3.3x
[2026-09-07 12:49:02] [INFO] [VALID_BREAKOUT] WSTCSTPAPR: Confirmed breakout at Rs671.50, RVOL 1.58x
[2026-09-07 12:51:06] [CRITICAL] [STOP_BREACHED] GENUSPOWER: Stop breached at Rs336.00
[2026-09-07 12:54:28] [INFO] [VALID_BREAKOUT] SAKAR: Confirmed breakout at Rs1093.05, RVOL 1.59x
[2026-09-07 12:54:33] [INFO] [VALID_BREAKOUT] TNPL: Confirmed breakout at Rs162.77, RVOL 6.36x
[2026-09-07 12:56:35] [CRITICAL] [STOP_BREACHED] GREAVESCOT: Stop breached at Rs192.70
[2026-09-07 13:02:05] [CRITICAL] [STOP_BREACHED] WENDT: Stop breached at Rs8276.50
[2026-09-07 13:03:43] [INFO] [TARGET_1_HIT] STAR: Reached Target 1 (Rs1172.42) at Rs1174.90
[2026-09-07 13:09:24] [CRITICAL] [STOP_BREACHED] CONFIPET: Stop breached at Rs82.00
[2026-09-07 13:11:35] [CRITICAL] [STOP_BREACHED] GRAPHITE: Stop breached at Rs718.95
[2026-09-07 13:11:36] [CRITICAL] [STOP_BREACHED] VENUSPIPES: Stop breached at Rs1765.90
[2026-09-07 13:18:24] [CRITICAL] [STOP_BREACHED] FOSECOIND: Stop breached at Rs6121.50
[2026-09-07 13:21:54] [CRITICAL] [STOP_BREACHED] GOKEX: Stop breached at Rs775.80
[2026-09-07 13:23:42] [INFO] [VALID_BREAKOUT] VISHNU: Confirmed breakout at Rs730.50, RVOL 2.93x
[2026-09-07 13:32:14] [CRITICAL] [STOP_BREACHED] JSL: Stop breached at Rs728.35
[2026-09-07 13:37:27] [CRITICAL] [STOP_BREACHED] PAYTM: Stop breached at Rs1646.80
[2026-09-07 13:40:50] [CRITICAL] [STOP_BREACHED] IIFL: Stop breached at Rs647.15
[2026-09-07 13:44:04] [INFO] [VALID_BREAKOUT] RISHABH: Confirmed breakout at Rs805.45, RVOL 1.95x
[2026-09-07 14:04:46] [INFO] [VALID_BREAKOUT] GPTHEALTH: Confirmed breakout at Rs160.00, RVOL 1.91x
[2026-09-07 14:04:58] [INFO] [VALID_BREAKOUT] SMLMAH: Confirmed breakout at Rs6352.00, RVOL 1.5x
[2026-09-07 14:08:33] [INFO] [VALID_BREAKOUT] ARFIN: Confirmed breakout at Rs98.36, RVOL 1.66x
[2026-09-07 14:15:46] [CRITICAL] [STOP_BREACHED] ALKYLAMINE: Stop breached at Rs2004.00
[2026-09-08 12:39:36] [CRITICAL] [STOP_BREACHED] SCHAEFFLER: Stop breached at Rs3955.00
[2026-09-08 12:39:36] [CRITICAL] [STOP_BREACHED] DELHIVERY: Stop breached at Rs456.45
[2026-09-08 12:39:36] [CRITICAL] [STOP_BREACHED] FORTIS: Stop breached at Rs908.25
[2026-09-08 12:39:36] [CRITICAL] [STOP_BREACHED] BPCL: Stop breached at Rs306.75
[2026-09-08 12:39:36] [CRITICAL] [STOP_BREACHED] AMBER: Stop breached at Rs7358.50
[2026-09-08 12:39:37] [CRITICAL] [STOP_BREACHED] POWERGRID: Stop breached at Rs265.55
[2026-09-08 12:39:37] [CRITICAL] [STOP_BREACHED] ICICIBANK: Stop breached at Rs1403.50
[2026-09-08 12:39:37] [CRITICAL] [STOP_BREACHED] BAJEL: Stop breached at Rs183.46
[2026-09-08 12:39:37] [CRITICAL] [STOP_BREACHED] CONCOR: Stop breached at Rs503.80
[2026-09-08 12:39:37] [CRITICAL] [STOP_BREACHED] ONGC: Stop breached at Rs232.48
[2026-09-08 12:39:37] [CRITICAL] [STOP_BREACHED] MMTC: Stop breached at Rs63.66
[2026-09-08 12:39:37] [CRITICAL] [STOP_BREACHED] VEDL: Stop breached at Rs270.50
[2026-09-08 12:39:37] [CRITICAL] [STOP_BREACHED] CIPLA: Stop breached at Rs1386.40
[2026-09-08 12:39:37] [CRITICAL] [STOP_BREACHED] LICI: Stop breached at Rs411.05
[2026-09-08 12:39:37] [CRITICAL] [STOP_BREACHED] ESABINDIA: Stop breached at Rs6015.00
[2026-09-08 12:39:37] [CRITICAL] [STOP_BREACHED] HCLTECH: Stop breached at Rs1276.70
[2026-09-08 12:39:37] [CRITICAL] [STOP_BREACHED] VINATIORGA: Stop breached at Rs1325.10
[2026-09-08 12:39:37] [CRITICAL] [STOP_BREACHED] SHARDACROP: Stop breached at Rs793.55
[2026-09-08 12:39:37] [CRITICAL] [STOP_BREACHED] VGUARD: Stop breached at Rs329.10
[2026-09-08 12:39:37] [CRITICAL] [STOP_BREACHED] INTERARCH: Stop breached at Rs1715.20
[2026-09-08 12:39:37] [CRITICAL] [STOP_BREACHED] GRSE: Stop breached at Rs2541.70
[2026-09-08 12:39:37] [CRITICAL] [STOP_BREACHED] V2RETAIL: Stop breached at Rs219.95
[2026-09-08 12:39:37] [CRITICAL] [STOP_BREACHED] JSLL: Stop breached at Rs505.45
[2026-09-08 12:39:37] [CRITICAL] [STOP_BREACHED] EMBDL: Stop breached at Rs58.71
[2026-09-08 12:39:37] [CRITICAL] [STOP_BREACHED] BANKBEES: Stop breached at Rs589.74
[2026-09-08 12:39:37] [CRITICAL] [STOP_BREACHED] SWANCORP: Stop breached at Rs277.15
[2026-09-08 12:39:37] [CRITICAL] [STOP_BREACHED] IIFLCAPS: Stop breached at Rs341.20
[2026-09-08 12:39:37] [CRITICAL] [STOP_BREACHED] UNOMINDA: Stop breached at Rs1235.30
[2026-09-08 12:39:37] [CRITICAL] [STOP_BREACHED] CUMMINSIND: Stop breached at Rs4997.50
[2026-09-08 12:39:37] [CRITICAL] [STOP_BREACHED] NTPCGREEN: Stop breached at Rs88.21
[2026-09-08 12:39:37] [CRITICAL] [STOP_BREACHED] SAFARI: Stop breached at Rs1532.20
[2026-09-08 12:39:37] [CRITICAL] [STOP_BREACHED] SBFC: Stop breached at Rs98.90
[2026-09-08 12:39:38] [CRITICAL] [STOP_BREACHED] GESHIP: Stop breached at Rs1380.80
[2026-09-08 12:39:38] [CRITICAL] [STOP_BREACHED] DSSL: Stop breached at Rs1073.10
[2026-09-08 12:39:38] [CRITICAL] [STOP_BREACHED] DCXINDIA: Stop breached at Rs175.05
[2026-09-08 12:39:38] [CRITICAL] [STOP_BREACHED] TORNTPHARM: Stop breached at Rs4959.50
[2026-09-08 12:39:38] [CRITICAL] [STOP_BREACHED] LALPATHLAB: Stop breached at Rs1900.00
[2026-09-08 12:39:38] [CRITICAL] [STOP_BREACHED] IOC: Stop breached at Rs134.49
[2026-09-08 12:39:38] [CRITICAL] [STOP_BREACHED] DOMS: Stop breached at Rs2190.00
[2026-09-08 12:39:38] [CRITICAL] [STOP_BREACHED] PROTEAN: Stop breached at Rs504.05
[2026-09-08 12:39:38] [CRITICAL] [STOP_BREACHED] MAHLOG: Stop breached at Rs403.90
[2026-09-08 12:39:38] [CRITICAL] [STOP_BREACHED] CHOICEIN: Stop breached at Rs752.35
[2026-09-08 12:39:38] [CRITICAL] [STOP_BREACHED] ANURAS: Stop breached at Rs1229.70
[2026-09-08 12:39:38] [CRITICAL] [STOP_BREACHED] NIFTYBEES: Stop breached at Rs270.32
[2026-09-08 12:39:38] [CRITICAL] [STOP_BREACHED] ESCORTS: Stop breached at Rs3010.90
[2026-09-08 12:39:38] [CRITICAL] [STOP_BREACHED] SUNPHARMA: Stop breached at Rs1894.40
[2026-09-08 12:39:38] [CRITICAL] [STOP_BREACHED] SWARAJENG: Stop breached at Rs3636.00
[2026-09-08 12:39:38] [CRITICAL] [STOP_BREACHED] KIRLOSBROS: Stop breached at Rs1851.70
[2026-09-08 12:39:38] [CRITICAL] [STOP_BREACHED] ABREL: Stop breached at Rs1364.90
[2026-09-08 12:39:38] [CRITICAL] [STOP_BREACHED] RITES: Stop breached at Rs213.82
[2026-09-08 12:39:38] [CRITICAL] [STOP_BREACHED] CAMPUS: Stop breached at Rs217.73
[2026-09-08 12:39:38] [CRITICAL] [STOP_BREACHED] TEAMLEASE: Stop breached at Rs1251.10
[2026-09-08 12:39:38] [CRITICAL] [STOP_BREACHED] ELECTCAST: Stop breached at Rs79.97
[2026-09-08 12:39:38] [CRITICAL] [STOP_BREACHED] SUNTECK: Stop breached at Rs295.40
[2026-09-08 12:39:38] [CRITICAL] [STOP_BREACHED] SOUTHBANK: Stop breached at Rs46.72
[2026-09-08 12:39:38] [CRITICAL] [STOP_BREACHED] TITAN: Stop breached at Rs5008.00
[2026-09-08 12:39:38] [CRITICAL] [STOP_BREACHED] TATAELXSI: Stop breached at Rs3481.10
[2026-09-08 12:39:38] [CRITICAL] [STOP_BREACHED] SYNGENE: Stop breached at Rs388.15
[2026-09-08 12:39:38] [CRITICAL] [STOP_BREACHED] DRREDDY: Stop breached at Rs1150.60
[2026-09-08 12:39:38] [CRITICAL] [STOP_BREACHED] INDIGOPNTS: Stop breached at Rs1143.60
[2026-09-08 12:39:38] [CRITICAL] [STOP_BREACHED] PATANJALI: Stop breached at Rs341.55
[2026-09-08 12:39:38] [CRITICAL] [STOP_BREACHED] AGI: Stop breached at Rs757.95
[2026-09-08 12:39:38] [CRITICAL] [STOP_BREACHED] INDIGO: Stop breached at Rs5015.00
[2026-09-08 12:39:38] [CRITICAL] [STOP_BREACHED] NAVA: Stop breached at Rs556.35
[2026-09-08 12:39:38] [CRITICAL] [STOP_BREACHED] GRAVITA: Stop breached at Rs1683.40
[2026-09-08 12:39:38] [CRITICAL] [STOP_BREACHED] FDC: Stop breached at Rs345.35
[2026-09-08 12:39:38] [CRITICAL] [STOP_BREACHED] WIPRO: Stop breached at Rs171.54
[2026-09-08 12:39:38] [CRITICAL] [STOP_BREACHED] SIEMENS: Stop breached at Rs3968.90
[2026-09-08 12:39:38] [CRITICAL] [STOP_BREACHED] INDIAMART: Stop breached at Rs1686.80
[2026-09-08 12:39:39] [CRITICAL] [STOP_BREACHED] WALCHANNAG: Stop breached at Rs222.89
[2026-09-08 12:39:39] [CRITICAL] [STOP_BREACHED] TRIDENT: Stop breached at Rs23.92
[2026-09-08 12:39:39] [CRITICAL] [STOP_BREACHED] EPACK: Stop breached at Rs189.11
[2026-09-08 12:39:39] [CRITICAL] [STOP_BREACHED] KPIL: Stop breached at Rs1400.80
[2026-09-08 12:39:39] [CRITICAL] [STOP_BREACHED] HDFCLIFE: Stop breached at Rs536.70
[2026-09-08 12:39:39] [CRITICAL] [STOP_BREACHED] CANBK: Stop breached at Rs124.29
[2026-09-08 12:39:39] [CRITICAL] [STOP_BREACHED] MAGADSUGAR: Stop breached at Rs564.00
[2026-09-08 12:39:39] [CRITICAL] [STOP_BREACHED] AWFIS: Stop breached at Rs253.40
[2026-09-08 12:39:39] [CRITICAL] [STOP_BREACHED] TORNTPOWER: Stop breached at Rs1264.90
[2026-09-08 12:39:39] [CRITICAL] [STOP_BREACHED] PARACABLES: Stop breached at Rs68.35
[2026-09-08 12:39:39] [CRITICAL] [STOP_BREACHED] MEDPLUS: Stop breached at Rs659.30
[2026-09-08 12:39:39] [CRITICAL] [STOP_BREACHED] INDUSINDBK: Stop breached at Rs1001.10
[2026-09-08 12:39:39] [CRITICAL] [STOP_BREACHED] SUPRIYA: Stop breached at Rs913.20
[2026-09-08 12:39:39] [CRITICAL] [STOP_BREACHED] BHARTIHEXA: Stop breached at Rs1549.70
[2026-09-08 12:39:39] [CRITICAL] [STOP_BREACHED] CESC: Stop breached at Rs144.98
[2026-09-08 12:39:39] [CRITICAL] [STOP_BREACHED] BAJAJFINSV: Stop breached at Rs1934.90
[2026-09-08 12:39:39] [CRITICAL] [STOP_BREACHED] JBMA: Stop breached at Rs616.20
[2026-09-08 12:39:39] [CRITICAL] [STOP_BREACHED] HOMEFIRST: Stop breached at Rs1235.50
[2026-09-08 12:39:39] [CRITICAL] [STOP_BREACHED] BANKINDIA: Stop breached at Rs140.82
[2026-09-08 12:39:39] [CRITICAL] [STOP_BREACHED] KARURVYSYA: Stop breached at Rs336.40
[2026-09-08 12:39:39] [CRITICAL] [STOP_BREACHED] SHARDAMOTR: Stop breached at Rs888.90
[2026-09-08 12:39:39] [CRITICAL] [STOP_BREACHED] BANKBARODA: Stop breached at Rs235.34
[2026-09-08 12:39:39] [CRITICAL] [STOP_BREACHED] WAAREEENER: Stop breached at Rs2590.50
[2026-09-08 12:39:39] [CRITICAL] [STOP_BREACHED] HONASA: Stop breached at Rs479.75
[2026-09-08 12:39:39] [CRITICAL] [STOP_BREACHED] BORORENEW: Stop breached at Rs503.75
[2026-09-08 12:39:39] [CRITICAL] [STOP_BREACHED] COHANCE: Stop breached at Rs454.00
[2026-09-08 12:39:39] [CRITICAL] [STOP_BREACHED] VIYASH: Stop breached at Rs262.05
[2026-09-08 12:39:39] [CRITICAL] [STOP_BREACHED] RELIANCE: Stop breached at Rs1293.00
[2026-09-08 12:39:39] [CRITICAL] [STOP_BREACHED] IEX: Stop breached at Rs117.14
[2026-09-08 12:39:39] [CRITICAL] [STOP_BREACHED] MGL: Stop breached at Rs1101.70
[2026-09-08 12:39:39] [CRITICAL] [STOP_BREACHED] AXISBANK: Stop breached at Rs1243.70
[2026-09-08 12:39:39] [CRITICAL] [STOP_BREACHED] COROMANDEL: Stop breached at Rs1950.00
[2026-09-08 12:39:39] [CRITICAL] [STOP_BREACHED] ITI: Stop breached at Rs269.15
[2026-09-08 12:39:39] [CRITICAL] [STOP_BREACHED] IOB: Stop breached at Rs33.32
[2026-09-08 12:39:39] [CRITICAL] [STOP_BREACHED] CENTRALBK: Stop breached at Rs30.90
[2026-09-08 12:39:39] [CRITICAL] [STOP_BREACHED] ABB: Stop breached at Rs7412.00
[2026-09-08 12:39:39] [CRITICAL] [STOP_BREACHED] RIIL: Stop breached at Rs730.25
[2026-09-08 12:39:40] [CRITICAL] [STOP_BREACHED] SPARC: Stop breached at Rs203.78
[2026-09-08 12:39:40] [CRITICAL] [STOP_BREACHED] GRWRHITECH: Stop breached at Rs6957.50
[2026-09-08 12:39:40] [CRITICAL] [STOP_BREACHED] RAILTEL: Stop breached at Rs265.90
[2026-09-08 12:39:40] [INFO] [VALID_BREAKOUT] SUNDRMFAST: Confirmed breakout at Rs1268.00, RVOL 1.97x
[2026-09-08 12:39:40] [CRITICAL] [STOP_BREACHED] LT: Stop breached at Rs3970.20
[2026-09-08 12:39:40] [CRITICAL] [STOP_BREACHED] BATAINDIA: Stop breached at Rs662.40
[2026-09-08 12:39:40] [CRITICAL] [STOP_BREACHED] JUBLFOOD: Stop breached at Rs480.60
[2026-09-08 12:39:40] [CRITICAL] [STOP_BREACHED] JKCEMENT: Stop breached at Rs4998.00
[2026-09-08 12:39:40] [CRITICAL] [STOP_BREACHED] PREMEXPLN: Stop breached at Rs674.20
[2026-09-08 12:39:40] [CRITICAL] [STOP_BREACHED] VIPIND: Stop breached at Rs316.00
[2026-09-08 12:39:40] [CRITICAL] [STOP_BREACHED] TIPSMUSIC: Stop breached at Rs649.90
[2026-09-08 12:39:40] [CRITICAL] [STOP_BREACHED] REFEX: Stop breached at Rs278.00
[2026-09-08 12:39:40] [CRITICAL] [STOP_BREACHED] GMBREW: Stop breached at Rs930.10
[2026-09-08 12:39:40] [CRITICAL] [STOP_BREACHED] UCOBANK: Stop breached at Rs24.31
[2026-09-08 12:39:40] [CRITICAL] [STOP_BREACHED] LTF: Stop breached at Rs310.90
[2026-09-08 12:39:40] [CRITICAL] [STOP_BREACHED] AMBUJACEM: Stop breached at Rs398.20
[2026-09-08 12:39:40] [CRITICAL] [STOP_BREACHED] PNB: Stop breached at Rs116.14
[2026-09-08 12:39:40] [CRITICAL] [STOP_BREACHED] ZFCVINDIA: Stop breached at Rs2523.80
[2026-09-08 12:39:40] [CRITICAL] [STOP_BREACHED] MINDACORP: Stop breached at Rs706.95
[2026-09-08 12:39:40] [CRITICAL] [STOP_BREACHED] CIEINDIA: Stop breached at Rs384.85
[2026-09-08 12:39:40] [CRITICAL] [STOP_BREACHED] STARHEALTH: Stop breached at Rs564.40
[2026-09-08 12:39:40] [CRITICAL] [STOP_BREACHED] ATUL: Stop breached at Rs6325.50
[2026-09-08 12:39:40] [CRITICAL] [STOP_BREACHED] ADVENZYMES: Stop breached at Rs300.00
[2026-09-08 12:39:40] [CRITICAL] [STOP_BREACHED] BIOCON: Stop breached at Rs395.35
[2026-09-08 12:39:40] [CRITICAL] [STOP_BREACHED] NESTLEIND: Stop breached at Rs1413.50
[2026-09-08 12:39:40] [CRITICAL] [STOP_BREACHED] JWL: Stop breached at Rs242.96
[2026-09-08 12:39:40] [CRITICAL] [STOP_BREACHED] GILLETTE: Stop breached at Rs7497.50
[2026-09-08 12:39:40] [CRITICAL] [STOP_BREACHED] SIGNATURE: Stop breached at Rs793.80
[2026-09-08 12:39:40] [CRITICAL] [STOP_BREACHED] GNFC: Stop breached at Rs588.85
[2026-09-08 12:39:40] [CRITICAL] [STOP_BREACHED] ROLEXRINGS: Stop breached at Rs175.94
[2026-09-08 12:39:40] [CRITICAL] [STOP_BREACHED] BLUEJET: Stop breached at Rs578.00
[2026-09-08 12:39:40] [CRITICAL] [STOP_BREACHED] INDRAMEDCO: Stop breached at Rs350.15
[2026-09-08 12:39:40] [CRITICAL] [STOP_BREACHED] GANECOS: Stop breached at Rs1014.60
[2026-09-08 12:39:40] [CRITICAL] [STOP_BREACHED] BASF: Stop breached at Rs3792.10
[2026-09-08 12:39:40] [CRITICAL] [STOP_BREACHED] SURYODAY: Stop breached at Rs154.10
[2026-09-08 12:39:40] [CRITICAL] [STOP_BREACHED] TATVA: Stop breached at Rs1674.90
[2026-09-08 12:39:40] [CRITICAL] [STOP_BREACHED] DMART: Stop breached at Rs3697.70
[2026-09-08 12:39:40] [CRITICAL] [STOP_BREACHED] AUBANK: Stop breached at Rs1063.90
[2026-09-08 12:39:40] [CRITICAL] [STOP_BREACHED] HINDUNILVR: Stop breached at Rs1985.80
[2026-09-08 12:39:40] [CRITICAL] [STOP_BREACHED] NMDC: Stop breached at Rs84.39
[2026-09-08 12:39:40] [CRITICAL] [STOP_BREACHED] AMRUTANJAN: Stop breached at Rs496.15
[2026-09-08 12:39:41] [CRITICAL] [STOP_BREACHED] ARVINDFASN: Stop breached at Rs442.25
[2026-09-08 12:39:41] [CRITICAL] [STOP_BREACHED] RTNINDIA: Stop breached at Rs28.13
[2026-09-08 12:39:41] [CRITICAL] [STOP_BREACHED] PIDILITIND: Stop breached at Rs1578.00
[2026-09-08 12:39:41] [CRITICAL] [STOP_BREACHED] CCL: Stop breached at Rs1103.50
[2026-09-08 12:39:41] [CRITICAL] [STOP_BREACHED] PHOENIXLTD: Stop breached at Rs1899.80
[2026-09-08 12:39:41] [CRITICAL] [STOP_BREACHED] CARRARO: Stop breached at Rs544.10
[2026-09-08 12:39:41] [CRITICAL] [STOP_BREACHED] GMRP&UI: Stop breached at Rs91.99
[2026-09-08 12:39:41] [CRITICAL] [STOP_BREACHED] TCIEXP: Stop breached at Rs550.10
[2026-09-08 12:39:41] [CRITICAL] [STOP_BREACHED] EQUITASBNK: Stop breached at Rs72.84
[2026-09-08 12:39:41] [CRITICAL] [STOP_BREACHED] PFIZER: Stop breached at Rs4333.10
[2026-09-08 12:39:41] [CRITICAL] [STOP_BREACHED] BAJAJHFL: Stop breached at Rs82.88
[2026-09-08 12:39:41] [CRITICAL] [STOP_BREACHED] CEIGALL: Stop breached at Rs376.55
[2026-09-08 12:39:41] [CRITICAL] [STOP_BREACHED] POLYPLEX: Stop breached at Rs1152.80
[2026-09-08 12:39:41] [CRITICAL] [STOP_BREACHED] INDIANB: Stop breached at Rs857.40
[2026-09-08 12:39:41] [CRITICAL] [STOP_BREACHED] ITCHOTELS: Stop breached at Rs157.37
[2026-09-08 12:39:41] [CRITICAL] [STOP_BREACHED] SRF: Stop breached at Rs2528.50
[2026-09-08 12:39:41] [CRITICAL] [STOP_BREACHED] GICRE: Stop breached at Rs347.65
[2026-09-08 12:39:41] [CRITICAL] [STOP_BREACHED] SGFIN: Stop breached at Rs674.65
[2026-09-08 12:39:41] [CRITICAL] [STOP_BREACHED] RAJRATAN: Stop breached at Rs495.00
[2026-09-08 12:39:41] [CRITICAL] [STOP_BREACHED] FINEORG: Stop breached at Rs5138.50
[2026-09-08 12:39:41] [CRITICAL] [STOP_BREACHED] KAYNES: Stop breached at Rs3676.30
[2026-09-08 12:39:41] [CRITICAL] [STOP_BREACHED] KRISHNADEF: Stop breached at Rs1113.60
[2026-09-08 12:39:41] [CRITICAL] [STOP_BREACHED] SESHAPAPER: Stop breached at Rs243.42
[2026-09-08 12:39:41] [CRITICAL] [STOP_BREACHED] NUCLEUS: Stop breached at Rs717.95
[2026-09-08 12:39:41] [CRITICAL] [STOP_BREACHED] PDSL: Stop breached at Rs349.15
[2026-09-08 12:39:41] [CRITICAL] [STOP_BREACHED] SHAREINDIA: Stop breached at Rs170.47
[2026-09-08 12:39:41] [CRITICAL] [STOP_BREACHED] ACC: Stop breached at Rs1261.00
[2026-09-08 12:39:41] [CRITICAL] [STOP_BREACHED] TATAINVEST: Stop breached at Rs625.55
[2026-09-08 12:39:41] [CRITICAL] [STOP_BREACHED] GOCOLORS: Stop breached at Rs328.70
[2026-09-08 12:39:41] [CRITICAL] [STOP_BREACHED] SKFINDIA: Stop breached at Rs1536.40
[2026-09-08 12:39:41] [CRITICAL] [STOP_BREACHED] RELAXO: Stop breached at Rs333.90
[2026-09-08 12:39:41] [CRITICAL] [STOP_BREACHED] GSFC: Stop breached at Rs160.80
[2026-09-08 12:39:41] [CRITICAL] [STOP_BREACHED] RANEHOLDIN: Stop breached at Rs1706.00
[2026-09-08 12:39:41] [CRITICAL] [STOP_BREACHED] RAYMONDREL: Stop breached at Rs583.40
[2026-09-08 12:39:41] [CRITICAL] [STOP_BREACHED] SUMICHEM: Stop breached at Rs488.60
[2026-09-08 12:39:41] [CRITICAL] [STOP_BREACHED] CELLO: Stop breached at Rs341.85
[2026-09-08 12:39:41] [CRITICAL] [STOP_BREACHED] HINDALCO: Stop breached at Rs1012.00
[2026-09-08 12:39:42] [CRITICAL] [STOP_BREACHED] GUJALKALI: Stop breached at Rs713.20
[2026-09-08 12:39:42] [CRITICAL] [STOP_BREACHED] INOXWIND: Stop breached at Rs75.16
[2026-09-08 12:39:42] [CRITICAL] [STOP_BREACHED] UNITDSPR: Stop breached at Rs1438.90
[2026-09-08 12:39:42] [CRITICAL] [STOP_BREACHED] GLOBUSSPR: Stop breached at Rs856.00
[2026-09-08 12:39:42] [CRITICAL] [STOP_BREACHED] RESPONIND: Stop breached at Rs145.43
[2026-09-08 12:39:42] [CRITICAL] [STOP_BREACHED] FEDFINA: Stop breached at Rs162.76
[2026-09-08 12:39:42] [CRITICAL] [STOP_BREACHED] JSWINFRA: Stop breached at Rs332.20
[2026-09-08 12:39:42] [CRITICAL] [STOP_BREACHED] GMDCLTD: Stop breached at Rs564.70
[2026-09-08 12:39:42] [CRITICAL] [STOP_BREACHED] NOCIL: Stop breached at Rs173.42
[2026-09-08 12:39:42] [CRITICAL] [STOP_BREACHED] EICHERMOT: Stop breached at Rs7702.00
[2026-09-08 12:39:42] [CRITICAL] [STOP_BREACHED] ANGELONE: Stop breached at Rs298.80
[2026-09-08 12:39:42] [INFO] [VALID_BREAKOUT] WHEELS: Confirmed breakout at Rs1975.40, RVOL 1.59x
[2026-09-08 12:39:42] [CRITICAL] [STOP_BREACHED] SDBL: Stop breached at Rs73.46
[2026-09-08 12:39:42] [CRITICAL] [STOP_BREACHED] ABDL: Stop breached at Rs595.00
[2026-09-08 12:39:42] [CRITICAL] [STOP_BREACHED] 360ONE: Stop breached at Rs1110.40
[2026-09-08 12:39:42] [CRITICAL] [STOP_BREACHED] MANKIND: Stop breached at Rs2322.70
[2026-09-08 12:39:42] [CRITICAL] [STOP_BREACHED] APOLLOTYRE: Stop breached at Rs413.20
[2026-09-08 12:39:42] [CRITICAL] [STOP_BREACHED] TATASTEEL: Stop breached at Rs185.00
[2026-09-08 12:39:42] [CRITICAL] [STOP_BREACHED] SAMMAANCAP: Stop breached at Rs153.73
[2026-09-08 12:39:42] [CRITICAL] [STOP_BREACHED] PRAJIND: Stop breached at Rs336.10
[2026-09-08 12:39:42] [CRITICAL] [STOP_BREACHED] GODREJCP: Stop breached at Rs867.65
[2026-09-08 12:39:42] [CRITICAL] [STOP_BREACHED] ABCAPITAL: Stop breached at Rs399.05
[2026-09-08 12:39:42] [CRITICAL] [STOP_BREACHED] GARUDA: Stop breached at Rs187.68
[2026-09-08 12:39:42] [CRITICAL] [STOP_BREACHED] ZENSARTECH: Stop breached at Rs451.40
[2026-09-08 12:39:42] [CRITICAL] [STOP_BREACHED] MAZDOCK: Stop breached at Rs2468.50
[2026-09-08 12:39:42] [CRITICAL] [STOP_BREACHED] KIMS: Stop breached at Rs769.00
[2026-09-08 12:39:42] [CRITICAL] [STOP_BREACHED] AFCONS: Stop breached at Rs284.60
[2026-09-08 12:39:42] [CRITICAL] [STOP_BREACHED] KPITTECH: Stop breached at Rs560.35
[2026-09-08 12:39:42] [CRITICAL] [STOP_BREACHED] DBL: Stop breached at Rs391.80
[2026-09-08 12:39:42] [CRITICAL] [STOP_BREACHED] ASIANPAINT: Stop breached at Rs2493.20
[2026-09-08 12:39:42] [CRITICAL] [STOP_BREACHED] GODFRYPHLP: Stop breached at Rs2011.10
[2026-09-08 12:39:42] [CRITICAL] [STOP_BREACHED] HEXT: Stop breached at Rs516.35
[2026-09-08 12:39:42] [CRITICAL] [STOP_BREACHED] RAYMONDLSL: Stop breached at Rs714.00
[2026-09-08 12:39:42] [CRITICAL] [STOP_BREACHED] UNIONBANK: Stop breached at Rs183.46
[2026-09-08 12:39:42] [CRITICAL] [STOP_BREACHED] HAVELLS: Stop breached at Rs1141.70
[2026-09-08 12:39:42] [CRITICAL] [STOP_BREACHED] FLUOROCHEM: Stop breached at Rs4570.00
[2026-09-08 12:39:42] [CRITICAL] [STOP_BREACHED] GRINDWELL: Stop breached at Rs1933.20
[2026-09-08 12:39:42] [CRITICAL] [STOP_BREACHED] TIINDIA: Stop breached at Rs2640.00
[2026-09-08 12:39:42] [CRITICAL] [STOP_BREACHED] BIRLACORPN: Stop breached at Rs859.35
[2026-09-08 12:39:42] [CRITICAL] [STOP_BREACHED] TECHNOE: Stop breached at Rs969.00
[2026-09-08 12:39:42] [CRITICAL] [STOP_BREACHED] KSCL: Stop breached at Rs732.95
[2026-09-08 12:39:43] [CRITICAL] [STOP_BREACHED] MRPL: Stop breached at Rs173.24
[2026-09-08 12:39:43] [CRITICAL] [STOP_BREACHED] APTUS: Stop breached at Rs256.41
[2026-09-08 12:39:43] [CRITICAL] [STOP_BREACHED] AARTIIND: Stop breached at Rs499.75
[2026-09-08 12:39:43] [CRITICAL] [STOP_BREACHED] KALYANKJIL: Stop breached at Rs611.45
[2026-09-08 12:39:43] [CRITICAL] [STOP_BREACHED] SANDUMA: Stop breached at Rs196.71
[2026-09-08 12:39:43] [CRITICAL] [STOP_BREACHED] PERSISTENT: Stop breached at Rs5581.00
[2026-09-08 12:39:43] [CRITICAL] [STOP_BREACHED] ORIENTCEM: Stop breached at Rs126.84
[2026-09-08 12:39:43] [CRITICAL] [STOP_BREACHED] JKTYRE: Stop breached at Rs363.90
[2026-09-08 12:39:43] [CRITICAL] [STOP_BREACHED] RHIM: Stop breached at Rs372.20
[2026-09-08 12:39:43] [CRITICAL] [STOP_BREACHED] WEBELSOLAR: Stop breached at Rs75.38
[2026-09-08 12:39:43] [CRITICAL] [STOP_BREACHED] LTTS: Stop breached at Rs3407.30
[2026-09-08 12:39:43] [CRITICAL] [STOP_BREACHED] IKS: Stop breached at Rs1789.10
[2026-09-08 12:39:43] [CRITICAL] [STOP_BREACHED] YESBANK: Stop breached at Rs22.46
[2026-09-08 12:39:43] [CRITICAL] [STOP_BREACHED] CEATLTD: Stop breached at Rs3312.00
[2026-09-08 12:39:43] [CRITICAL] [STOP_BREACHED] VRLLOG: Stop breached at Rs294.85
[2026-09-08 12:39:43] [CRITICAL] [STOP_BREACHED] MSUMI: Stop breached at Rs36.58
[2026-09-08 12:39:43] [CRITICAL] [STOP_BREACHED] JSWCEMENT: Stop breached at Rs121.19
[2026-09-08 12:39:43] [CRITICAL] [STOP_BREACHED] RADICO: Stop breached at Rs4475.70
[2026-09-08 12:39:43] [CRITICAL] [STOP_BREACHED] FACT: Stop breached at Rs793.50
[2026-09-08 12:39:43] [CRITICAL] [STOP_BREACHED] IRFC: Stop breached at Rs82.07
[2026-09-08 12:39:43] [CRITICAL] [STOP_BREACHED] PRESTIGE: Stop breached at Rs1559.50
[2026-09-08 12:39:43] [CRITICAL] [STOP_BREACHED] AEGISVOPAK: Stop breached at Rs287.55
[2026-09-08 12:39:43] [CRITICAL] [STOP_BREACHED] POLYMED: Stop breached at Rs1731.50
[2026-09-08 12:39:43] [CRITICAL] [STOP_BREACHED] TECHM: Stop breached at Rs1558.00
[2026-09-08 12:39:43] [CRITICAL] [STOP_BREACHED] INDUSTOWER: Stop breached at Rs374.05
[2026-09-08 12:39:43] [CRITICAL] [STOP_BREACHED] INTELLECT: Stop breached at Rs684.25
[2026-09-08 12:39:43] [CRITICAL] [STOP_BREACHED] AWL: Stop breached at Rs186.92
[2026-09-08 12:39:43] [CRITICAL] [STOP_BREACHED] GAEL: Stop breached at Rs169.70
[2026-09-08 12:39:43] [CRITICAL] [STOP_BREACHED] ICICIPRULI: Stop breached at Rs468.95
[2026-09-08 12:39:43] [CRITICAL] [STOP_BREACHED] SJVN: Stop breached at Rs65.52
[2026-09-08 12:39:43] [CRITICAL] [STOP_BREACHED] THYROCARE: Stop breached at Rs572.80
[2026-09-08 12:39:43] [CRITICAL] [STOP_BREACHED] EIDPARRY: Stop breached at Rs774.50
[2026-09-08 12:39:43] [CRITICAL] [STOP_BREACHED] M&M: Stop breached at Rs3142.80
[2026-09-08 12:39:43] [CRITICAL] [STOP_BREACHED] OBEROIRLTY: Stop breached at Rs1850.20
[2026-09-08 12:39:43] [CRITICAL] [STOP_BREACHED] ASHOKLEY: Stop breached at Rs169.00
[2026-09-08 12:39:43] [CRITICAL] [STOP_BREACHED] TIMKEN: Stop breached at Rs3087.80
[2026-09-08 12:39:43] [CRITICAL] [STOP_BREACHED] AARTIDRUGS: Stop breached at Rs424.40
[2026-09-08 12:39:43] [CRITICAL] [STOP_BREACHED] AADHARHFC: Stop breached at Rs469.70
[2026-09-08 12:39:44] [CRITICAL] [STOP_BREACHED] KFINTECH: Stop breached at Rs926.55
[2026-09-08 12:39:44] [CRITICAL] [STOP_BREACHED] GOKULAGRO: Stop breached at Rs231.99
[2026-09-08 12:39:44] [CRITICAL] [STOP_BREACHED] EXIDEIND: Stop breached at Rs419.10
[2026-09-08 12:39:44] [CRITICAL] [STOP_BREACHED] IRCTC: Stop breached at Rs472.60
[2026-09-08 12:39:44] [CRITICAL] [STOP_BREACHED] INFY: Stop breached at Rs1085.90
[2026-09-08 12:39:44] [CRITICAL] [STOP_BREACHED] MAXHEALTH: Stop breached at Rs992.40
[2026-09-08 12:39:44] [CRITICAL] [STOP_BREACHED] IGL: Stop breached at Rs153.32
[2026-09-08 12:39:44] [CRITICAL] [STOP_BREACHED] TEJASNET: Stop breached at Rs602.55
[2026-09-08 12:39:44] [CRITICAL] [STOP_BREACHED] APLLTD: Stop breached at Rs804.85
[2026-09-08 12:39:44] [CRITICAL] [STOP_BREACHED] MONARCH: Stop breached at Rs381.80
[2026-09-08 12:39:44] [CRITICAL] [STOP_BREACHED] ROUTE: Stop breached at Rs503.75
[2026-09-08 12:39:44] [CRITICAL] [STOP_BREACHED] SCHNEIDER: Stop breached at Rs1222.40
[2026-09-08 12:39:44] [CRITICAL] [STOP_BREACHED] EMIL: Stop breached at Rs181.65
[2026-09-08 12:39:44] [CRITICAL] [STOP_BREACHED] PETRONET: Stop breached at Rs286.60
[2026-09-08 12:39:44] [CRITICAL] [STOP_BREACHED] EVEREADY: Stop breached at Rs339.40
[2026-09-08 12:39:44] [CRITICAL] [STOP_BREACHED] MFSL: Stop breached at Rs1497.60
[2026-09-08 12:39:44] [CRITICAL] [STOP_BREACHED] TVSSCS: Stop breached at Rs127.29
[2026-09-08 12:39:44] [CRITICAL] [STOP_BREACHED] IREDA: Stop breached at Rs112.11
[2026-09-08 12:39:44] [CRITICAL] [STOP_BREACHED] AJANTPHARM: Stop breached at Rs3561.40
[2026-09-08 12:39:44] [CRITICAL] [STOP_BREACHED] BHEL: Stop breached at Rs423.35
[2026-09-08 12:39:44] [CRITICAL] [STOP_BREACHED] UBL: Stop breached at Rs1256.80
[2026-09-08 12:39:44] [CRITICAL] [STOP_BREACHED] EMCURE: Stop breached at Rs1928.10
[2026-09-08 12:39:44] [CRITICAL] [STOP_BREACHED] POONAWALLA: Stop breached at Rs457.25
[2026-09-08 12:39:44] [CRITICAL] [STOP_BREACHED] JIOFIN: Stop breached at Rs233.88
[2026-09-08 12:39:44] [CRITICAL] [STOP_BREACHED] RPOWER: Stop breached at Rs21.73
[2026-09-08 12:39:44] [CRITICAL] [STOP_BREACHED] CUPID: Stop breached at Rs277.75
[2026-09-08 12:39:44] [CRITICAL] [STOP_BREACHED] ZAGGLE: Stop breached at Rs181.07
[2026-09-08 12:39:44] [CRITICAL] [STOP_BREACHED] TI: Stop breached at Rs534.70
[2026-09-08 12:39:45] [CRITICAL] [STOP_BREACHED] DEEPAKNTR: Stop breached at Rs1653.00
[2026-09-08 12:39:45] [CRITICAL] [STOP_BREACHED] ALKEM: Stop breached at Rs5201.00
[2026-09-08 12:39:45] [CRITICAL] [STOP_BREACHED] EPIGRAL: Stop breached at Rs1192.30
[2026-09-08 12:39:45] [CRITICAL] [STOP_BREACHED] MARICO: Stop breached at Rs824.65
[2026-09-08 12:39:45] [CRITICAL] [STOP_BREACHED] NIITMTS: Stop breached at Rs224.09
[2026-09-08 12:39:45] [CRITICAL] [STOP_BREACHED] FEDERALBNK: Stop breached at Rs345.15
[2026-09-08 12:39:45] [CRITICAL] [STOP_BREACHED] SAKSOFT: Stop breached at Rs150.50
[2026-09-08 12:39:45] [CRITICAL] [STOP_BREACHED] ICICIGI: Stop breached at Rs1481.60
[2026-09-08 12:39:45] [CRITICAL] [STOP_BREACHED] NETWORK18: Stop breached at Rs27.54
[2026-09-08 12:39:45] [CRITICAL] [STOP_BREACHED] BAJFINANCE: Stop breached at Rs1053.60
[2026-09-08 12:39:45] [CRITICAL] [STOP_BREACHED] NUVOCO: Stop breached at Rs343.00
[2026-09-08 12:39:45] [CRITICAL] [STOP_BREACHED] MOBIKWIK: Stop breached at Rs194.20
[2026-09-08 12:39:45] [CRITICAL] [STOP_BREACHED] SONACOMS: Stop breached at Rs791.45
[2026-09-08 12:39:45] [CRITICAL] [STOP_BREACHED] ETHOSLTD: Stop breached at Rs2780.80
[2026-09-08 12:39:45] [CRITICAL] [STOP_BREACHED] PRIVISCL: Stop breached at Rs3445.70
[2026-09-08 12:39:45] [CRITICAL] [STOP_BREACHED] PGEL: Stop breached at Rs560.95
[2026-09-08 12:39:45] [CRITICAL] [STOP_BREACHED] TARC: Stop breached at Rs133.00
[2026-09-08 12:39:45] [CRITICAL] [STOP_BREACHED] BDL: Stop breached at Rs1246.70
[2026-09-08 12:39:45] [CRITICAL] [STOP_BREACHED] MPHASIS: Stop breached at Rs2347.70
[2026-09-08 12:39:45] [CRITICAL] [STOP_BREACHED] ARMANFIN: Stop breached at Rs2011.00
[2026-09-08 12:39:45] [CRITICAL] [STOP_BREACHED] LEMONTREE: Stop breached at Rs105.77
[2026-09-08 12:39:45] [CRITICAL] [STOP_BREACHED] TRITURBINE: Stop breached at Rs573.55
[2026-09-08 12:39:45] [CRITICAL] [STOP_BREACHED] IDBI: Stop breached at Rs84.27
[2026-09-08 12:39:45] [CRITICAL] [STOP_BREACHED] TCPLPACK: Stop breached at Rs3865.80
[2026-09-08 12:39:45] [CRITICAL] [STOP_BREACHED] TATACONSUM: Stop breached at Rs1015.90
[2026-09-08 12:39:45] [CRITICAL] [STOP_BREACHED] BAJAJHCARE: Stop breached at Rs331.25
[2026-09-08 12:39:45] [CRITICAL] [STOP_BREACHED] WAAREERTL: Stop breached at Rs846.55
[2026-09-08 12:39:45] [CRITICAL] [STOP_BREACHED] NESCO: Stop breached at Rs1134.00
[2026-09-08 12:39:45] [CRITICAL] [STOP_BREACHED] ADANIPOWER: Stop breached at Rs208.55
[2026-09-08 12:39:46] [CRITICAL] [STOP_BREACHED] ITC: Stop breached at Rs265.70
[2026-09-08 12:39:46] [CRITICAL] [STOP_BREACHED] LTM: Stop breached at Rs4444.10
[2026-09-08 12:39:46] [CRITICAL] [STOP_BREACHED] ADANIENT: Stop breached at Rs2960.90
[2026-09-08 12:39:46] [CRITICAL] [STOP_BREACHED] SATIN: Stop breached at Rs216.00
[2026-09-08 12:39:46] [CRITICAL] [STOP_BREACHED] SURYAROSNI: Stop breached at Rs216.93
[2026-09-08 12:39:46] [CRITICAL] [STOP_BREACHED] SBIN: Stop breached at Rs1010.10
[2026-09-08 12:39:46] [CRITICAL] [STOP_BREACHED] DALBHARAT: Stop breached at Rs1697.30
[2026-09-08 12:39:46] [CRITICAL] [STOP_BREACHED] RPPINFRA: Stop breached at Rs54.00
[2026-09-08 12:39:46] [CRITICAL] [STOP_BREACHED] GOKEX: Stop breached at Rs780.70
[2026-09-08 12:39:46] [CRITICAL] [STOP_BREACHED] CHOLAFIN: Stop breached at Rs1817.10
[2026-09-08 12:39:46] [CRITICAL] [STOP_BREACHED] AGIIL: Stop breached at Rs274.45
[2026-09-08 12:39:46] [CRITICAL] [STOP_BREACHED] MOTHERSON: Stop breached at Rs162.68
[2026-09-08 12:39:46] [CRITICAL] [STOP_BREACHED] JINDALSTEL: Stop breached at Rs1139.30
[2026-09-08 12:39:46] [CRITICAL] [STOP_BREACHED] NTPC: Stop breached at Rs331.05
[2026-09-08 12:39:46] [CRITICAL] [STOP_BREACHED] SJS: Stop breached at Rs2292.80
[2026-09-08 12:39:46] [CRITICAL] [STOP_BREACHED] HINDCOPPER: Stop breached at Rs528.70
[2026-09-08 12:39:46] [CRITICAL] [STOP_BREACHED] PGHH: Stop breached at Rs7797.00
[2026-09-08 12:39:46] [CRITICAL] [STOP_BREACHED] TATACOMM: Stop breached at Rs1740.40
[2026-09-08 12:39:46] [CRITICAL] [STOP_BREACHED] USHAMART: Stop breached at Rs500.65
[2026-09-08 12:39:46] [CRITICAL] [STOP_BREACHED] APEX: Stop breached at Rs374.00
[2026-09-08 12:39:46] [CRITICAL] [STOP_BREACHED] ATGL: Stop breached at Rs607.50
[2026-09-08 12:39:46] [CRITICAL] [STOP_BREACHED] JSWSTEEL: Stop breached at Rs1301.50
[2026-09-08 12:39:46] [CRITICAL] [STOP_BREACHED] LLOYDSENGG: Stop breached at Rs82.71
[2026-09-08 12:39:46] [CRITICAL] [STOP_BREACHED] DREDGECORP: Stop breached at Rs1052.70
[2026-09-08 12:39:46] [CRITICAL] [STOP_BREACHED] FIVESTAR: Stop breached at Rs522.40
[2026-09-08 12:39:46] [CRITICAL] [STOP_BREACHED] MOIL: Stop breached at Rs251.01
[2026-09-08 12:39:46] [CRITICAL] [STOP_BREACHED] ASTRAMICRO: Stop breached at Rs1740.80
[2026-09-08 12:39:46] [CRITICAL] [STOP_BREACHED] BBL: Stop breached at Rs2244.70
[2026-09-08 12:39:46] [CRITICAL] [STOP_BREACHED] VADILALIND: Stop breached at Rs7539.00
[2026-09-08 12:39:46] [CRITICAL] [STOP_BREACHED] RAMCOCEM: Stop breached at Rs868.15
[2026-09-08 12:39:46] [CRITICAL] [STOP_BREACHED] ABSLAMC: Stop breached at Rs1032.00
[2026-09-08 12:39:46] [CRITICAL] [STOP_BREACHED] BERGEPAINT: Stop breached at Rs481.55
[2026-09-08 12:39:46] [CRITICAL] [STOP_BREACHED] SANDHAR: Stop breached at Rs622.85
[2026-09-08 12:39:46] [CRITICAL] [STOP_BREACHED] UPL: Stop breached at Rs573.45
[2026-09-08 12:39:46] [CRITICAL] [STOP_BREACHED] RALLIS: Stop breached at Rs205.60
[2026-09-08 12:39:46] [CRITICAL] [STOP_BREACHED] ACE: Stop breached at Rs1117.40
[2026-09-08 12:39:46] [CRITICAL] [STOP_BREACHED] LANDMARK: Stop breached at Rs494.45
[2026-09-08 12:39:46] [CRITICAL] [STOP_BREACHED] WANBURY: Stop breached at Rs250.40
[2026-09-08 12:39:46] [CRITICAL] [STOP_BREACHED] NETWEB: Stop breached at Rs5115.50
[2026-09-08 12:39:46] [CRITICAL] [STOP_BREACHED] NAUKRI: Stop breached at Rs1283.00
[2026-09-08 12:39:46] [CRITICAL] [STOP_BREACHED] COALINDIA: Stop breached at Rs419.70
[2026-09-08 12:39:47] [CRITICAL] [STOP_BREACHED] SBILIFE: Stop breached at Rs1714.80
[2026-09-08 12:39:47] [CRITICAL] [STOP_BREACHED] JSWENERGY: Stop breached at Rs524.75
[2026-09-08 12:39:47] [CRITICAL] [STOP_BREACHED] DIVGIITTS: Stop breached at Rs1175.80
[2026-09-08 12:39:47] [CRITICAL] [STOP_BREACHED] LLOYDSENT: Stop breached at Rs71.52
[2026-09-08 12:39:47] [CRITICAL] [STOP_BREACHED] ERIS: Stop breached at Rs1325.10
[2026-09-08 12:39:47] [CRITICAL] [STOP_BREACHED] RBA: Stop breached at Rs95.43
[2026-09-08 12:39:47] [CRITICAL] [STOP_BREACHED] CENTENKA: Stop breached at Rs592.80
[2026-09-08 12:39:47] [CRITICAL] [STOP_BREACHED] SHRIRAMFIN: Stop breached at Rs1027.80
[2026-09-08 12:39:47] [CRITICAL] [STOP_BREACHED] PIIND: Stop breached at Rs2401.20
[2026-09-08 12:39:47] [CRITICAL] [STOP_BREACHED] GODREJPROP: Stop breached at Rs1914.30
[2026-09-08 12:39:47] [CRITICAL] [STOP_BREACHED] AJAXENGG: Stop breached at Rs589.15
[2026-09-08 12:39:47] [CRITICAL] [STOP_BREACHED] AVL: Stop breached at Rs603.25
[2026-09-08 12:39:47] [CRITICAL] [STOP_BREACHED] FINPIPE: Stop breached at Rs158.11
[2026-09-08 12:39:47] [CRITICAL] [STOP_BREACHED] AVANTEL: Stop breached at Rs157.77
[2026-09-08 12:39:47] [CRITICAL] [STOP_BREACHED] SOBHA: Stop breached at Rs1255.00
[2026-09-08 12:39:47] [CRITICAL] [STOP_BREACHED] CANFINHOME: Stop breached at Rs810.00
[2026-09-08 12:39:47] [CRITICAL] [STOP_BREACHED] TCS: Stop breached at Rs2271.20
[2026-09-08 12:39:47] [CRITICAL] [STOP_BREACHED] ONEPOINT: Stop breached at Rs57.05
[2026-09-08 12:39:47] [CRITICAL] [STOP_BREACHED] BSOFT: Stop breached at Rs282.05
[2026-09-08 12:39:47] [CRITICAL] [STOP_BREACHED] NACLIND: Stop breached at Rs162.50
[2026-09-08 12:39:47] [CRITICAL] [STOP_BREACHED] GREENPANEL: Stop breached at Rs162.21
[2026-09-08 12:39:47] [CRITICAL] [STOP_BREACHED] FUSION: Stop breached at Rs199.99
[2026-09-08 12:39:47] [CRITICAL] [STOP_BREACHED] ARE&M: Stop breached at Rs838.80
[2026-09-08 12:39:47] [CRITICAL] [STOP_BREACHED] SCI: Stop breached at Rs289.60
[2026-09-08 12:39:47] [CRITICAL] [STOP_BREACHED] YASHO: Stop breached at Rs4096.70
[2026-09-08 12:39:47] [CRITICAL] [STOP_BREACHED] ENDURANCE: Stop breached at Rs2718.70
[2026-09-08 12:39:47] [CRITICAL] [STOP_BREACHED] TANLA: Stop breached at Rs516.05
[2026-09-08 12:39:47] [CRITICAL] [STOP_BREACHED] LODHA: Stop breached at Rs1218.30
[2026-09-08 12:39:47] [CRITICAL] [STOP_BREACHED] RAIN: Stop breached at Rs217.51
[2026-09-08 12:39:47] [CRITICAL] [STOP_BREACHED] PNGJL: Stop breached at Rs630.35
[2026-09-08 12:39:47] [CRITICAL] [STOP_BREACHED] NLCINDIA: Stop breached at Rs270.40
[2026-09-08 12:39:47] [CRITICAL] [STOP_BREACHED] BHARTIARTL: Stop breached at Rs1840.00
[2026-09-08 12:39:48] [CRITICAL] [STOP_BREACHED] PATELENG: Stop breached at Rs26.93
[2026-09-08 12:39:48] [CRITICAL] [STOP_BREACHED] HDFCBANK: Stop breached at Rs704.50
[2026-09-08 12:39:48] [CRITICAL] [STOP_BREACHED] DPABHUSHAN: Stop breached at Rs1408.00
[2026-09-08 12:39:48] [CRITICAL] [STOP_BREACHED] DCMSHRIRAM: Stop breached at Rs1011.50
[2026-09-08 12:39:48] [CRITICAL] [STOP_BREACHED] JSFB: Stop breached at Rs538.55
[2026-09-08 12:39:48] [CRITICAL] [STOP_BREACHED] CARYSIL: Stop breached at Rs1161.70
[2026-09-08 12:39:48] [CRITICAL] [STOP_BREACHED] MANAPPURAM: Stop breached at Rs326.10
[2026-09-08 12:39:48] [CRITICAL] [STOP_BREACHED] M&MFIN: Stop breached at Rs373.20
[2026-09-08 12:39:48] [CRITICAL] [STOP_BREACHED] CRIZAC: Stop breached at Rs172.95
[2026-09-08 12:39:48] [CRITICAL] [STOP_BREACHED] TATATECH: Stop breached at Rs798.65
[2026-09-08 12:39:48] [CRITICAL] [STOP_BREACHED] IGIL: Stop breached at Rs319.05
[2026-09-08 12:39:48] [CRITICAL] [STOP_BREACHED] PRINCEPIPE: Stop breached at Rs282.85
[2026-09-08 12:39:48] [CRITICAL] [STOP_BREACHED] EFCIL: Stop breached at Rs189.99
[2026-09-08 12:39:48] [CRITICAL] [STOP_BREACHED] LXCHEM: Stop breached at Rs180.72
[2026-09-08 12:39:48] [CRITICAL] [STOP_BREACHED] PRICOLLTD: Stop breached at Rs758.85
[2026-09-08 12:39:48] [CRITICAL] [STOP_BREACHED] TATAPOWER: Stop breached at Rs363.30
[2026-09-08 12:39:48] [CRITICAL] [STOP_BREACHED] NBCC: Stop breached at Rs85.52
[2026-09-08 12:39:48] [CRITICAL] [STOP_BREACHED] ICRA: Stop breached at Rs4870.50
[2026-09-08 12:39:48] [CRITICAL] [STOP_BREACHED] GULFOILLUB: Stop breached at Rs1057.50
[2026-09-08 12:39:48] [CRITICAL] [STOP_BREACHED] RICOAUTO: Stop breached at Rs132.30
[2026-09-08 12:39:48] [CRITICAL] [STOP_BREACHED] CREDITACC: Stop breached at Rs1398.30
[2026-09-08 12:39:48] [CRITICAL] [STOP_BREACHED] HINDPETRO: Stop breached at Rs351.75
[2026-09-08 12:39:48] [CRITICAL] [STOP_BREACHED] PICCADIL: Stop breached at Rs619.25
[2026-09-08 12:39:48] [CRITICAL] [STOP_BREACHED] HINDZINC: Stop breached at Rs595.50
[2026-09-08 12:39:48] [CRITICAL] [STOP_BREACHED] EIEL: Stop breached at Rs199.25
[2026-09-08 12:39:48] [INFO] [VALID_BREAKOUT] UNIMECH: Confirmed breakout at Rs1589.50, RVOL 2.62x
[2026-09-08 12:39:48] [CRITICAL] [STOP_BREACHED] NATIONALUM: Stop breached at Rs371.70
[2026-09-08 12:39:48] [CRITICAL] [STOP_BREACHED] NATCOPHARM: Stop breached at Rs830.45
[2026-09-08 12:39:48] [CRITICAL] [STOP_BREACHED] SUZLON: Stop breached at Rs45.45
[2026-09-08 12:39:48] [CRITICAL] [STOP_BREACHED] HLEGLAS: Stop breached at Rs338.80
[2026-09-08 12:39:48] [CRITICAL] [STOP_BREACHED] PROSTARM: Stop breached at Rs136.20
[2026-09-08 12:39:48] [CRITICAL] [STOP_BREACHED] TRENT: Stop breached at Rs2795.10
[2026-09-08 12:39:48] [CRITICAL] [STOP_BREACHED] FIRSTCRY: Stop breached at Rs174.78
[2026-09-08 12:39:48] [CRITICAL] [STOP_BREACHED] SAPPHIRE: Stop breached at Rs226.61
[2026-09-08 12:39:48] [CRITICAL] [STOP_BREACHED] TMPV: Stop breached at Rs304.10
[2026-09-08 12:39:49] [CRITICAL] [STOP_BREACHED] GREENPLY: Stop breached at Rs300.85
[2026-09-08 12:39:49] [CRITICAL] [STOP_BREACHED] BAJAJELEC: Stop breached at Rs340.30
[2026-09-08 12:39:49] [CRITICAL] [STOP_BREACHED] RCF: Stop breached at Rs113.75
[2026-09-08 12:39:49] [CRITICAL] [STOP_BREACHED] MOSCHIP: Stop breached at Rs215.23
[2026-09-08 12:39:49] [CRITICAL] [STOP_BREACHED] UNIVCABLES: Stop breached at Rs1536.20
[2026-09-08 12:39:49] [CRITICAL] [STOP_BREACHED] SPORTKING: Stop breached at Rs216.55
[2026-09-08 12:39:49] [CRITICAL] [STOP_BREACHED] GALAPREC: Stop breached at Rs1037.00
[2026-09-08 12:39:49] [CRITICAL] [STOP_BREACHED] RELTD: Stop breached at Rs159.29
[2026-09-08 12:39:49] [CRITICAL] [STOP_BREACHED] KEC: Stop breached at Rs405.70
[2026-09-08 12:39:49] [CRITICAL] [STOP_BREACHED] ALLTIME: Stop breached at Rs210.50
[2026-09-08 12:39:49] [CRITICAL] [STOP_BREACHED] JMFINANCIL: Stop breached at Rs128.90
[2026-09-08 12:39:49] [CRITICAL] [STOP_BREACHED] FSL: Stop breached at Rs258.50
[2026-09-08 12:39:49] [CRITICAL] [STOP_BREACHED] BRITANNIA: Stop breached at Rs5083.00
[2026-09-08 12:39:49] [CRITICAL] [STOP_BREACHED] HDBFS: Stop breached at Rs683.00
[2026-09-08 12:39:49] [CRITICAL] [STOP_BREACHED] CARBORUNIV: Stop breached at Rs1099.40
[2026-09-08 12:39:49] [CRITICAL] [STOP_BREACHED] GABRIEL: Stop breached at Rs1355.70
[2026-09-08 12:39:49] [CRITICAL] [STOP_BREACHED] PGIL: Stop breached at Rs2369.10
[2026-09-08 12:39:49] [CRITICAL] [STOP_BREACHED] LATENTVIEW: Stop breached at Rs259.80
[2026-09-08 12:39:49] [CRITICAL] [STOP_BREACHED] LINDEINDIA: Stop breached at Rs6458.00
[2026-09-08 12:39:49] [CRITICAL] [STOP_BREACHED] IMFA: Stop breached at Rs1292.30
[2026-09-08 12:39:49] [CRITICAL] [STOP_BREACHED] CLEAN: Stop breached at Rs836.00
[2026-09-08 12:39:49] [CRITICAL] [STOP_BREACHED] HARIOMPIPE: Stop breached at Rs366.00
[2026-09-08 12:39:49] [CRITICAL] [STOP_BREACHED] TITAGARH: Stop breached at Rs891.25
[2026-09-08 12:39:49] [CRITICAL] [STOP_BREACHED] PREMIERENE: Stop breached at Rs989.00
[2026-09-08 12:39:49] [CRITICAL] [STOP_BREACHED] SAREGAMA: Stop breached at Rs499.25
[2026-09-08 12:39:49] [CRITICAL] [STOP_BREACHED] SUNFLAG: Stop breached at Rs339.15
[2026-09-08 12:39:49] [CRITICAL] [STOP_BREACHED] NIBE: Stop breached at Rs1332.90
[2026-09-08 12:39:49] [CRITICAL] [STOP_BREACHED] LLOYDSME: Stop breached at Rs1794.70
[2026-09-08 12:39:49] [CRITICAL] [STOP_BREACHED] GALLANTT: Stop breached at Rs563.65
[2026-09-08 12:39:49] [CRITICAL] [STOP_BREACHED] RAMCOIND: Stop breached at Rs321.05
[2026-09-08 12:39:49] [CRITICAL] [STOP_BREACHED] CAMS: Stop breached at Rs731.40
[2026-09-08 12:39:49] [CRITICAL] [STOP_BREACHED] SASKEN: Stop breached at Rs1896.00
[2026-09-08 12:39:49] [CRITICAL] [STOP_BREACHED] SUVEN: Stop breached at Rs372.80
[2026-09-08 12:39:49] [CRITICAL] [STOP_BREACHED] BHARATSE: Stop breached at Rs228.47
[2026-09-08 12:39:49] [CRITICAL] [STOP_BREACHED] APCOTEXIND: Stop breached at Rs619.00
[2026-09-08 12:39:49] [CRITICAL] [STOP_BREACHED] ADFFOODS: Stop breached at Rs268.00
[2026-09-08 12:39:50] [CRITICAL] [STOP_BREACHED] CEMPRO: Stop breached at Rs1283.60
[2026-09-08 12:39:50] [CRITICAL] [STOP_BREACHED] HDFCAMC: Stop breached at Rs2443.60
[2026-09-08 12:39:50] [CRITICAL] [STOP_BREACHED] PASHUPATI: Stop breached at Rs81.32
[2026-09-08 12:39:50] [CRITICAL] [STOP_BREACHED] NEWGEN: Stop breached at Rs516.05
[2026-09-08 12:39:50] [CRITICAL] [STOP_BREACHED] VAIBHAVGBL: Stop breached at Rs216.26
[2026-09-08 12:39:50] [CRITICAL] [STOP_BREACHED] ENRIN: Stop breached at Rs3167.10
[2026-09-08 12:39:50] [CRITICAL] [STOP_BREACHED] ALKYLAMINE: Stop breached at Rs1991.70
[2026-09-08 12:39:50] [CRITICAL] [STOP_BREACHED] JASH: Stop breached at Rs508.00
[2026-09-08 12:39:50] [CRITICAL] [STOP_BREACHED] HUBTOWN: Stop breached at Rs187.38
[2026-09-08 12:39:50] [CRITICAL] [STOP_BREACHED] MUNJALAU: Stop breached at Rs113.14
[2026-09-08 12:39:50] [CRITICAL] [STOP_BREACHED] WHIRLPOOL: Stop breached at Rs799.05
[2026-09-08 12:39:50] [CRITICAL] [STOP_BREACHED] INDIAGLYCO: Stop breached at Rs287.00
[2026-09-08 12:39:50] [CRITICAL] [STOP_BREACHED] INDNIPPON: Stop breached at Rs1104.80
[2026-09-08 12:39:50] [CRITICAL] [STOP_BREACHED] GRMOVER: Stop breached at Rs85.90
[2026-09-08 12:39:50] [CRITICAL] [STOP_BREACHED] ZYDUSWELL: Stop breached at Rs560.15
[2026-09-08 12:39:50] [CRITICAL] [STOP_BREACHED] ETERNAL: Stop breached at Rs321.50
[2026-09-08 12:39:50] [CRITICAL] [STOP_BREACHED] JKLAKSHMI: Stop breached at Rs499.40
[2026-09-08 12:39:50] [CRITICAL] [STOP_BREACHED] J&KBANK: Stop breached at Rs147.00
[2026-09-08 12:39:50] [CRITICAL] [STOP_BREACHED] DEVYANI: Stop breached at Rs137.55
[2026-09-08 12:39:50] [CRITICAL] [STOP_BREACHED] ABLBL: Stop breached at Rs84.50
[2026-09-08 12:39:51] [CRITICAL] [STOP_BREACHED] UJJIVANSFB: Stop breached at Rs64.63
[2026-09-08 12:39:51] [CRITICAL] [STOP_BREACHED] THEJO: Stop breached at Rs2146.00
[2026-09-08 12:39:51] [CRITICAL] [STOP_BREACHED] ACUTAAS: Stop breached at Rs3210.00
[2026-09-08 12:39:51] [CRITICAL] [STOP_BREACHED] AARTIPHARM: Stop breached at Rs878.30
[2026-09-08 12:39:51] [CRITICAL] [STOP_BREACHED] RAMCOSYS: Stop breached at Rs612.95
[2026-09-08 12:39:51] [CRITICAL] [STOP_BREACHED] JYOTHYLAB: Stop breached at Rs193.86
[2026-09-08 12:39:51] [CRITICAL] [STOP_BREACHED] OLECTRA: Stop breached at Rs1212.00
[2026-09-08 12:39:51] [CRITICAL] [STOP_BREACHED] BOROLTD: Stop breached at Rs253.93
[2026-09-08 12:39:51] [CRITICAL] [STOP_BREACHED] THERMAX: Stop breached at Rs3644.50
[2026-09-08 12:39:51] [CRITICAL] [STOP_BREACHED] RPGLIFE: Stop breached at Rs2726.00
[2026-09-08 12:39:51] [CRITICAL] [STOP_BREACHED] ASKAUTOLTD: Stop breached at Rs604.50
[2026-09-08 12:39:51] [CRITICAL] [STOP_BREACHED] ASTRAZEN: Stop breached at Rs6891.00
[2026-09-08 12:39:51] [CRITICAL] [STOP_BREACHED] AIAENG: Stop breached at Rs4272.50
[2026-09-08 12:39:51] [CRITICAL] [STOP_BREACHED] NITCO: Stop breached at Rs93.09
[2026-09-08 12:39:51] [CRITICAL] [STOP_BREACHED] KPRMILL: Stop breached at Rs1134.00
[2026-09-08 12:39:51] [CRITICAL] [STOP_BREACHED] DABUR: Stop breached at Rs376.85
[2026-09-08 12:39:51] [CRITICAL] [STOP_BREACHED] CSBBANK: Stop breached at Rs314.75
[2026-09-08 12:39:51] [CRITICAL] [STOP_BREACHED] VOLTAS: Stop breached at Rs1153.70
[2026-09-08 12:39:51] [CRITICAL] [STOP_BREACHED] MAYURUNIQ: Stop breached at Rs743.95
[2026-09-08 12:39:51] [CRITICAL] [STOP_BREACHED] AETHER: Stop breached at Rs1636.60
[2026-09-08 12:39:51] [CRITICAL] [STOP_BREACHED] GMRAIRPORT: Stop breached at Rs96.87
[2026-09-08 12:39:51] [CRITICAL] [STOP_BREACHED] STYLAMIND: Stop breached at Rs3373.40
[2026-09-08 12:39:51] [CRITICAL] [STOP_BREACHED] NELCO: Stop breached at Rs937.25
[2026-09-08 12:39:51] [CRITICAL] [STOP_BREACHED] ZENTEC: Stop breached at Rs1834.70
[2026-09-08 12:39:51] [CRITICAL] [STOP_BREACHED] GPPL: Stop breached at Rs160.72
[2026-09-08 12:39:51] [CRITICAL] [STOP_BREACHED] VMM: Stop breached at Rs104.16
[2026-09-08 12:39:51] [CRITICAL] [STOP_BREACHED] IKIO: Stop breached at Rs212.91
[2026-09-08 12:39:51] [CRITICAL] [STOP_BREACHED] BIKAJI: Stop breached at Rs585.75
[2026-09-08 12:39:51] [CRITICAL] [STOP_BREACHED] COSMOFIRST: Stop breached at Rs910.25
[2026-09-08 12:39:51] [CRITICAL] [STOP_BREACHED] WABAG: Stop breached at Rs2015.10
[2026-09-08 12:39:51] [CRITICAL] [STOP_BREACHED] EMSLIMITED: Stop breached at Rs379.35
[2026-09-08 12:39:51] [CRITICAL] [STOP_BREACHED] AVANTIFEED: Stop breached at Rs808.85
[2026-09-08 12:39:51] [CRITICAL] [STOP_BREACHED] SUNTV: Stop breached at Rs455.30
[2026-09-08 12:39:51] [CRITICAL] [STOP_BREACHED] SHRIPISTON: Stop breached at Rs4445.70
[2026-09-08 12:39:51] [CRITICAL] [STOP_BREACHED] JUSTDIAL: Stop breached at Rs692.35
[2026-09-08 12:39:51] [CRITICAL] [STOP_BREACHED] MCLOUD: Stop breached at Rs25.97
[2026-09-08 12:39:52] [CRITICAL] [STOP_BREACHED] SWSOLAR: Stop breached at Rs185.17
[2026-09-08 12:39:52] [CRITICAL] [STOP_BREACHED] IRCON: Stop breached at Rs117.10
[2026-09-08 12:39:52] [CRITICAL] [STOP_BREACHED] LUMAXTECH: Stop breached at Rs1952.30
[2026-09-08 12:39:52] [CRITICAL] [STOP_BREACHED] ARFIN: Stop breached at Rs92.44
[2026-09-08 12:39:52] [CRITICAL] [STOP_BREACHED] MEDIASSIST: Stop breached at Rs332.95
[2026-09-08 12:39:52] [CRITICAL] [STOP_BREACHED] TATACHEM: Stop breached at Rs608.00
[2026-09-08 12:39:52] [CRITICAL] [STOP_BREACHED] SHAILY: Stop breached at Rs3376.00
[2026-09-08 12:39:52] [CRITICAL] [STOP_BREACHED] GODREJIND: Stop breached at Rs1141.50
[2026-09-08 12:39:52] [CRITICAL] [STOP_BREACHED] BHARATFORG: Stop breached at Rs1990.80
[2026-09-08 12:39:52] [CRITICAL] [STOP_BREACHED] BBTC: Stop breached at Rs1481.80
[2026-09-08 12:39:52] [CRITICAL] [STOP_BREACHED] SPMLINFRA: Stop breached at Rs179.67
[2026-09-08 12:39:52] [CRITICAL] [STOP_BREACHED] MUTHOOTFIN: Stop breached at Rs2891.80
[2026-09-08 12:39:52] [CRITICAL] [STOP_BREACHED] ASTERDM: Stop breached at Rs791.90
[2026-09-08 12:39:52] [CRITICAL] [STOP_BREACHED] TTKPRESTIG: Stop breached at Rs558.50
[2026-09-08 12:39:52] [CRITICAL] [STOP_BREACHED] SILGO: Stop breached at Rs72.02
[2026-09-08 12:39:52] [CRITICAL] [STOP_BREACHED] KPEL: Stop breached at Rs237.83
[2026-09-08 12:39:52] [CRITICAL] [STOP_BREACHED] VIMTALABS: Stop breached at Rs627.95
[2026-09-08 12:39:52] [CRITICAL] [STOP_BREACHED] SHAKTIPUMP: Stop breached at Rs473.35
[2026-09-08 12:39:52] [CRITICAL] [STOP_BREACHED] BLS: Stop breached at Rs238.30
[2026-09-08 12:39:52] [CRITICAL] [STOP_BREACHED] EUREKAFORB: Stop breached at Rs409.60
[2026-09-08 12:39:52] [CRITICAL] [STOP_BREACHED] HIMATSEIDE: Stop breached at Rs69.22
[2026-09-08 12:39:52] [CRITICAL] [STOP_BREACHED] EMUDHRA: Stop breached at Rs512.35
[2026-09-08 12:39:52] [CRITICAL] [STOP_BREACHED] JAYBARMARU: Stop breached at Rs116.73
[2026-09-08 12:39:52] [CRITICAL] [STOP_BREACHED] MAPMYINDIA: Stop breached at Rs969.00
[2026-09-08 12:39:52] [CRITICAL] [STOP_BREACHED] CHOLAHLDNG: Stop breached at Rs1509.50
[2026-09-08 12:39:52] [CRITICAL] [STOP_BREACHED] ELLEN: Stop breached at Rs317.80
[2026-09-08 12:39:52] [CRITICAL] [STOP_BREACHED] GENUSPOWER: Stop breached at Rs332.60
[2026-09-08 12:39:52] [CRITICAL] [STOP_BREACHED] CHAMBLFERT: Stop breached at Rs417.45
[2026-09-08 12:39:52] [CRITICAL] [STOP_BREACHED] RVNL: Stop breached at Rs209.06
[2026-09-08 12:39:52] [CRITICAL] [STOP_BREACHED] ELECON: Stop breached at Rs422.45
[2026-09-08 12:39:52] [CRITICAL] [STOP_BREACHED] CAPACITE: Stop breached at Rs201.55
[2026-09-08 12:39:52] [CRITICAL] [STOP_BREACHED] OPTIEMUS: Stop breached at Rs556.40
[2026-09-08 12:39:53] [CRITICAL] [STOP_BREACHED] TVSMOTOR: Stop breached at Rs4109.00
[2026-09-08 12:39:53] [CRITICAL] [STOP_BREACHED] CROMPTON: Stop breached at Rs232.57
[2026-09-08 12:39:53] [CRITICAL] [STOP_BREACHED] NAM-INDIA: Stop breached at Rs1189.30
[2026-09-08 12:39:53] [CRITICAL] [STOP_BREACHED] TARIL: Stop breached at Rs297.50
[2026-09-08 12:39:53] [CRITICAL] [STOP_BREACHED] BELRISE: Stop breached at Rs228.87
[2026-09-08 12:39:53] [CRITICAL] [STOP_BREACHED] RKFORGE: Stop breached at Rs703.15
[2026-09-08 12:39:53] [CRITICAL] [STOP_BREACHED] BBOX: Stop breached at Rs766.20
[2026-09-08 12:39:53] [CRITICAL] [STOP_BREACHED] AEGISLOG: Stop breached at Rs1252.00
[2026-09-08 12:39:53] [CRITICAL] [STOP_BREACHED] RECLTD: Stop breached at Rs315.50
[2026-09-08 12:39:53] [CRITICAL] [STOP_BREACHED] SYMPHONY: Stop breached at Rs610.45
[2026-09-08 12:39:53] [CRITICAL] [STOP_BREACHED] NUVAMA: Stop breached at Rs1838.80
[2026-09-08 12:39:53] [CRITICAL] [STOP_BREACHED] KPIGREEN: Stop breached at Rs296.70
[2026-09-08 12:39:53] [CRITICAL] [STOP_BREACHED] HEROMOTOCO: Stop breached at Rs5324.00
[2026-09-08 12:39:53] [CRITICAL] [STOP_BREACHED] MSPL: Stop breached at Rs34.93
[2026-09-08 12:39:53] [CRITICAL] [STOP_BREACHED] HUDCO: Stop breached at Rs178.47
[2026-09-08 12:39:53] [CRITICAL] [STOP_BREACHED] SONATSOFTW: Stop breached at Rs275.90
[2026-09-08 12:39:53] [CRITICAL] [STOP_BREACHED] LUPIN: Stop breached at Rs2109.90
[2026-09-08 12:39:53] [CRITICAL] [STOP_BREACHED] TALBROAUTO: Stop breached at Rs423.30
[2026-09-08 12:39:53] [CRITICAL] [STOP_BREACHED] STARCEMENT: Stop breached at Rs194.78
[2026-09-08 12:39:53] [CRITICAL] [STOP_BREACHED] HCG: Stop breached at Rs685.45
[2026-09-08 12:39:53] [CRITICAL] [STOP_BREACHED] AIIL: Stop breached at Rs516.30
[2026-09-08 12:39:53] [CRITICAL] [STOP_BREACHED] TIMETECHNO: Stop breached at Rs184.30
[2026-09-08 12:39:53] [CRITICAL] [STOP_BREACHED] AAVAS: Stop breached at Rs1306.70
[2026-09-08 12:39:53] [CRITICAL] [STOP_BREACHED] INGERRAND: Stop breached at Rs4705.40
[2026-09-08 12:39:53] [CRITICAL] [STOP_BREACHED] AFFLE: Stop breached at Rs1607.60
[2026-09-08 12:39:53] [CRITICAL] [STOP_BREACHED] GALAXYSURF: Stop breached at Rs2222.80
[2026-09-08 12:39:53] [CRITICAL] [STOP_BREACHED] PURVA: Stop breached at Rs216.53
[2026-09-08 12:43:17] [CRITICAL] [STOP_BREACHED] JSL: Stop breached at Rs729.50
[2026-09-08 12:43:20] [CRITICAL] [STOP_BREACHED] ACI: Stop breached at Rs494.45
[2026-09-08 12:44:49] [CRITICAL] [STOP_BREACHED] ZYDUSLIFE: Stop breached at Rs1153.30
[2026-09-08 12:50:34] [CRITICAL] [STOP_BREACHED] GRASIM: Stop breached at Rs3289.50
[2026-09-08 12:56:08] [CRITICAL] [STOP_BREACHED] COCHINSHIP: Stop breached at Rs1525.10
[2026-09-08 12:59:18] [INFO] [VALID_BREAKOUT] HARSHA: Confirmed breakout at Rs466.75, RVOL 6.08x
[2026-09-08 13:05:11] [INFO] [VALID_BREAKOUT] ARVIND: Confirmed breakout at Rs581.65, RVOL 10.69x
[2026-09-08 13:08:25] [CRITICAL] [STOP_BREACHED] IIFL: Stop breached at Rs645.75
[2026-09-08 13:11:18] [CRITICAL] [STOP_BREACHED] FINCABLES: Stop breached at Rs1292.20
[2026-09-08 13:11:26] [CRITICAL] [STOP_BREACHED] SFL: Stop breached at Rs686.45
[2026-09-08 13:14:14] [CRITICAL] [STOP_BREACHED] ANDHRSUGAR: Stop breached at Rs98.35
[2026-09-08 13:16:51] [CRITICAL] [STOP_BREACHED] SARDAEN: Stop breached at Rs518.30
[2026-09-08 13:22:26] [INFO] [VALID_BREAKOUT] VENUSPIPES: Confirmed breakout at Rs1966.90, RVOL 3.52x
[2026-09-08 13:24:15] [CRITICAL] [STOP_BREACHED] BLUESTARCO: Stop breached at Rs1475.50
[2026-09-08 13:25:54] [CRITICAL] [STOP_BREACHED] VIJAYA: Stop breached at Rs1502.10
[2026-09-08 13:32:13] [CRITICAL] [STOP_BREACHED] MUFIN: Stop breached at Rs136.25
[2026-09-08 13:33:44] [CRITICAL] [STOP_BREACHED] GRANULES: Stop breached at Rs874.95
[2026-09-08 13:36:54] [CRITICAL] [STOP_BREACHED] SAGILITY: Stop breached at Rs45.50
[2026-09-08 13:41:43] [CRITICAL] [STOP_BREACHED] VMART: Stop breached at Rs825.00
[2026-09-08 13:43:14] [CRITICAL] [STOP_BREACHED] HEIDELBERG: Stop breached at Rs159.44
[2026-09-08 13:45:25] [CRITICAL] [STOP_BREACHED] GREAVESCOT: Stop breached at Rs193.28
[2026-09-08 13:45:33] [INFO] [VALID_BREAKOUT] JAMNAAUTO: Confirmed breakout at Rs129.29, RVOL 2.07x
[2026-09-08 13:48:15] [CRITICAL] [STOP_BREACHED] PCBL: Stop breached at Rs323.65
[2026-09-08 13:48:23] [CRITICAL] [STOP_BREACHED] PARADEEP: Stop breached at Rs160.20
[2026-09-08 13:51:04] [INFO] [TARGET_1_HIT] WHEELS: Reached Target 1 (Rs2034.39) at Rs2037.80
[2026-09-08 13:56:56] [CRITICAL] [STOP_BREACHED] TEXRAIL: Stop breached at Rs117.97
[2026-09-08 13:56:57] [CRITICAL] [STOP_BREACHED] EIHOTEL: Stop breached at Rs294.05
[2026-09-08 13:59:31] [INFO] [VALID_BREAKOUT] AEROFLEX: Confirmed breakout at Rs573.50, RVOL 2.04x
[2026-09-08 13:59:44] [CRITICAL] [STOP_BREACHED] SUPREMEIND: Stop breached at Rs3554.10
[2026-09-08 14:07:56] [CRITICAL] [STOP_BREACHED] BLUESTONE: Stop breached at Rs867.10
[2026-09-08 14:11:20] [CRITICAL] [STOP_BREACHED] SIS: Stop breached at Rs428.00
[2026-09-08 14:12:58] [INFO] [VALID_BREAKOUT] BANDHANBNK: Confirmed breakout at Rs170.26, RVOL 1.6x
[2026-09-08 14:16:33] [CRITICAL] [STOP_BREACHED] KMEW: Stop breached at Rs2963.70
[2026-09-09 09:19:24] [CRITICAL] [STOP_BREACHED] SCHAEFFLER: Stop breached at Rs3920.00
[2026-09-09 09:19:24] [CRITICAL] [STOP_BREACHED] DELHIVERY: Stop breached at Rs450.65
[2026-09-09 09:19:24] [CRITICAL] [STOP_BREACHED] FORTIS: Stop breached at Rs906.65
[2026-09-09 09:19:24] [CRITICAL] [STOP_BREACHED] POLICYBZR: Stop breached at Rs1793.30
[2026-09-09 09:19:24] [CRITICAL] [STOP_BREACHED] AMBER: Stop breached at Rs7319.50
[2026-09-09 09:19:24] [CRITICAL] [STOP_BREACHED] CDSL: Stop breached at Rs1377.20
[2026-09-09 09:19:24] [CRITICAL] [STOP_BREACHED] BANDHANBNK: Stop breached at Rs169.30
[2026-09-09 09:19:24] [CRITICAL] [STOP_BREACHED] MMTC: Stop breached at Rs63.07
[2026-09-09 09:19:24] [CRITICAL] [STOP_BREACHED] NAUKRI: Stop breached at Rs1265.90
[2026-09-09 09:19:24] [CRITICAL] [STOP_BREACHED] PRESTIGE: Stop breached at Rs1548.80
[2026-09-09 09:19:24] [CRITICAL] [STOP_BREACHED] MAZDOCK: Stop breached at Rs2449.00
[2026-09-09 09:19:24] [CRITICAL] [STOP_BREACHED] SAGILITY: Stop breached at Rs45.36
[2026-09-09 09:19:24] [CRITICAL] [STOP_BREACHED] LICI: Stop breached at Rs408.20
[2026-09-09 09:19:24] [CRITICAL] [STOP_BREACHED] V2RETAIL: Stop breached at Rs219.02
[2026-09-09 09:19:24] [CRITICAL] [STOP_BREACHED] SHARDACROP: Stop breached at Rs788.00
[2026-09-09 09:19:24] [CRITICAL] [STOP_BREACHED] HCLTECH: Stop breached at Rs1243.70
[2026-09-09 09:19:24] [CRITICAL] [STOP_BREACHED] JSLL: Stop breached at Rs503.50
[2026-09-09 09:19:24] [CRITICAL] [STOP_BREACHED] JSWENERGY: Stop breached at Rs528.70
[2026-09-09 09:19:24] [CRITICAL] [STOP_BREACHED] EMBDL: Stop breached at Rs57.69
[2026-09-09 09:19:24] [CRITICAL] [STOP_BREACHED] VGUARD: Stop breached at Rs333.15
[2026-09-09 09:19:25] [CRITICAL] [STOP_BREACHED] SWANCORP: Stop breached at Rs276.20
[2026-09-09 09:19:25] [CRITICAL] [STOP_BREACHED] INTERARCH: Stop breached at Rs1757.60
[2026-09-09 09:19:25] [CRITICAL] [STOP_BREACHED] PNBGILTS: Stop breached at Rs81.19
[2026-09-09 09:19:25] [CRITICAL] [STOP_BREACHED] VINATIORGA: Stop breached at Rs1339.50
[2026-09-09 09:19:25] [CRITICAL] [STOP_BREACHED] CUMMINSIND: Stop breached at Rs5044.00
[2026-09-09 09:19:25] [CRITICAL] [STOP_BREACHED] IIFLCAPS: Stop breached at Rs339.75
[2026-09-09 09:19:25] [CRITICAL] [STOP_BREACHED] SURYAROSNI: Stop breached at Rs216.69
[2026-09-09 09:19:25] [CRITICAL] [STOP_BREACHED] BANKBEES: Stop breached at Rs586.34
[2026-09-09 09:19:25] [CRITICAL] [STOP_BREACHED] NTPCGREEN: Stop breached at Rs88.34
[2026-09-09 09:19:25] [CRITICAL] [STOP_BREACHED] SHAKTIPUMP: Stop breached at Rs469.50
[2026-09-09 09:19:25] [CRITICAL] [STOP_BREACHED] SALZERELEC: Stop breached at Rs550.90
[2026-09-09 09:19:25] [CRITICAL] [STOP_BREACHED] SBFC: Stop breached at Rs97.12
[2026-09-09 09:19:25] [CRITICAL] [STOP_BREACHED] DCXINDIA: Stop breached at Rs173.30
[2026-09-09 09:19:25] [CRITICAL] [STOP_BREACHED] GESHIP: Stop breached at Rs1398.00
[2026-09-09 09:19:25] [CRITICAL] [STOP_BREACHED] INDGN: Stop breached at Rs589.25
[2026-09-09 09:19:25] [CRITICAL] [STOP_BREACHED] TORNTPHARM: Stop breached at Rs4970.50
[2026-09-09 09:19:25] [CRITICAL] [STOP_BREACHED] NBCC: Stop breached at Rs85.18
[2026-09-09 09:19:25] [CRITICAL] [STOP_BREACHED] DSSL: Stop breached at Rs1052.70
[2026-09-09 09:19:25] [CRITICAL] [STOP_BREACHED] VIPIND: Stop breached at Rs307.45
[2026-09-09 09:19:25] [CRITICAL] [STOP_BREACHED] COCHINSHIP: Stop breached at Rs1523.20
[2026-09-09 09:19:25] [CRITICAL] [STOP_BREACHED] FLAIR: Stop breached at Rs237.80
[2026-09-09 09:19:25] [CRITICAL] [STOP_BREACHED] CIPLA: Stop breached at Rs1381.40
[2026-09-09 09:19:25] [CRITICAL] [STOP_BREACHED] DOMS: Stop breached at Rs2192.20
[2026-09-09 09:19:25] [CRITICAL] [STOP_BREACHED] LALPATHLAB: Stop breached at Rs1909.60
[2026-09-09 09:19:25] [CRITICAL] [STOP_BREACHED] SARDAEN: Stop breached at Rs520.00
[2026-09-09 09:19:25] [CRITICAL] [STOP_BREACHED] PROTEAN: Stop breached at Rs495.00
[2026-09-09 09:19:25] [CRITICAL] [STOP_BREACHED] MAHLOG: Stop breached at Rs410.00
[2026-09-09 09:19:25] [CRITICAL] [STOP_BREACHED] ANURAS: Stop breached at Rs1235.10
[2026-09-09 09:19:25] [CRITICAL] [STOP_BREACHED] ELECTCAST: Stop breached at Rs79.80
[2026-09-09 09:19:25] [CRITICAL] [STOP_BREACHED] NFL: Stop breached at Rs69.99
[2026-09-09 09:19:25] [CRITICAL] [STOP_BREACHED] ESCORTS: Stop breached at Rs3004.20
[2026-09-09 09:19:25] [CRITICAL] [STOP_BREACHED] SUNTECK: Stop breached at Rs294.85
[2026-09-09 09:19:25] [CRITICAL] [STOP_BREACHED] SHAREINDIA: Stop breached at Rs169.13
[2026-09-09 09:19:25] [CRITICAL] [STOP_BREACHED] SUNPHARMA: Stop breached at Rs1896.20
[2026-09-09 09:19:25] [CRITICAL] [STOP_BREACHED] GRAVITA: Stop breached at Rs1715.80
[2026-09-09 09:19:25] [CRITICAL] [STOP_BREACHED] RHIM: Stop breached at Rs370.80
[2026-09-09 09:19:25] [CRITICAL] [STOP_BREACHED] PATANJALI: Stop breached at Rs339.95
[2026-09-09 09:19:25] [CRITICAL] [STOP_BREACHED] ABREL: Stop breached at Rs1359.60
[2026-09-09 09:19:26] [CRITICAL] [STOP_BREACHED] EIEL: Stop breached at Rs213.49
[2026-09-09 09:19:26] [CRITICAL] [STOP_BREACHED] CHOICEIN: Stop breached at Rs754.20
[2026-09-09 09:19:26] [CRITICAL] [STOP_BREACHED] TRITURBINE: Stop breached at Rs578.45
[2026-09-09 09:19:26] [CRITICAL] [STOP_BREACHED] NAVA: Stop breached at Rs559.80
[2026-09-09 09:19:26] [CRITICAL] [STOP_BREACHED] IOC: Stop breached at Rs133.86
[2026-09-09 09:19:26] [CRITICAL] [STOP_BREACHED] RITES: Stop breached at Rs212.89
[2026-09-09 09:19:26] [CRITICAL] [STOP_BREACHED] GHCL: Stop breached at Rs429.05
[2026-09-09 09:19:26] [CRITICAL] [STOP_BREACHED] SOUTHBANK: Stop breached at Rs46.70
[2026-09-09 09:19:26] [CRITICAL] [STOP_BREACHED] WAAREEENER: Stop breached at Rs2580.60
[2026-09-09 09:19:26] [CRITICAL] [STOP_BREACHED] TITAN: Stop breached at Rs4990.50
[2026-09-09 09:19:26] [CRITICAL] [STOP_BREACHED] TATAELXSI: Stop breached at Rs3447.40
[2026-09-09 09:19:26] [CRITICAL] [STOP_BREACHED] NIFTYBEES: Stop breached at Rs268.52
[2026-09-09 09:19:26] [CRITICAL] [STOP_BREACHED] DRREDDY: Stop breached at Rs1148.30
[2026-09-09 09:19:26] [CRITICAL] [STOP_BREACHED] SYNGENE: Stop breached at Rs386.80
[2026-09-09 09:19:26] [CRITICAL] [STOP_BREACHED] KALAMANDIR: Stop breached at Rs85.31
[2026-09-09 09:19:26] [CRITICAL] [STOP_BREACHED] INDIGO: Stop breached at Rs4964.00
[2026-09-09 09:19:26] [CRITICAL] [STOP_BREACHED] SIEMENS: Stop breached at Rs3973.50
[2026-09-09 09:19:26] [CRITICAL] [STOP_BREACHED] WIPRO: Stop breached at Rs168.47
[2026-09-09 09:19:26] [CRITICAL] [STOP_BREACHED] CANBK: Stop breached at Rs124.45
[2026-09-09 09:19:26] [CRITICAL] [STOP_BREACHED] DHANUKA: Stop breached at Rs989.70
[2026-09-09 09:19:26] [CRITICAL] [STOP_BREACHED] AWFIS: Stop breached at Rs253.40
[2026-09-09 09:19:26] [CRITICAL] [STOP_BREACHED] MUFIN: Stop breached at Rs135.72
[2026-09-09 09:19:26] [CRITICAL] [STOP_BREACHED] TRIDENT: Stop breached at Rs23.99
[2026-09-09 09:19:26] [CRITICAL] [STOP_BREACHED] SUPRIYA: Stop breached at Rs920.05
[2026-09-09 09:19:26] [CRITICAL] [STOP_BREACHED] APOLLOHOSP: Stop breached at Rs8813.00
[2026-09-09 09:19:26] [CRITICAL] [STOP_BREACHED] JBMA: Stop breached at Rs613.00
[2026-09-09 09:19:26] [CRITICAL] [STOP_BREACHED] PARACABLES: Stop breached at Rs69.66
[2026-09-09 09:19:26] [CRITICAL] [STOP_BREACHED] HDFCLIFE: Stop breached at Rs526.65
[2026-09-09 09:19:26] [CRITICAL] [STOP_BREACHED] TORNTPOWER: Stop breached at Rs1279.00
[2026-09-09 09:19:26] [CRITICAL] [STOP_BREACHED] HONASA: Stop breached at Rs474.00
[2026-09-09 09:19:26] [CRITICAL] [STOP_BREACHED] BHARTIHEXA: Stop breached at Rs1552.10
[2026-09-09 09:19:26] [CRITICAL] [STOP_BREACHED] CESC: Stop breached at Rs146.11
[2026-09-09 09:19:26] [CRITICAL] [STOP_BREACHED] KARURVYSYA: Stop breached at Rs341.75
[2026-09-09 09:19:26] [CRITICAL] [STOP_BREACHED] AXISBANK: Stop breached at Rs1236.80
[2026-09-09 09:19:26] [CRITICAL] [STOP_BREACHED] APOLLOTYRE: Stop breached at Rs414.50
[2026-09-09 09:19:26] [CRITICAL] [STOP_BREACHED] SPARC: Stop breached at Rs202.54
[2026-09-09 09:19:26] [CRITICAL] [STOP_BREACHED] CASTROLIND: Stop breached at Rs188.76
[2026-09-09 09:19:26] [CRITICAL] [STOP_BREACHED] ICICIBANK: Stop breached at Rs1388.70
[2026-09-09 09:19:26] [CRITICAL] [STOP_BREACHED] LTF: Stop breached at Rs308.75
[2026-09-09 09:19:26] [CRITICAL] [STOP_BREACHED] RELIANCE: Stop breached at Rs1281.00
[2026-09-09 09:19:26] [CRITICAL] [STOP_BREACHED] REFEX: Stop breached at Rs276.75
[2026-09-09 09:19:26] [CRITICAL] [STOP_BREACHED] WALCHANNAG: Stop breached at Rs217.00
[2026-09-09 09:19:27] [CRITICAL] [STOP_BREACHED] BASF: Stop breached at Rs3786.60
[2026-09-09 09:19:27] [CRITICAL] [STOP_BREACHED] MGL: Stop breached at Rs1096.20
[2026-09-09 09:19:27] [CRITICAL] [STOP_BREACHED] BORORENEW: Stop breached at Rs501.85
[2026-09-09 09:19:27] [CRITICAL] [STOP_BREACHED] LT: Stop breached at Rs3985.30
[2026-09-09 09:19:27] [CRITICAL] [STOP_BREACHED] SAFARI: Stop breached at Rs1535.10
[2026-09-09 09:19:27] [CRITICAL] [STOP_BREACHED] ITI: Stop breached at Rs269.25
[2026-09-09 09:19:27] [CRITICAL] [STOP_BREACHED] RTNINDIA: Stop breached at Rs27.89
[2026-09-09 09:19:27] [CRITICAL] [STOP_BREACHED] DIAMONDYD: Stop breached at Rs1126.30
[2026-09-09 09:19:27] [CRITICAL] [STOP_BREACHED] BANKINDIA: Stop breached at Rs140.20
[2026-09-09 09:19:27] [CRITICAL] [STOP_BREACHED] IEX: Stop breached at Rs116.36
[2026-09-09 09:19:27] [CRITICAL] [STOP_BREACHED] INDUSINDBK: Stop breached at Rs995.40
[2026-09-09 09:19:27] [CRITICAL] [STOP_BREACHED] BPCL: Stop breached at Rs302.50
[2026-09-09 09:19:27] [CRITICAL] [STOP_BREACHED] GMRP&UI: Stop breached at Rs95.34
[2026-09-09 09:19:27] [CRITICAL] [STOP_BREACHED] IOB: Stop breached at Rs33.10
[2026-09-09 09:19:27] [CRITICAL] [STOP_BREACHED] CENTRALBK: Stop breached at Rs30.68
[2026-09-09 09:19:27] [CRITICAL] [STOP_BREACHED] NESTLEIND: Stop breached at Rs1401.40
[2026-09-09 09:19:27] [CRITICAL] [STOP_BREACHED] BAJAJHFL: Stop breached at Rs83.39
[2026-09-09 09:19:27] [CRITICAL] [STOP_BREACHED] RAILTEL: Stop breached at Rs265.15
[2026-09-09 09:19:27] [CRITICAL] [STOP_BREACHED] COROMANDEL: Stop breached at Rs1944.00
[2026-09-09 09:19:27] [CRITICAL] [STOP_BREACHED] ATUL: Stop breached at Rs6303.50
[2026-09-09 09:19:27] [CRITICAL] [STOP_BREACHED] INDIAMART: Stop breached at Rs1687.70
[2026-09-09 09:19:27] [CRITICAL] [STOP_BREACHED] AMBUJACEM: Stop breached at Rs396.50
[2026-09-09 09:19:27] [CRITICAL] [STOP_BREACHED] MINDACORP: Stop breached at Rs706.15
[2026-09-09 09:19:27] [CRITICAL] [STOP_BREACHED] BAJAJFINSV: Stop breached at Rs1934.20
[2026-09-09 09:19:27] [CRITICAL] [STOP_BREACHED] TIPSMUSIC: Stop breached at Rs642.15
[2026-09-09 09:19:27] [CRITICAL] [STOP_BREACHED] BAYERCROP: Stop breached at Rs3978.00
[2026-09-09 09:19:27] [CRITICAL] [STOP_BREACHED] JUBLFOOD: Stop breached at Rs475.20
[2026-09-09 09:19:27] [CRITICAL] [STOP_BREACHED] FINEORG: Stop breached at Rs5150.00
[2026-09-09 09:19:27] [CRITICAL] [STOP_BREACHED] PNB: Stop breached at Rs115.89
[2026-09-09 09:19:27] [CRITICAL] [STOP_BREACHED] PIDILITIND: Stop breached at Rs1572.00
[2026-09-09 09:19:27] [CRITICAL] [STOP_BREACHED] CIEINDIA: Stop breached at Rs382.70
[2026-09-09 09:19:27] [CRITICAL] [STOP_BREACHED] BANKBARODA: Stop breached at Rs235.83
[2026-09-09 09:19:27] [CRITICAL] [STOP_BREACHED] ZFCVINDIA: Stop breached at Rs2492.90
[2026-09-09 09:19:27] [CRITICAL] [STOP_BREACHED] TATAINVEST: Stop breached at Rs618.75
[2026-09-09 09:19:27] [CRITICAL] [STOP_BREACHED] ADVENZYMES: Stop breached at Rs299.00
[2026-09-09 09:19:27] [CRITICAL] [STOP_BREACHED] EPACK: Stop breached at Rs186.23
[2026-09-09 09:19:27] [CRITICAL] [STOP_BREACHED] STARHEALTH: Stop breached at Rs562.95
[2026-09-09 09:19:27] [CRITICAL] [STOP_BREACHED] HINDUNILVR: Stop breached at Rs1966.70
[2026-09-09 09:19:27] [CRITICAL] [STOP_BREACHED] JKCEMENT: Stop breached at Rs4990.50
[2026-09-09 09:19:27] [CRITICAL] [STOP_BREACHED] JSWINFRA: Stop breached at Rs330.00
[2026-09-09 09:19:27] [CRITICAL] [STOP_BREACHED] JWL: Stop breached at Rs242.26
[2026-09-09 09:19:27] [CRITICAL] [STOP_BREACHED] INDRAMEDCO: Stop breached at Rs354.00
[2026-09-09 09:19:28] [CRITICAL] [STOP_BREACHED] BATAINDIA: Stop breached at Rs661.05
[2026-09-09 09:19:28] [CRITICAL] [STOP_BREACHED] GNFC: Stop breached at Rs561.85
[2026-09-09 09:19:28] [CRITICAL] [STOP_BREACHED] BIOCON: Stop breached at Rs399.20
[2026-09-09 09:19:28] [CRITICAL] [STOP_BREACHED] SANOFI: Stop breached at Rs3118.80
[2026-09-09 09:19:28] [CRITICAL] [STOP_BREACHED] GODIGIT: Stop breached at Rs253.85
[2026-09-09 09:19:28] [CRITICAL] [STOP_BREACHED] SIGNATURE: Stop breached at Rs784.55
[2026-09-09 09:19:28] [CRITICAL] [STOP_BREACHED] YESBANK: Stop breached at Rs22.56
[2026-09-09 09:19:28] [CRITICAL] [STOP_BREACHED] CCL: Stop breached at Rs1115.40
[2026-09-09 09:19:28] [CRITICAL] [STOP_BREACHED] NMDC: Stop breached at Rs84.83
[2026-09-09 09:19:28] [CRITICAL] [STOP_BREACHED] HDBFS: Stop breached at Rs678.35
[2026-09-09 09:19:28] [CRITICAL] [STOP_BREACHED] TIMKEN: Stop breached at Rs3107.40
[2026-09-09 09:19:28] [CRITICAL] [STOP_BREACHED] ARVINDFASN: Stop breached at Rs437.85
[2026-09-09 09:19:28] [CRITICAL] [STOP_BREACHED] KRSNAA: Stop breached at Rs546.95
[2026-09-09 09:19:28] [CRITICAL] [STOP_BREACHED] SGFIN: Stop breached at Rs676.00
[2026-09-09 09:19:28] [CRITICAL] [STOP_BREACHED] RAMCOCEM: Stop breached at Rs866.15
[2026-09-09 09:19:28] [CRITICAL] [STOP_BREACHED] SESHAPAPER: Stop breached at Rs245.11
[2026-09-09 09:19:28] [CRITICAL] [STOP_BREACHED] PHOENIXLTD: Stop breached at Rs1885.40
[2026-09-09 09:19:28] [CRITICAL] [STOP_BREACHED] DMART: Stop breached at Rs3723.70
[2026-09-09 09:19:28] [CRITICAL] [STOP_BREACHED] UCOBANK: Stop breached at Rs24.09
[2026-09-09 09:19:28] [CRITICAL] [STOP_BREACHED] INOXWIND: Stop breached at Rs76.12
[2026-09-09 09:19:28] [CRITICAL] [STOP_BREACHED] PANAMAPET: Stop breached at Rs490.45
[2026-09-09 09:19:28] [CRITICAL] [STOP_BREACHED] AGARWALEYE: Stop breached at Rs518.00
[2026-09-09 09:19:28] [CRITICAL] [STOP_BREACHED] SRM: Stop breached at Rs459.70
[2026-09-09 09:19:28] [CRITICAL] [STOP_BREACHED] INDIANB: Stop breached at Rs859.25
[2026-09-09 09:19:28] [CRITICAL] [STOP_BREACHED] BBTC: Stop breached at Rs1474.50
[2026-09-09 09:19:28] [CRITICAL] [STOP_BREACHED] EQUITASBNK: Stop breached at Rs72.31
[2026-09-09 09:19:28] [CRITICAL] [STOP_BREACHED] M&MFIN: Stop breached at Rs370.40
[2026-09-09 09:19:28] [CRITICAL] [STOP_BREACHED] INDUSTOWER: Stop breached at Rs371.30
[2026-09-09 09:19:28] [CRITICAL] [STOP_BREACHED] TAJGVK: Stop breached at Rs331.55
[2026-09-09 09:19:28] [CRITICAL] [STOP_BREACHED] HINDALCO: Stop breached at Rs1015.20
[2026-09-09 09:19:28] [CRITICAL] [STOP_BREACHED] IDFCFIRSTB: Stop breached at Rs86.20
[2026-09-09 09:19:28] [CRITICAL] [STOP_BREACHED] CEIGALL: Stop breached at Rs373.20
[2026-09-09 09:19:28] [CRITICAL] [STOP_BREACHED] CARRARO: Stop breached at Rs538.40
[2026-09-09 09:19:28] [CRITICAL] [STOP_BREACHED] KAYNES: Stop breached at Rs3636.10
[2026-09-09 09:19:28] [CRITICAL] [STOP_BREACHED] KSCL: Stop breached at Rs726.55
[2026-09-09 09:19:28] [CRITICAL] [STOP_BREACHED] GMDCLTD: Stop breached at Rs574.20
[2026-09-09 09:19:28] [CRITICAL] [STOP_BREACHED] SRF: Stop breached at Rs2517.90
[2026-09-09 09:19:29] [CRITICAL] [STOP_BREACHED] SKFINDIA: Stop breached at Rs1532.10
[2026-09-09 09:19:29] [CRITICAL] [STOP_BREACHED] MUNJALAU: Stop breached at Rs112.49
[2026-09-09 09:19:29] [CRITICAL] [STOP_BREACHED] SAMMAANCAP: Stop breached at Rs152.15
[2026-09-09 09:19:29] [CRITICAL] [STOP_BREACHED] GICRE: Stop breached at Rs347.25
[2026-09-09 09:19:29] [CRITICAL] [STOP_BREACHED] AUBANK: Stop breached at Rs1065.50
[2026-09-09 09:19:29] [CRITICAL] [STOP_BREACHED] IRCON: Stop breached at Rs116.60
[2026-09-09 09:19:29] [CRITICAL] [STOP_BREACHED] PREMEXPLN: Stop breached at Rs675.00
[2026-09-09 09:19:29] [CRITICAL] [STOP_BREACHED] ANGELONE: Stop breached at Rs292.95
[2026-09-09 09:19:29] [CRITICAL] [STOP_BREACHED] IFBIND: Stop breached at Rs1284.10
[2026-09-09 09:19:29] [CRITICAL] [STOP_BREACHED] PDSL: Stop breached at Rs345.55
[2026-09-09 09:19:29] [CRITICAL] [STOP_BREACHED] RANEHOLDIN: Stop breached at Rs1699.20
[2026-09-09 09:19:29] [CRITICAL] [STOP_BREACHED] APTUS: Stop breached at Rs254.34
[2026-09-09 09:19:29] [CRITICAL] [STOP_BREACHED] PRAJIND: Stop breached at Rs335.25
[2026-09-09 09:19:29] [CRITICAL] [STOP_BREACHED] SAIL: Stop breached at Rs186.84
[2026-09-09 09:19:29] [CRITICAL] [STOP_BREACHED] BBL: Stop breached at Rs2239.00
[2026-09-09 09:19:29] [CRITICAL] [STOP_BREACHED] INTELLECT: Stop breached at Rs694.00
[2026-09-09 09:19:29] [CRITICAL] [STOP_BREACHED] ACC: Stop breached at Rs1262.10
[2026-09-09 09:19:29] [CRITICAL] [STOP_BREACHED] VERANDA: Stop breached at Rs231.98
[2026-09-09 09:19:29] [CRITICAL] [STOP_BREACHED] BLUEDART: Stop breached at Rs4951.00
[2026-09-09 09:19:29] [CRITICAL] [STOP_BREACHED] FEDFINA: Stop breached at Rs160.64
[2026-09-09 09:19:29] [CRITICAL] [STOP_BREACHED] GUJALKALI: Stop breached at Rs719.15
[2026-09-09 09:19:29] [CRITICAL] [STOP_BREACHED] CELLO: Stop breached at Rs341.00
[2026-09-09 09:19:29] [CRITICAL] [STOP_BREACHED] ICICIPRULI: Stop breached at Rs463.30
[2026-09-09 09:19:29] [CRITICAL] [STOP_BREACHED] LTTS: Stop breached at Rs3354.80
[2026-09-09 09:19:29] [CRITICAL] [STOP_BREACHED] ITCHOTELS: Stop breached at Rs156.57
[2026-09-09 09:19:29] [CRITICAL] [STOP_BREACHED] BOMDYEING: Stop breached at Rs113.50
[2026-09-09 09:19:29] [CRITICAL] [STOP_BREACHED] AWL: Stop breached at Rs186.70
[2026-09-09 09:19:29] [CRITICAL] [STOP_BREACHED] RAJRATAN: Stop breached at Rs494.25
[2026-09-09 09:19:29] [CRITICAL] [STOP_BREACHED] RESPONIND: Stop breached at Rs147.39
[2026-09-09 09:19:29] [CRITICAL] [STOP_BREACHED] GILLETTE: Stop breached at Rs7483.00
[2026-09-09 09:19:29] [CRITICAL] [STOP_BREACHED] RAYMONDREL: Stop breached at Rs589.55
[2026-09-09 09:19:29] [CRITICAL] [STOP_BREACHED] ROLEXRINGS: Stop breached at Rs176.31
[2026-09-09 09:19:29] [CRITICAL] [STOP_BREACHED] MANKIND: Stop breached at Rs2304.00
[2026-09-09 09:19:29] [CRITICAL] [STOP_BREACHED] UNITDSPR: Stop breached at Rs1428.50
[2026-09-09 09:19:29] [CRITICAL] [STOP_BREACHED] KFINTECH: Stop breached at Rs914.00
[2026-09-09 09:19:29] [CRITICAL] [STOP_BREACHED] CGPOWER: Stop breached at Rs917.15
[2026-09-09 09:19:29] [CRITICAL] [STOP_BREACHED] ZAGGLE: Stop breached at Rs178.73
[2026-09-09 09:19:29] [CRITICAL] [STOP_BREACHED] KRISHNADEF: Stop breached at Rs1108.50
[2026-09-09 09:19:29] [CRITICAL] [STOP_BREACHED] ABCAPITAL: Stop breached at Rs396.70
[2026-09-09 09:19:29] [CRITICAL] [STOP_BREACHED] GODFRYPHLP: Stop breached at Rs1997.00
[2026-09-09 09:19:29] [CRITICAL] [STOP_BREACHED] 360ONE: Stop breached at Rs1104.60
[2026-09-09 09:19:30] [CRITICAL] [STOP_BREACHED] SUMICHEM: Stop breached at Rs489.60
[2026-09-09 09:19:30] [CRITICAL] [STOP_BREACHED] GOKULAGRO: Stop breached at Rs233.65
[2026-09-09 09:19:30] [CRITICAL] [STOP_BREACHED] MAXHEALTH: Stop breached at Rs1012.30
[2026-09-09 09:19:30] [CRITICAL] [STOP_BREACHED] TATASTEEL: Stop breached at Rs183.75
[2026-09-09 09:19:30] [CRITICAL] [STOP_BREACHED] ZENSARTECH: Stop breached at Rs443.30
[2026-09-09 09:19:30] [CRITICAL] [STOP_BREACHED] FLUOROCHEM: Stop breached at Rs4674.00
[2026-09-09 09:19:30] [CRITICAL] [STOP_BREACHED] ETHOSLTD: Stop breached at Rs2751.60
[2026-09-09 09:19:30] [CRITICAL] [STOP_BREACHED] HAVELLS: Stop breached at Rs1138.90
[2026-09-09 09:19:30] [CRITICAL] [STOP_BREACHED] KPITTECH: Stop breached at Rs557.50
[2026-09-09 09:19:30] [CRITICAL] [STOP_BREACHED] EICHERMOT: Stop breached at Rs7695.50
[2026-09-09 09:19:30] [CRITICAL] [STOP_BREACHED] TECHM: Stop breached at Rs1514.10
[2026-09-09 09:19:30] [CRITICAL] [STOP_BREACHED] TEJASNET: Stop breached at Rs589.65
[2026-09-09 09:19:30] [CRITICAL] [STOP_BREACHED] ASIANPAINT: Stop breached at Rs2472.50
[2026-09-09 09:19:30] [CRITICAL] [STOP_BREACHED] RADICO: Stop breached at Rs4445.70
[2026-09-09 09:19:30] [CRITICAL] [STOP_BREACHED] TECHNOE: Stop breached at Rs962.00
[2026-09-09 09:19:30] [CRITICAL] [STOP_BREACHED] KROSS: Stop breached at Rs211.00
[2026-09-09 09:19:30] [CRITICAL] [STOP_BREACHED] KMEW: Stop breached at Rs2967.80
[2026-09-09 09:19:30] [CRITICAL] [STOP_BREACHED] BIRLACORPN: Stop breached at Rs852.95
[2026-09-09 09:19:30] [CRITICAL] [STOP_BREACHED] CEATLTD: Stop breached at Rs3294.30
[2026-09-09 09:19:30] [CRITICAL] [STOP_BREACHED] SANDUMA: Stop breached at Rs196.51
[2026-09-09 09:19:30] [CRITICAL] [STOP_BREACHED] KPIL: Stop breached at Rs1392.00
[2026-09-09 09:19:30] [CRITICAL] [STOP_BREACHED] IRCTC: Stop breached at Rs472.15
[2026-09-09 09:19:30] [CRITICAL] [STOP_BREACHED] MONARCH: Stop breached at Rs379.30
[2026-09-09 09:19:30] [CRITICAL] [STOP_BREACHED] AURIONPRO: Stop breached at Rs668.10
[2026-09-09 09:19:30] [CRITICAL] [STOP_BREACHED] KALYANKJIL: Stop breached at Rs614.35
[2026-09-09 09:19:30] [CRITICAL] [STOP_BREACHED] IKS: Stop breached at Rs1815.00
[2026-09-09 09:19:30] [CRITICAL] [STOP_BREACHED] NETWORK18: Stop breached at Rs27.15
[2026-09-09 09:19:30] [CRITICAL] [STOP_BREACHED] GANECOS: Stop breached at Rs1032.40
[2026-09-09 09:19:30] [CRITICAL] [STOP_BREACHED] JKTYRE: Stop breached at Rs361.00
[2026-09-09 09:19:30] [CRITICAL] [STOP_BREACHED] ABDL: Stop breached at Rs592.95
[2026-09-09 09:19:30] [CRITICAL] [STOP_BREACHED] POLYMED: Stop breached at Rs1730.80
[2026-09-09 09:19:30] [CRITICAL] [STOP_BREACHED] SJVN: Stop breached at Rs67.08
[2026-09-09 09:19:30] [CRITICAL] [STOP_BREACHED] TATVA: Stop breached at Rs1672.50
[2026-09-09 09:19:30] [CRITICAL] [STOP_BREACHED] WEBELSOLAR: Stop breached at Rs76.66
[2026-09-09 09:19:30] [CRITICAL] [STOP_BREACHED] SIS: Stop breached at Rs427.45
[2026-09-09 09:19:30] [CRITICAL] [STOP_BREACHED] TI: Stop breached at Rs537.15
[2026-09-09 09:19:30] [CRITICAL] [STOP_BREACHED] FACT: Stop breached at Rs788.00
[2026-09-09 09:19:31] [CRITICAL] [STOP_BREACHED] ALKYLAMINE: Stop breached at Rs1976.60
[2026-09-09 09:19:31] [CRITICAL] [STOP_BREACHED] MSUMI: Stop breached at Rs36.61
[2026-09-09 09:19:31] [CRITICAL] [STOP_BREACHED] EMCURE: Stop breached at Rs1916.40
[2026-09-09 09:19:31] [CRITICAL] [STOP_BREACHED] IRFC: Stop breached at Rs81.90
[2026-09-09 09:19:31] [CRITICAL] [STOP_BREACHED] THYROCARE: Stop breached at Rs568.30
[2026-09-09 09:19:31] [CRITICAL] [STOP_BREACHED] JIOFIN: Stop breached at Rs231.42
[2026-09-09 09:19:31] [CRITICAL] [STOP_BREACHED] GSFC: Stop breached at Rs160.33
[2026-09-09 09:19:31] [CRITICAL] [STOP_BREACHED] ROTO: Stop breached at Rs64.82
[2026-09-09 09:19:31] [CRITICAL] [STOP_BREACHED] RUSTOMJEE: Stop breached at Rs357.40
[2026-09-09 09:19:31] [CRITICAL] [STOP_BREACHED] OBEROIRLTY: Stop breached at Rs1828.40
[2026-09-09 09:19:31] [CRITICAL] [STOP_BREACHED] MOSCHIP: Stop breached at Rs211.85
[2026-09-09 09:19:31] [CRITICAL] [STOP_BREACHED] INFY: Stop breached at Rs1051.30
[2026-09-09 09:19:31] [CRITICAL] [STOP_BREACHED] LANDMARK: Stop breached at Rs497.05
[2026-09-09 09:19:31] [CRITICAL] [STOP_BREACHED] HEXT: Stop breached at Rs515.10
[2026-09-09 09:19:31] [CRITICAL] [STOP_BREACHED] EXIDEIND: Stop breached at Rs413.90
[2026-09-09 09:19:31] [CRITICAL] [STOP_BREACHED] SONACOMS: Stop breached at Rs798.40
[2026-09-09 09:19:31] [CRITICAL] [STOP_BREACHED] SDBL: Stop breached at Rs72.12
[2026-09-09 09:19:31] [CRITICAL] [STOP_BREACHED] PGEL: Stop breached at Rs553.35
[2026-09-09 09:19:31] [CRITICAL] [STOP_BREACHED] BLUESTONE: Stop breached at Rs854.00
[2026-09-09 09:19:31] [CRITICAL] [STOP_BREACHED] VEDL: Stop breached at Rs271.05
[2026-09-09 09:19:31] [CRITICAL] [STOP_BREACHED] PETRONET: Stop breached at Rs285.55
[2026-09-09 09:19:31] [CRITICAL] [STOP_BREACHED] WHIRLPOOL: Stop breached at Rs803.00
[2026-09-09 09:19:31] [CRITICAL] [STOP_BREACHED] EIDPARRY: Stop breached at Rs757.95
[2026-09-09 09:19:31] [CRITICAL] [STOP_BREACHED] TATACONSUM: Stop breached at Rs1012.70
[2026-09-09 09:19:31] [CRITICAL] [STOP_BREACHED] IREDA: Stop breached at Rs111.71
[2026-09-09 09:19:31] [CRITICAL] [STOP_BREACHED] IGL: Stop breached at Rs153.92
[2026-09-09 09:19:31] [CRITICAL] [STOP_BREACHED] APLLTD: Stop breached at Rs816.25
[2026-09-09 09:19:31] [CRITICAL] [STOP_BREACHED] SBIN: Stop breached at Rs996.70
[2026-09-09 09:19:31] [CRITICAL] [STOP_BREACHED] M&M: Stop breached at Rs3138.00
[2026-09-09 09:19:31] [CRITICAL] [STOP_BREACHED] AEGISVOPAK: Stop breached at Rs291.80
[2026-09-09 09:19:31] [CRITICAL] [STOP_BREACHED] MFSL: Stop breached at Rs1477.50
[2026-09-09 09:19:31] [CRITICAL] [STOP_BREACHED] AARTIIND: Stop breached at Rs498.80
[2026-09-09 09:19:31] [CRITICAL] [STOP_BREACHED] JSWSTEEL: Stop breached at Rs1297.80
[2026-09-09 09:19:31] [CRITICAL] [STOP_BREACHED] ONESOURCE: Stop breached at Rs1604.60
[2026-09-09 09:19:31] [CRITICAL] [STOP_BREACHED] POONAWALLA: Stop breached at Rs450.50
[2026-09-09 09:19:31] [CRITICAL] [STOP_BREACHED] TCS: Stop breached at Rs2213.30
[2026-09-09 09:19:31] [CRITICAL] [STOP_BREACHED] BAJFINANCE: Stop breached at Rs1046.10
[2026-09-09 09:19:32] [CRITICAL] [STOP_BREACHED] NTPC: Stop breached at Rs331.65
[2026-09-09 09:19:32] [CRITICAL] [STOP_BREACHED] BHEL: Stop breached at Rs425.50
[2026-09-09 09:19:32] [CRITICAL] [STOP_BREACHED] GOKEX: Stop breached at Rs786.95
[2026-09-09 09:19:32] [CRITICAL] [STOP_BREACHED] FEDERALBNK: Stop breached at Rs343.20
[2026-09-09 09:19:32] [CRITICAL] [STOP_BREACHED] GLOBUSSPR: Stop breached at Rs859.75
[2026-09-09 09:19:32] [CRITICAL] [STOP_BREACHED] LEMONTREE: Stop breached at Rs106.45
[2026-09-09 09:19:32] [CRITICAL] [STOP_BREACHED] PRIVISCL: Stop breached at Rs3497.10
[2026-09-09 09:19:32] [CRITICAL] [STOP_BREACHED] CAMLINFINE: Stop breached at Rs103.50
[2026-09-09 09:19:32] [CRITICAL] [STOP_BREACHED] DEVYANI: Stop breached at Rs137.39
[2026-09-09 09:19:32] [CRITICAL] [STOP_BREACHED] MARICO: Stop breached at Rs816.90
[2026-09-09 09:19:32] [CRITICAL] [STOP_BREACHED] JSWCEMENT: Stop breached at Rs121.00
[2026-09-09 09:19:32] [CRITICAL] [STOP_BREACHED] POLYPLEX: Stop breached at Rs1155.90
[2026-09-09 09:19:32] [CRITICAL] [STOP_BREACHED] AADHARHFC: Stop breached at Rs475.55
[2026-09-09 09:19:32] [CRITICAL] [STOP_BREACHED] BAJAJHCARE: Stop breached at Rs336.40
[2026-09-09 09:19:32] [CRITICAL] [STOP_BREACHED] PNGJL: Stop breached at Rs620.10
[2026-09-09 09:19:32] [CRITICAL] [STOP_BREACHED] BLACKBUCK: Stop breached at Rs593.95
[2026-09-09 09:19:32] [CRITICAL] [STOP_BREACHED] RBA: Stop breached at Rs96.37
[2026-09-09 09:19:32] [CRITICAL] [STOP_BREACHED] ANUP: Stop breached at Rs1730.20
[2026-09-09 09:19:32] [CRITICAL] [STOP_BREACHED] DAMCAPITAL: Stop breached at Rs145.24
[2026-09-09 09:19:32] [CRITICAL] [STOP_BREACHED] TVSSCS: Stop breached at Rs126.93
[2026-09-09 09:19:32] [CRITICAL] [STOP_BREACHED] NUVOCO: Stop breached at Rs338.40
[2026-09-09 09:19:32] [CRITICAL] [STOP_BREACHED] CUPID: Stop breached at Rs272.35
[2026-09-09 09:19:32] [CRITICAL] [STOP_BREACHED] AFCONS: Stop breached at Rs280.90
[2026-09-09 09:19:32] [CRITICAL] [STOP_BREACHED] BLUEJET: Stop breached at Rs580.60
[2026-09-09 09:19:32] [CRITICAL] [STOP_BREACHED] SAKSOFT: Stop breached at Rs149.56
[2026-09-09 09:19:32] [CRITICAL] [STOP_BREACHED] EVEREADY: Stop breached at Rs350.00
[2026-09-09 09:19:32] [CRITICAL] [STOP_BREACHED] MOBIKWIK: Stop breached at Rs193.29
[2026-09-09 09:19:32] [CRITICAL] [STOP_BREACHED] AJANTPHARM: Stop breached at Rs3582.40
[2026-09-09 09:19:32] [CRITICAL] [STOP_BREACHED] ENDURANCE: Stop breached at Rs2730.70
[2026-09-09 09:19:32] [CRITICAL] [STOP_BREACHED] PCBL: Stop breached at Rs327.80
[2026-09-09 09:19:32] [CRITICAL] [STOP_BREACHED] LUXIND: Stop breached at Rs1124.20
[2026-09-09 09:19:32] [CRITICAL] [STOP_BREACHED] ALKEM: Stop breached at Rs5195.00
[2026-09-09 09:19:32] [CRITICAL] [STOP_BREACHED] MPSLTD: Stop breached at Rs2734.10
[2026-09-09 09:19:32] [CRITICAL] [STOP_BREACHED] TINNARUBR: Stop breached at Rs1022.85
[2026-09-09 09:19:32] [CRITICAL] [STOP_BREACHED] UNIONBANK: Stop breached at Rs182.16
[2026-09-09 09:19:32] [CRITICAL] [STOP_BREACHED] TARC: Stop breached at Rs131.05
[2026-09-09 09:19:32] [CRITICAL] [STOP_BREACHED] NATIONALUM: Stop breached at Rs374.90
[2026-09-09 09:19:32] [CRITICAL] [STOP_BREACHED] COHANCE: Stop breached at Rs450.00
[2026-09-09 09:19:32] [CRITICAL] [STOP_BREACHED] ZYDUSLIFE: Stop breached at Rs1152.40
[2026-09-09 09:19:33] [CRITICAL] [STOP_BREACHED] JSFB: Stop breached at Rs534.65
[2026-09-09 09:19:33] [CRITICAL] [STOP_BREACHED] JMFINANCIL: Stop breached at Rs127.19
[2026-09-09 09:19:33] [CRITICAL] [STOP_BREACHED] ICICIGI: Stop breached at Rs1468.20
[2026-09-09 09:19:33] [CRITICAL] [STOP_BREACHED] MPHASIS: Stop breached at Rs2297.50
[2026-09-09 09:19:33] [CRITICAL] [STOP_BREACHED] ADANIENT: Stop breached at Rs2977.80
[2026-09-09 09:19:33] [CRITICAL] [STOP_BREACHED] DREDGECORP: Stop breached at Rs1050.00
[2026-09-09 09:19:33] [CRITICAL] [STOP_BREACHED] WAAREERTL: Stop breached at Rs842.60
[2026-09-09 09:19:33] [CRITICAL] [STOP_BREACHED] LODHA: Stop breached at Rs1207.20
[2026-09-09 09:19:33] [CRITICAL] [STOP_BREACHED] UPL: Stop breached at Rs572.50
[2026-09-09 09:19:33] [CRITICAL] [STOP_BREACHED] ORIENTCEM: Stop breached at Rs126.09
[2026-09-09 09:19:33] [CRITICAL] [STOP_BREACHED] ARE&M: Stop breached at Rs837.20
[2026-09-09 09:19:33] [CRITICAL] [STOP_BREACHED] VMART: Stop breached at Rs820.50
[2026-09-09 09:19:33] [CRITICAL] [STOP_BREACHED] ASTERDM: Stop breached at Rs782.75
[2026-09-09 09:19:33] [CRITICAL] [STOP_BREACHED] PRICOLLTD: Stop breached at Rs742.35
[2026-09-09 09:19:33] [CRITICAL] [STOP_BREACHED] JAYBARMARU: Stop breached at Rs115.83
[2026-09-09 09:19:33] [CRITICAL] [STOP_BREACHED] TIINDIA: Stop breached at Rs2649.20
[2026-09-09 09:19:33] [CRITICAL] [STOP_BREACHED] DEEPAKNTR: Stop breached at Rs1642.60
[2026-09-09 09:19:33] [CRITICAL] [STOP_BREACHED] ITC: Stop breached at Rs262.90
[2026-09-09 09:19:33] [CRITICAL] [STOP_BREACHED] AGIIL: Stop breached at Rs269.55
[2026-09-09 09:19:33] [CRITICAL] [STOP_BREACHED] ERIS: Stop breached at Rs1327.00
[2026-09-09 09:19:33] [CRITICAL] [STOP_BREACHED] USHAMART: Stop breached at Rs498.55
[2026-09-09 09:19:33] [CRITICAL] [STOP_BREACHED] HDFCBANK: Stop breached at Rs699.70
[2026-09-09 09:19:33] [CRITICAL] [STOP_BREACHED] TATACOMM: Stop breached at Rs1746.00
[2026-09-09 09:19:33] [CRITICAL] [STOP_BREACHED] JINDALSTEL: Stop breached at Rs1135.90
[2026-09-09 09:19:33] [CRITICAL] [STOP_BREACHED] APEX: Stop breached at Rs380.50
[2026-09-09 09:19:33] [CRITICAL] [STOP_BREACHED] SFL: Stop breached at Rs684.35
[2026-09-09 09:19:33] [CRITICAL] [STOP_BREACHED] KANSAINER: Stop breached at Rs191.40
[2026-09-09 09:19:33] [CRITICAL] [STOP_BREACHED] LLOYDSENGG: Stop breached at Rs82.05
[2026-09-09 09:19:33] [CRITICAL] [STOP_BREACHED] DALBHARAT: Stop breached at Rs1693.70
[2026-09-09 09:19:33] [CRITICAL] [STOP_BREACHED] SANDHAR: Stop breached at Rs623.80
[2026-09-09 09:19:33] [CRITICAL] [STOP_BREACHED] MOIL: Stop breached at Rs250.86
[2026-09-09 09:19:33] [CRITICAL] [STOP_BREACHED] BDL: Stop breached at Rs1236.00
[2026-09-09 09:19:33] [CRITICAL] [STOP_BREACHED] FIVESTAR: Stop breached at Rs521.15
[2026-09-09 09:19:33] [CRITICAL] [STOP_BREACHED] RPOWER: Stop breached at Rs22.24
[2026-09-09 09:19:33] [CRITICAL] [STOP_BREACHED] MOTHERSON: Stop breached at Rs162.61
[2026-09-09 09:19:33] [CRITICAL] [STOP_BREACHED] GRASIM: Stop breached at Rs3301.60
[2026-09-09 09:19:34] [CRITICAL] [STOP_BREACHED] RALLIS: Stop breached at Rs203.25
[2026-09-09 09:19:34] [CRITICAL] [STOP_BREACHED] MCLOUD: Stop breached at Rs25.88
[2026-09-09 09:19:34] [CRITICAL] [STOP_BREACHED] CHOLAFIN: Stop breached at Rs1817.70
[2026-09-09 09:19:34] [CRITICAL] [STOP_BREACHED] SAPPHIRE: Stop breached at Rs225.71
[2026-09-09 09:19:34] [CRITICAL] [STOP_BREACHED] GODREJPROP: Stop breached at Rs1898.60
[2026-09-09 09:19:34] [CRITICAL] [STOP_BREACHED] GATEWAY: Stop breached at Rs53.79
[2026-09-09 09:19:34] [CRITICAL] [STOP_BREACHED] HINDCOPPER: Stop breached at Rs538.70
[2026-09-09 09:19:34] [CRITICAL] [STOP_BREACHED] CENTENKA: Stop breached at Rs587.60
[2026-09-09 09:19:34] [CRITICAL] [STOP_BREACHED] INDIGOPNTS: Stop breached at Rs1126.60
[2026-09-09 09:19:34] [CRITICAL] [STOP_BREACHED] GPPL: Stop breached at Rs163.78
[2026-09-09 09:19:34] [CRITICAL] [STOP_BREACHED] MBEL: Stop breached at Rs267.55
[2026-09-09 09:19:34] [CRITICAL] [STOP_BREACHED] PATELENG: Stop breached at Rs26.86
[2026-09-09 09:19:34] [CRITICAL] [STOP_BREACHED] BSOFT: Stop breached at Rs278.00
[2026-09-09 09:19:34] [CRITICAL] [STOP_BREACHED] ASHOKLEY: Stop breached at Rs167.82
[2026-09-09 09:19:34] [CRITICAL] [STOP_BREACHED] LLOYDSENT: Stop breached at Rs71.17
[2026-09-09 09:19:34] [CRITICAL] [STOP_BREACHED] PRINCEPIPE: Stop breached at Rs284.70
[2026-09-09 09:19:34] [CRITICAL] [STOP_BREACHED] PFS: Stop breached at Rs27.58
[2026-09-09 09:19:34] [CRITICAL] [STOP_BREACHED] GREENPANEL: Stop breached at Rs161.38
[2026-09-09 09:19:34] [CRITICAL] [STOP_BREACHED] ICRA: Stop breached at Rs4822.00
[2026-09-09 09:19:34] [CRITICAL] [STOP_BREACHED] ADANIPOWER: Stop breached at Rs208.12
[2026-09-09 09:19:35] [CRITICAL] [STOP_BREACHED] MANAPPURAM: Stop breached at Rs321.45
[2026-09-09 09:19:35] [CRITICAL] [STOP_BREACHED] SBILIFE: Stop breached at Rs1691.40
[2026-09-09 09:19:35] [CRITICAL] [STOP_BREACHED] PNBHOUSING: Stop breached at Rs1164.10
[2026-09-09 09:19:35] [CRITICAL] [STOP_BREACHED] COFORGE: Stop breached at Rs1818.60
[2026-09-09 09:19:35] [CRITICAL] [STOP_BREACHED] HDFCAMC: Stop breached at Rs2440.00
[2026-09-09 09:19:35] [CRITICAL] [STOP_BREACHED] KEC: Stop breached at Rs404.60
[2026-09-09 09:19:35] [CRITICAL] [STOP_BREACHED] RAIN: Stop breached at Rs219.49
[2026-09-09 09:19:35] [CRITICAL] [STOP_BREACHED] AVANTEL: Stop breached at Rs157.98
[2026-09-09 09:19:35] [CRITICAL] [STOP_BREACHED] SHRIRAMFIN: Stop breached at Rs1023.10
[2026-09-09 09:19:35] [CRITICAL] [STOP_BREACHED] ASTRAMICRO: Stop breached at Rs1779.90
[2026-09-09 09:19:35] [CRITICAL] [STOP_BREACHED] FINPIPE: Stop breached at Rs157.26
[2026-09-09 09:19:35] [CRITICAL] [STOP_BREACHED] TANLA: Stop breached at Rs509.00
[2026-09-09 09:19:35] [CRITICAL] [STOP_BREACHED] GULPOLY: Stop breached at Rs181.90
[2026-09-09 09:19:35] [CRITICAL] [STOP_BREACHED] CANFINHOME: Stop breached at Rs793.20
[2026-09-09 09:19:35] [CRITICAL] [STOP_BREACHED] BERGEPAINT: Stop breached at Rs478.75
[2026-09-09 09:19:35] [CRITICAL] [STOP_BREACHED] CARBORUNIV: Stop breached at Rs1092.60
[2026-09-09 09:19:35] [CRITICAL] [STOP_BREACHED] IGIL: Stop breached at Rs314.85
[2026-09-09 09:19:35] [CRITICAL] [STOP_BREACHED] HIRECT: Stop breached at Rs1276.00
[2026-09-09 09:19:35] [CRITICAL] [STOP_BREACHED] ANDHRSUGAR: Stop breached at Rs98.26
[2026-09-09 09:19:35] [CRITICAL] [STOP_BREACHED] NESCO: Stop breached at Rs1116.80
[2026-09-09 09:19:35] [CRITICAL] [STOP_BREACHED] SJS: Stop breached at Rs2292.80
[2026-09-09 09:19:35] [CRITICAL] [STOP_BREACHED] SUZLON: Stop breached at Rs45.70
[2026-09-09 09:19:35] [CRITICAL] [STOP_BREACHED] GAEL: Stop breached at Rs166.65
[2026-09-09 09:19:35] [CRITICAL] [STOP_BREACHED] LTM: Stop breached at Rs4320.00
[2026-09-09 09:19:35] [CRITICAL] [STOP_BREACHED] EPIGRAL: Stop breached at Rs1182.00
[2026-09-09 09:19:35] [CRITICAL] [STOP_BREACHED] SOBHA: Stop breached at Rs1244.20
[2026-09-09 09:19:35] [CRITICAL] [STOP_BREACHED] PGHH: Stop breached at Rs7732.00
[2026-09-09 09:19:35] [CRITICAL] [STOP_BREACHED] FUSION: Stop breached at Rs198.96
[2026-09-09 09:19:35] [CRITICAL] [STOP_BREACHED] BHARTIARTL: Stop breached at Rs1818.30
[2026-09-09 09:19:35] [CRITICAL] [STOP_BREACHED] TSFINV: Stop breached at Rs421.80
[2026-09-09 09:19:35] [CRITICAL] [STOP_BREACHED] AVL: Stop breached at Rs629.85
[2026-09-09 09:19:35] [CRITICAL] [STOP_BREACHED] YATRA: Stop breached at Rs113.81
[2026-09-09 09:19:35] [CRITICAL] [STOP_BREACHED] TVSMOTOR: Stop breached at Rs4102.10
[2026-09-09 09:19:35] [CRITICAL] [STOP_BREACHED] UNIVCABLES: Stop breached at Rs1537.00
[2026-09-09 09:19:35] [CRITICAL] [STOP_BREACHED] PREMIERENE: Stop breached at Rs989.00
[2026-09-09 09:19:35] [CRITICAL] [STOP_BREACHED] DCMSHRIRAM: Stop breached at Rs1003.90
[2026-09-09 09:19:35] [CRITICAL] [STOP_BREACHED] SCI: Stop breached at Rs290.15
[2026-09-09 09:19:35] [CRITICAL] [STOP_BREACHED] TATATECH: Stop breached at Rs788.00
[2026-09-09 09:19:35] [CRITICAL] [STOP_BREACHED] MUTHOOTFIN: Stop breached at Rs2837.40
[2026-09-09 09:19:36] [CRITICAL] [STOP_BREACHED] BRITANNIA: Stop breached at Rs5044.00
[2026-09-09 09:19:36] [CRITICAL] [STOP_BREACHED] CARYSIL: Stop breached at Rs1183.90
[2026-09-09 09:19:36] [CRITICAL] [STOP_BREACHED] TATAPOWER: Stop breached at Rs364.65
[2026-09-09 09:19:36] [CRITICAL] [STOP_BREACHED] NATCOPHARM: Stop breached at Rs824.45
[2026-09-09 09:19:36] [CRITICAL] [STOP_BREACHED] UBL: Stop breached at Rs1251.00
[2026-09-09 09:19:36] [CRITICAL] [STOP_BREACHED] EFCIL: Stop breached at Rs185.61
[2026-09-09 09:19:36] [CRITICAL] [STOP_BREACHED] BAJAJELEC: Stop breached at Rs336.50
[2026-09-09 09:19:36] [CRITICAL] [STOP_BREACHED] GULFOILLUB: Stop breached at Rs1057.40
[2026-09-09 09:19:36] [CRITICAL] [STOP_BREACHED] SUVEN: Stop breached at Rs371.95
[2026-09-09 09:19:36] [CRITICAL] [STOP_BREACHED] HINDPETRO: Stop breached at Rs344.70
[2026-09-09 09:19:36] [CRITICAL] [STOP_BREACHED] KITEX: Stop breached at Rs127.30
[2026-09-09 09:19:36] [CRITICAL] [STOP_BREACHED] CREDITACC: Stop breached at Rs1410.50
[2026-09-09 09:19:36] [CRITICAL] [STOP_BREACHED] GREAVESCOT: Stop breached at Rs193.00
[2026-09-09 09:19:36] [CRITICAL] [STOP_BREACHED] TRENT: Stop breached at Rs2798.70
[2026-09-09 09:19:36] [CRITICAL] [STOP_BREACHED] RCF: Stop breached at Rs112.82
[2026-09-09 09:19:36] [CRITICAL] [STOP_BREACHED] IMFA: Stop breached at Rs1293.10
[2026-09-09 09:19:36] [CRITICAL] [STOP_BREACHED] LLOYDSME: Stop breached at Rs1808.00
[2026-09-09 09:19:36] [CRITICAL] [STOP_BREACHED] ACUTAAS: Stop breached at Rs3260.40
[2026-09-09 09:19:36] [CRITICAL] [STOP_BREACHED] GREENPLY: Stop breached at Rs295.55
[2026-09-09 09:19:36] [CRITICAL] [STOP_BREACHED] SATIN: Stop breached at Rs217.10
[2026-09-09 09:19:36] [CRITICAL] [STOP_BREACHED] AMBIKCO: Stop breached at Rs1635.20
[2026-09-09 09:19:36] [CRITICAL] [STOP_BREACHED] SUNFLAG: Stop breached at Rs336.75
[2026-09-09 09:19:36] [CRITICAL] [STOP_BREACHED] VBL: Stop breached at Rs399.70
[2026-09-09 09:19:36] [CRITICAL] [STOP_BREACHED] RKFORGE: Stop breached at Rs701.75
[2026-09-09 09:19:36] [CRITICAL] [STOP_BREACHED] FIRSTCRY: Stop breached at Rs175.30
[2026-09-09 09:19:36] [CRITICAL] [STOP_BREACHED] SPORTKING: Stop breached at Rs217.31
[2026-09-09 09:19:36] [CRITICAL] [STOP_BREACHED] PSPPROJECT: Stop breached at Rs882.00
[2026-09-09 09:19:36] [CRITICAL] [STOP_BREACHED] HARIOMPIPE: Stop breached at Rs365.85
[2026-09-09 09:19:36] [CRITICAL] [STOP_BREACHED] AJAXENGG: Stop breached at Rs581.10
[2026-09-09 09:19:36] [CRITICAL] [STOP_BREACHED] HUBTOWN: Stop breached at Rs184.40
[2026-09-09 09:19:36] [CRITICAL] [STOP_BREACHED] CAMS: Stop breached at Rs717.50
[2026-09-09 09:19:36] [CRITICAL] [STOP_BREACHED] AJMERA: Stop breached at Rs117.68
[2026-09-09 09:19:36] [CRITICAL] [STOP_BREACHED] UJJIVANSFB: Stop breached at Rs64.45
[2026-09-09 09:19:36] [CRITICAL] [STOP_BREACHED] PGIL: Stop breached at Rs2365.60
[2026-09-09 09:19:36] [CRITICAL] [STOP_BREACHED] HINDZINC: Stop breached at Rs598.50
[2026-09-09 09:19:37] [CRITICAL] [STOP_BREACHED] PERSISTENT: Stop breached at Rs5442.50
[2026-09-09 09:19:37] [CRITICAL] [STOP_BREACHED] NIBE: Stop breached at Rs1326.30
[2026-09-09 09:19:37] [CRITICAL] [STOP_BREACHED] SAREGAMA: Stop breached at Rs498.75
[2026-09-09 09:19:37] [CRITICAL] [STOP_BREACHED] ASKAUTOLTD: Stop breached at Rs614.50
[2026-09-09 09:19:37] [CRITICAL] [STOP_BREACHED] NEWGEN: Stop breached at Rs507.15
[2026-09-09 09:19:37] [CRITICAL] [STOP_BREACHED] LATENTVIEW: Stop breached at Rs256.25
[2026-09-09 09:19:37] [CRITICAL] [STOP_BREACHED] TITAGARH: Stop breached at Rs883.40
[2026-09-09 09:19:37] [CRITICAL] [STOP_BREACHED] ETERNAL: Stop breached at Rs319.85
[2026-09-09 09:19:37] [CRITICAL] [STOP_BREACHED] VIYASH: Stop breached at Rs260.40
[2026-09-09 09:19:37] [CRITICAL] [STOP_BREACHED] BHARATSE: Stop breached at Rs225.12
[2026-09-09 09:19:37] [CRITICAL] [STOP_BREACHED] THERMAX: Stop breached at Rs3644.50
[2026-09-09 09:19:37] [CRITICAL] [STOP_BREACHED] SHRIPISTON: Stop breached at Rs4417.90
[2026-09-09 09:19:37] [CRITICAL] [STOP_BREACHED] LXCHEM: Stop breached at Rs183.25
[2026-09-09 09:19:37] [CRITICAL] [STOP_BREACHED] CAMPUS: Stop breached at Rs217.00
[2026-09-09 09:19:37] [CRITICAL] [STOP_BREACHED] INDIAGLYCO: Stop breached at Rs301.30
[2026-09-09 09:19:37] [CRITICAL] [STOP_BREACHED] MEDIASSIST: Stop breached at Rs329.65
[2026-09-09 09:19:37] [CRITICAL] [STOP_BREACHED] RAMCOSYS: Stop breached at Rs606.00
[2026-09-09 09:19:37] [CRITICAL] [STOP_BREACHED] NITCO: Stop breached at Rs92.75
[2026-09-09 09:19:37] [CRITICAL] [STOP_BREACHED] MEDPLUS: Stop breached at Rs663.60
[2026-09-09 09:19:37] [CRITICAL] [STOP_BREACHED] BLUESTARCO: Stop breached at Rs1459.20
[2026-09-09 09:19:37] [CRITICAL] [STOP_BREACHED] INDNIPPON: Stop breached at Rs1114.70
[2026-09-09 09:19:37] [CRITICAL] [STOP_BREACHED] JYOTHYLAB: Stop breached at Rs193.29
[2026-09-09 09:19:37] [CRITICAL] [STOP_BREACHED] WABAG: Stop breached at Rs2123.80
[2026-09-09 09:19:37] [CRITICAL] [STOP_BREACHED] ENRIN: Stop breached at Rs3196.20
[2026-09-09 09:19:37] [CRITICAL] [STOP_BREACHED] SASKEN: Stop breached at Rs1883.40
[2026-09-09 09:19:37] [CRITICAL] [STOP_BREACHED] BIKAJI: Stop breached at Rs579.95
[2026-09-09 09:19:37] [CRITICAL] [STOP_BREACHED] TATACHEM: Stop breached at Rs604.20
[2026-09-09 09:19:37] [CRITICAL] [STOP_BREACHED] SHK: Stop breached at Rs147.01
[2026-09-09 09:19:37] [CRITICAL] [STOP_BREACHED] ZYDUSWELL: Stop breached at Rs559.25
[2026-09-09 09:19:37] [CRITICAL] [STOP_BREACHED] DABUR: Stop breached at Rs372.90
[2026-09-09 09:19:37] [CRITICAL] [STOP_BREACHED] GMRAIRPORT: Stop breached at Rs96.39
[2026-09-09 09:19:37] [CRITICAL] [STOP_BREACHED] GALLANTT: Stop breached at Rs567.30
[2026-09-09 09:19:37] [CRITICAL] [STOP_BREACHED] ARFIN: Stop breached at Rs91.77
[2026-09-09 09:19:37] [CRITICAL] [STOP_BREACHED] KPRMILL: Stop breached at Rs1148.80
[2026-09-09 09:19:37] [CRITICAL] [STOP_BREACHED] SUPREMEIND: Stop breached at Rs3556.90
[2026-09-09 09:19:37] [CRITICAL] [STOP_BREACHED] RPGLIFE: Stop breached at Rs2925.10
[2026-09-09 09:19:38] [CRITICAL] [STOP_BREACHED] SPMLINFRA: Stop breached at Rs175.60
[2026-09-09 09:19:38] [CRITICAL] [STOP_BREACHED] ELIN: Stop breached at Rs97.86
[2026-09-09 09:19:38] [CRITICAL] [STOP_BREACHED] AIAENG: Stop breached at Rs4223.80
[2026-09-09 09:19:38] [CRITICAL] [STOP_BREACHED] GARUDA: Stop breached at Rs180.65
[2026-09-09 09:19:38] [CRITICAL] [STOP_BREACHED] EMUDHRA: Stop breached at Rs507.00
[2026-09-09 09:19:38] [CRITICAL] [STOP_BREACHED] STYLAMIND: Stop breached at Rs3375.00
[2026-09-09 09:19:38] [CRITICAL] [STOP_BREACHED] VMM: Stop breached at Rs103.32
[2026-09-09 09:19:38] [CRITICAL] [STOP_BREACHED] CEMPRO: Stop breached at Rs1292.00
[2026-09-09 09:19:38] [CRITICAL] [STOP_BREACHED] MANYAVAR: Stop breached at Rs571.10
[2026-09-09 09:19:38] [CRITICAL] [STOP_BREACHED] CROMPTON: Stop breached at Rs229.68
[2026-09-09 09:19:38] [CRITICAL] [STOP_BREACHED] GODREJIND: Stop breached at Rs1130.10
[2026-09-09 09:19:38] [CRITICAL] [STOP_BREACHED] MEDANTA: Stop breached at Rs1440.00
[2026-09-09 09:19:38] [CRITICAL] [STOP_BREACHED] CHOLAHLDNG: Stop breached at Rs1515.00
[2026-09-09 09:19:38] [CRITICAL] [STOP_BREACHED] FSL: Stop breached at Rs256.30
[2026-09-09 09:19:38] [CRITICAL] [STOP_BREACHED] SHAILY: Stop breached at Rs3425.80
[2026-09-09 09:19:38] [CRITICAL] [STOP_BREACHED] ZENTEC: Stop breached at Rs1830.80
[2026-09-09 09:19:38] [CRITICAL] [STOP_BREACHED] APCOTEXIND: Stop breached at Rs610.95
[2026-09-09 09:19:38] [CRITICAL] [STOP_BREACHED] SUNTV: Stop breached at Rs453.30
[2026-09-09 09:19:38] [CRITICAL] [STOP_BREACHED] OLECTRA: Stop breached at Rs1212.50
[2026-09-09 09:19:38] [CRITICAL] [STOP_BREACHED] BLS: Stop breached at Rs235.70
[2026-09-09 09:19:38] [CRITICAL] [STOP_BREACHED] GABRIEL: Stop breached at Rs1371.10
[2026-09-09 09:19:38] [CRITICAL] [STOP_BREACHED] MASFIN: Stop breached at Rs284.20
[2026-09-09 09:19:38] [CRITICAL] [STOP_BREACHED] EMSLIMITED: Stop breached at Rs386.20
[2026-09-09 09:19:38] [CRITICAL] [STOP_BREACHED] TMPV: Stop breached at Rs303.55
[2026-09-09 09:19:38] [CRITICAL] [STOP_BREACHED] INFOBEAN: Stop breached at Rs157.52
[2026-09-09 09:19:38] [CRITICAL] [STOP_BREACHED] LUPIN: Stop breached at Rs2115.80
[2026-09-09 09:19:38] [CRITICAL] [STOP_BREACHED] HEROMOTOCO: Stop breached at Rs5269.00
[2026-09-09 09:19:38] [CRITICAL] [STOP_BREACHED] VOLTAS: Stop breached at Rs1141.50
[2026-09-09 09:19:38] [CRITICAL] [STOP_BREACHED] PIIND: Stop breached at Rs2386.20
[2026-09-09 09:19:38] [CRITICAL] [STOP_BREACHED] HUDCO: Stop breached at Rs178.00
[2026-09-09 09:19:38] [CRITICAL] [STOP_BREACHED] VIMTALABS: Stop breached at Rs625.00
[2026-09-09 09:19:38] [CRITICAL] [STOP_BREACHED] EUREKAFORB: Stop breached at Rs406.35
[2026-09-09 09:19:38] [CRITICAL] [STOP_BREACHED] MAPMYINDIA: Stop breached at Rs963.00
[2026-09-09 09:19:38] [CRITICAL] [STOP_BREACHED] COSMOFIRST: Stop breached at Rs908.05
[2026-09-09 09:19:38] [CRITICAL] [STOP_BREACHED] CHAMBLFERT: Stop breached at Rs417.00
[2026-09-09 09:19:38] [CRITICAL] [STOP_BREACHED] ELECON: Stop breached at Rs423.50
[2026-09-09 09:19:38] [CRITICAL] [STOP_BREACHED] ACI: Stop breached at Rs481.20
[2026-09-09 09:19:38] [CRITICAL] [STOP_BREACHED] ADFFOODS: Stop breached at Rs270.95
[2026-09-09 09:19:39] [CRITICAL] [STOP_BREACHED] JASH: Stop breached at Rs524.10
[2026-09-09 09:19:39] [CRITICAL] [STOP_BREACHED] VAIBHAVGBL: Stop breached at Rs216.71
[2026-09-09 09:19:39] [CRITICAL] [STOP_BREACHED] IDBI: Stop breached at Rs80.85
[2026-09-09 09:19:39] [CRITICAL] [STOP_BREACHED] GENUSPOWER: Stop breached at Rs334.10
[2026-09-09 09:19:39] [CRITICAL] [STOP_BREACHED] SWSOLAR: Stop breached at Rs183.50
[2026-09-09 09:19:39] [CRITICAL] [STOP_BREACHED] NUVAMA: Stop breached at Rs1813.30
[2026-09-09 09:19:39] [CRITICAL] [STOP_BREACHED] VIKRAMSOLR: Stop breached at Rs168.01
[2026-09-09 09:19:39] [CRITICAL] [STOP_BREACHED] BBOX: Stop breached at Rs763.10
[2026-09-09 09:19:39] [CRITICAL] [STOP_BREACHED] RVNL: Stop breached at Rs207.94
[2026-09-09 09:19:39] [CRITICAL] [STOP_BREACHED] OPTIEMUS: Stop breached at Rs555.40
[2026-09-09 09:19:39] [CRITICAL] [STOP_BREACHED] VTL: Stop breached at Rs588.15
[2026-09-09 09:19:39] [CRITICAL] [STOP_BREACHED] GRMOVER: Stop breached at Rs87.20
[2026-09-09 09:19:39] [CRITICAL] [STOP_BREACHED] JKLAKSHMI: Stop breached at Rs496.50
[2026-09-09 09:19:39] [CRITICAL] [STOP_BREACHED] CLEAN: Stop breached at Rs828.20
[2026-09-09 09:19:39] [CRITICAL] [STOP_BREACHED] NACLIND: Stop breached at Rs161.00
[2026-09-09 09:19:39] [CRITICAL] [STOP_BREACHED] CSBBANK: Stop breached at Rs308.65
[2026-09-09 09:19:39] [CRITICAL] [STOP_BREACHED] DEEPAKFERT: Stop breached at Rs1340.60
[2026-09-09 09:19:39] [CRITICAL] [STOP_BREACHED] SONATSOFTW: Stop breached at Rs268.65
[2026-09-09 09:19:39] [CRITICAL] [STOP_BREACHED] NAM-INDIA: Stop breached at Rs1182.90
[2026-09-09 09:19:39] [CRITICAL] [STOP_BREACHED] DATAMATICS: Stop breached at Rs741.20
[2026-09-09 09:19:39] [CRITICAL] [STOP_BREACHED] FIEMIND: Stop breached at Rs2032.50
[2026-09-09 09:19:39] [CRITICAL] [STOP_BREACHED] ATULAUTO: Stop breached at Rs457.70
[2026-09-09 09:19:39] [CRITICAL] [STOP_BREACHED] PFIZER: Stop breached at Rs4243.10
[2026-09-09 09:19:39] [CRITICAL] [STOP_BREACHED] AFFLE: Stop breached at Rs1609.30
[2026-09-09 09:19:40] [CRITICAL] [STOP_BREACHED] AVANTIFEED: Stop breached at Rs824.75
[2026-09-09 09:19:40] [CRITICAL] [STOP_BREACHED] TIIL: Stop breached at Rs3166.50
[2026-09-09 09:19:40] [CRITICAL] [STOP_BREACHED] BHARATFORG: Stop breached at Rs1991.00
[2026-09-09 09:19:40] [CRITICAL] [STOP_BREACHED] CUB: Stop breached at Rs233.16
[2026-09-09 09:19:40] [CRITICAL] [STOP_BREACHED] TARIL: Stop breached at Rs296.70
[2026-09-09 09:19:40] [CRITICAL] [STOP_BREACHED] HCG: Stop breached at Rs693.80
[2026-09-09 09:19:40] [CRITICAL] [STOP_BREACHED] J&KBANK: Stop breached at Rs146.42
[2026-09-09 09:19:40] [CRITICAL] [STOP_BREACHED] TALBROAUTO: Stop breached at Rs425.80
[2026-09-09 09:19:40] [CRITICAL] [STOP_BREACHED] MAYURUNIQ: Stop breached at Rs743.65
[2026-09-09 09:19:40] [CRITICAL] [STOP_BREACHED] IIFL: Stop breached at Rs616.10
[2026-09-09 09:19:40] [CRITICAL] [STOP_BREACHED] AEGISLOG: Stop breached at Rs1288.90
[2026-09-09 09:19:40] [CRITICAL] [STOP_BREACHED] STARCEMENT: Stop breached at Rs194.20
[2026-09-09 09:19:40] [CRITICAL] [STOP_BREACHED] SOUTHWEST: Stop breached at Rs239.70
[2026-09-09 09:19:40] [CRITICAL] [STOP_BREACHED] TIMETECHNO: Stop breached at Rs188.20
[2026-09-09 09:19:40] [CRITICAL] [STOP_BREACHED] JUSTDIAL: Stop breached at Rs686.35
[2026-09-09 09:19:40] [CRITICAL] [STOP_BREACHED] EIHOTEL: Stop breached at Rs295.05
[2026-09-09 09:19:40] [CRITICAL] [STOP_BREACHED] FILATEX: Stop breached at Rs76.12
[2026-09-09 09:19:40] [CRITICAL] [STOP_BREACHED] AAVAS: Stop breached at Rs1284.50
[2026-09-09 09:19:40] [CRITICAL] [STOP_BREACHED] PURVA: Stop breached at Rs215.85
[2026-09-09 09:21:07] [CRITICAL] [STOP_BREACHED] JUBLINGREA: Stop breached at Rs673.20
[2026-09-09 09:21:08] [CRITICAL] [STOP_BREACHED] DLF: Stop breached at Rs668.30
[2026-09-09 09:21:08] [CRITICAL] [STOP_BREACHED] SURYODAY: Stop breached at Rs153.00
[2026-09-09 09:21:09] [CRITICAL] [STOP_BREACHED] EXICOM: Stop breached at Rs177.00
[2026-09-09 09:21:09] [CRITICAL] [STOP_BREACHED] HEIDELBERG: Stop breached at Rs159.80
[2026-09-09 09:21:09] [CRITICAL] [STOP_BREACHED] THOMASCOOK: Stop breached at Rs108.60
[2026-09-09 09:21:11] [CRITICAL] [STOP_BREACHED] RICOAUTO: Stop breached at Rs130.85
[2026-09-09 09:21:11] [CRITICAL] [STOP_BREACHED] BALAMINES: Stop breached at Rs2440.40
[2026-09-09 09:21:12] [CRITICAL] [STOP_BREACHED] PARADEEP: Stop breached at Rs159.31
[2026-09-09 09:21:12] [CRITICAL] [STOP_BREACHED] SAKAR: Stop breached at Rs1120.00
[2026-09-09 09:21:14] [CRITICAL] [STOP_BREACHED] TEXRAIL: Stop breached at Rs117.45
[2026-09-09 09:22:48] [CRITICAL] [STOP_BREACHED] ANANTRAJ: Stop breached at Rs616.40
[2026-09-09 09:24:20] [CRITICAL] [STOP_BREACHED] SENORES: Stop breached at Rs1489.00
[2026-09-09 09:25:45] [CRITICAL] [STOP_BREACHED] UNOMINDA: Stop breached at Rs1227.60
[2026-09-09 09:27:20] [CRITICAL] [STOP_BREACHED] NAZARA: Stop breached at Rs363.15
[2026-09-09 09:28:55] [INFO] [VALID_BREAKOUT] ARVIND: Confirmed breakout at Rs589.00, RVOL 1.51x
[2026-09-09 09:33:36] [INFO] [TARGET_1_HIT] GRAPHITE: Reached Target 1 (Rs834.03) at Rs836.00
[2026-09-09 09:35:02] [CRITICAL] [STOP_BREACHED] SIRCA: Stop breached at Rs432.40
[2026-09-09 09:36:37] [CRITICAL] [STOP_BREACHED] GNA: Stop breached at Rs548.30
[2026-09-09 09:38:58] [CRITICAL] [STOP_BREACHED] HYUNDAI: Stop breached at Rs2200.00
[2026-09-09 09:41:22] [CRITICAL] [STOP_BREACHED] LINCOLN: Stop breached at Rs634.00
[2026-09-09 09:44:24] [CRITICAL] [STOP_BREACHED] KOTAKBANK: Stop breached at Rs417.70
[2026-09-09 09:46:58] [CRITICAL] [STOP_BREACHED] NH: Stop breached at Rs1882.10
[2026-09-09 09:50:14] [CRITICAL] [STOP_BREACHED] MONTECARLO: Stop breached at Rs556.05
[2026-09-09 09:54:18] [INFO] [VALID_BREAKOUT] GPIL: Confirmed breakout at Rs249.63, RVOL 4.42x
[2026-09-09 10:00:14] [INFO] [VALID_BREAKOUT] FCL: Confirmed breakout at Rs60.34, RVOL 1.8x
[2026-09-09 10:03:10] [CRITICAL] [STOP_BREACHED] GLENMARK: Stop breached at Rs2441.10
[2026-09-09 10:05:50] [CRITICAL] [STOP_BREACHED] JNKINDIA: Stop breached at Rs435.05
[2026-09-09 10:05:58] [CRITICAL] [STOP_BREACHED] NPST: Stop breached at Rs1656.80
[2026-09-09 10:08:21] [CRITICAL] [STOP_BREACHED] CARERATING: Stop breached at Rs1714.20
[2026-09-09 10:10:22] [CRITICAL] [STOP_BREACHED] SUNDRMFAST: Stop breached at Rs1228.50
[2026-09-09 10:11:54] [CRITICAL] [STOP_BREACHED] SPIC: Stop breached at Rs70.40
[2026-09-09 10:13:23] [CRITICAL] [STOP_BREACHED] ABSLAMC: Stop breached at Rs1016.10
[2026-09-09 10:14:57] [INFO] [VALID_BREAKOUT] RISHABH: Confirmed breakout at Rs846.60, RVOL 1.53x
[2026-09-09 10:14:57] [INFO] [VALID_BREAKOUT] ELLEN: Confirmed breakout at Rs348.35, RVOL 1.68x
[2026-09-09 10:24:55] [INFO] [VALID_BREAKOUT] ADANIPORTS: Confirmed breakout at Rs1761.00, RVOL 1.75x
[2026-09-09 10:26:36] [CRITICAL] [STOP_BREACHED] NEOGEN: Stop breached at Rs2232.00
[2026-09-09 10:29:40] [CRITICAL] [STOP_BREACHED] AETHER: Stop breached at Rs1636.80
[2026-09-09 10:32:40] [CRITICAL] [STOP_BREACHED] NLCINDIA: Stop breached at Rs271.80
[2026-09-09 10:34:19] [CRITICAL] [STOP_BREACHED] INGERRAND: Stop breached at Rs4750.10
[2026-09-09 10:37:25] [INFO] [VALID_BREAKOUT] NOCIL: Confirmed breakout at Rs187.81, RVOL 2.25x
[2026-09-09 10:40:31] [CRITICAL] [STOP_BREACHED] KSB: Stop breached at Rs808.10
[2026-09-09 10:45:21] [CRITICAL] [STOP_BREACHED] RELIGARE: Stop breached at Rs249.49
[2026-09-09 10:50:09] [CRITICAL] [STOP_BREACHED] VIJAYA: Stop breached at Rs1511.20
[2026-09-09 10:56:30] [INFO] [VALID_BREAKOUT] WOCKPHARMA: Confirmed breakout at Rs2254.80, RVOL 1.69x
[2026-09-09 10:58:00] [INFO] [VALID_BREAKOUT] BANCOINDIA: Confirmed breakout at Rs642.15, RVOL 4.3x
[2026-09-09 11:03:00] [CRITICAL] [STOP_BREACHED] ANANDRATHI: Stop breached at Rs2195.70
[2026-09-09 11:04:39] [INFO] [VALID_BREAKOUT] ASAHIINDIA: Confirmed breakout at Rs975.95, RVOL 11.7x
[2026-09-09 11:09:35] [CRITICAL] [STOP_BREACHED] PPLPHARMA: Stop breached at Rs220.05
[2026-09-09 11:13:34] [INFO] [VALID_BREAKOUT] SANATHAN: Confirmed breakout at Rs483.20, RVOL 1.89x
[2026-09-09 11:18:51] [CRITICAL] [STOP_BREACHED] CRISIL: Stop breached at Rs4678.20
[2026-09-09 11:19:02] [INFO] [VALID_BREAKOUT] APOLLO: Confirmed breakout at Rs427.70, RVOL 1.62x
[2026-09-09 11:20:59] [CRITICAL] [STOP_BREACHED] HOMEFIRST: Stop breached at Rs1200.80
[2026-09-09 11:29:17] [INFO] [VALID_BREAKOUT] CONFIPET: Confirmed breakout at Rs89.34, RVOL 3.45x
[2026-09-09 11:29:18] [INFO] [VALID_BREAKOUT] CHENNPETRO: Confirmed breakout at Rs1564.00, RVOL 2.24x
[2026-09-09 11:52:15] [CRITICAL] [STOP_BREACHED] TEXINFRA: Stop breached at Rs116.63
[2026-09-09 12:04:58] [CRITICAL] [STOP_BREACHED] GUJTHEM: Stop breached at Rs435.65
[2026-09-09 14:52:21] [INFO] [VALID_BREAKOUT] MRPL: Confirmed breakout at Rs186.30, RVOL 1.98x
[2026-09-09 14:52:24] [CRITICAL] [STOP_BREACHED] ACMESOLAR: Stop breached at Rs403.50
[2026-09-09 14:52:25] [CRITICAL] [STOP_BREACHED] ACE: Stop breached at Rs1123.70
[2026-09-09 14:52:26] [CRITICAL] [STOP_BREACHED] ELGIEQUIP: Stop breached at Rs619.60
[2026-09-09 14:52:27] [CRITICAL] [STOP_BREACHED] CARTRADE: Stop breached at Rs3038.50
[2026-09-09 14:52:28] [INFO] [VALID_BREAKOUT] INDNIPPON: Confirmed breakout at Rs1291.00, RVOL 3.39x
[2026-09-10 09:56:58] [CRITICAL] [STOP_BREACHED] DELHIVERY: Stop breached at Rs446.85
[2026-09-10 09:56:58] [CRITICAL] [STOP_BREACHED] FORTIS: Stop breached at Rs912.75
[2026-09-10 09:56:58] [CRITICAL] [STOP_BREACHED] POLICYBZR: Stop breached at Rs1792.30
[2026-09-10 09:56:58] [CRITICAL] [STOP_BREACHED] SBFC: Stop breached at Rs98.88
[2026-09-10 09:56:58] [CRITICAL] [STOP_BREACHED] KSB: Stop breached at Rs802.00
[2026-09-10 09:56:59] [CRITICAL] [STOP_BREACHED] INDIGO: Stop breached at Rs4878.00
[2026-09-10 09:56:59] [CRITICAL] [STOP_BREACHED] MMTC: Stop breached at Rs62.94
[2026-09-10 09:56:59] [CRITICAL] [STOP_BREACHED] VEDL: Stop breached at Rs273.50
[2026-09-10 09:57:00] [CRITICAL] [STOP_BREACHED] SENCO: Stop breached at Rs355.30
[2026-09-10 09:57:00] [CRITICAL] [STOP_BREACHED] CDSL: Stop breached at Rs1367.60
[2026-09-10 09:57:00] [CRITICAL] [STOP_BREACHED] AMBER: Stop breached at Rs7220.50
[2026-09-10 09:57:00] [CRITICAL] [STOP_BREACHED] ENDURANCE: Stop breached at Rs2705.60
[2026-09-10 09:57:00] [CRITICAL] [STOP_BREACHED] SAGILITY: Stop breached at Rs44.74
[2026-09-10 09:57:01] [CRITICAL] [STOP_BREACHED] LICI: Stop breached at Rs404.55
[2026-09-10 09:57:01] [CRITICAL] [STOP_BREACHED] JSWENERGY: Stop breached at Rs528.75
[2026-09-10 09:57:01] [CRITICAL] [STOP_BREACHED] SHARDACROP: Stop breached at Rs782.15
[2026-09-10 09:57:01] [CRITICAL] [STOP_BREACHED] JSLL: Stop breached at Rs511.00
[2026-09-10 09:57:01] [CRITICAL] [STOP_BREACHED] EMBDL: Stop breached at Rs58.02
[2026-09-10 09:57:01] [CRITICAL] [STOP_BREACHED] INTERARCH: Stop breached at Rs1747.90
[2026-09-10 09:57:01] [CRITICAL] [STOP_BREACHED] SWANCORP: Stop breached at Rs276.80
[2026-09-10 09:57:01] [CRITICAL] [STOP_BREACHED] GRAVITA: Stop breached at Rs1702.60
[2026-09-10 09:57:01] [CRITICAL] [STOP_BREACHED] BEL: Stop breached at Rs405.10
[2026-09-10 09:57:02] [CRITICAL] [STOP_BREACHED] ASHAPURMIN: Stop breached at Rs545.00
[2026-09-10 09:57:02] [CRITICAL] [STOP_BREACHED] SURYAROSNI: Stop breached at Rs220.17
[2026-09-10 09:57:02] [CRITICAL] [STOP_BREACHED] AGIIL: Stop breached at Rs283.00
[2026-09-10 09:57:02] [CRITICAL] [STOP_BREACHED] CUMMINSIND: Stop breached at Rs5148.00
[2026-09-10 09:57:02] [CRITICAL] [STOP_BREACHED] NTPCGREEN: Stop breached at Rs87.85
[2026-09-10 09:57:02] [CRITICAL] [STOP_BREACHED] SHAKTIPUMP: Stop breached at Rs506.20
[2026-09-10 09:57:02] [CRITICAL] [STOP_BREACHED] BANKBEES: Stop breached at Rs585.99
[2026-09-10 09:57:03] [CRITICAL] [STOP_BREACHED] DCXINDIA: Stop breached at Rs171.12
[2026-09-10 09:57:03] [CRITICAL] [STOP_BREACHED] INDGN: Stop breached at Rs585.25
[2026-09-10 09:57:03] [CRITICAL] [STOP_BREACHED] KIRLOSBROS: Stop breached at Rs1845.80
[2026-09-10 09:57:03] [CRITICAL] [STOP_BREACHED] TORNTPHARM: Stop breached at Rs4955.50
[2026-09-10 09:57:03] [CRITICAL] [STOP_BREACHED] RPSGVENT: Stop breached at Rs859.20
[2026-09-10 09:57:03] [CRITICAL] [STOP_BREACHED] ORIENTELEC: Stop breached at Rs174.57
[2026-09-10 09:57:03] [CRITICAL] [STOP_BREACHED] VIPIND: Stop breached at Rs306.35
[2026-09-10 09:57:03] [CRITICAL] [STOP_BREACHED] UNOMINDA: Stop breached at Rs1228.70
[2026-09-10 09:57:03] [CRITICAL] [STOP_BREACHED] GESHIP: Stop breached at Rs1405.80
[2026-09-10 09:57:04] [CRITICAL] [STOP_BREACHED] ESCORTS: Stop breached at Rs2976.10
[2026-09-10 09:57:04] [CRITICAL] [STOP_BREACHED] CIPLA: Stop breached at Rs1375.60
[2026-09-10 09:57:04] [CRITICAL] [STOP_BREACHED] PROTEAN: Stop breached at Rs498.00
[2026-09-10 09:57:04] [CRITICAL] [STOP_BREACHED] MAHLOG: Stop breached at Rs400.10
[2026-09-10 09:57:04] [CRITICAL] [STOP_BREACHED] SWARAJENG: Stop breached at Rs3599.00
[2026-09-10 09:57:04] [CRITICAL] [STOP_BREACHED] CANBK: Stop breached at Rs126.29
[2026-09-10 09:57:04] [CRITICAL] [STOP_BREACHED] DOMS: Stop breached at Rs2187.50
[2026-09-10 09:57:05] [CRITICAL] [STOP_BREACHED] NBCC: Stop breached at Rs84.00
[2026-09-10 09:57:05] [CRITICAL] [STOP_BREACHED] NAVA: Stop breached at Rs561.30
[2026-09-10 09:57:05] [CRITICAL] [STOP_BREACHED] GARUDA: Stop breached at Rs179.45
[2026-09-10 09:57:05] [CRITICAL] [STOP_BREACHED] ELECTCAST: Stop breached at Rs79.45
[2026-09-10 09:57:05] [CRITICAL] [STOP_BREACHED] ANURAS: Stop breached at Rs1232.30
[2026-09-10 09:57:05] [CRITICAL] [STOP_BREACHED] PATANJALI: Stop breached at Rs340.90
[2026-09-10 09:57:05] [CRITICAL] [STOP_BREACHED] TITAN: Stop breached at Rs5014.50
[2026-09-10 09:57:05] [CRITICAL] [STOP_BREACHED] RITES: Stop breached at Rs213.24
[2026-09-10 09:57:06] [CRITICAL] [STOP_BREACHED] GHCL: Stop breached at Rs427.05
[2026-09-10 09:57:06] [CRITICAL] [STOP_BREACHED] INDIAMART: Stop breached at Rs1668.20
[2026-09-10 09:57:06] [CRITICAL] [STOP_BREACHED] DRREDDY: Stop breached at Rs1139.40
[2026-09-10 09:57:06] [CRITICAL] [STOP_BREACHED] SYNGENE: Stop breached at Rs388.50
[2026-09-10 09:57:06] [CRITICAL] [STOP_BREACHED] SUNPHARMA: Stop breached at Rs1856.80
[2026-09-10 09:57:06] [CRITICAL] [STOP_BREACHED] SOUTHBANK: Stop breached at Rs46.08
[2026-09-10 09:57:06] [CRITICAL] [STOP_BREACHED] TATAELXSI: Stop breached at Rs3444.70
[2026-09-10 09:57:06] [CRITICAL] [STOP_BREACHED] MOLDTKPAC: Stop breached at Rs690.25
[2026-09-10 09:57:06] [CRITICAL] [STOP_BREACHED] MUFIN: Stop breached at Rs135.20
[2026-09-10 09:57:06] [CRITICAL] [STOP_BREACHED] TRITURBINE: Stop breached at Rs561.00
[2026-09-10 09:57:07] [CRITICAL] [STOP_BREACHED] SIEMENS: Stop breached at Rs3931.50
[2026-09-10 09:57:07] [CRITICAL] [STOP_BREACHED] CAMPUS: Stop breached at Rs215.86
[2026-09-10 09:57:07] [CRITICAL] [STOP_BREACHED] WAAREEENER: Stop breached at Rs2569.10
[2026-09-10 09:57:07] [CRITICAL] [STOP_BREACHED] TIPSMUSIC: Stop breached at Rs649.15
[2026-09-10 09:57:07] [CRITICAL] [STOP_BREACHED] ABREL: Stop breached at Rs1330.20
[2026-09-10 09:57:07] [CRITICAL] [STOP_BREACHED] JBMA: Stop breached at Rs614.50
[2026-09-10 09:57:07] [CRITICAL] [STOP_BREACHED] CHOICEIN: Stop breached at Rs753.85
[2026-09-10 09:57:07] [CRITICAL] [STOP_BREACHED] IOC: Stop breached at Rs135.45
[2026-09-10 09:57:07] [CRITICAL] [STOP_BREACHED] SUPRIYA: Stop breached at Rs917.20
[2026-09-10 09:57:08] [CRITICAL] [STOP_BREACHED] MASTERTR: Stop breached at Rs93.72
[2026-09-10 09:57:08] [CRITICAL] [STOP_BREACHED] TRIDENT: Stop breached at Rs23.81
[2026-09-10 09:57:08] [CRITICAL] [STOP_BREACHED] BHARTIHEXA: Stop breached at Rs1545.00
[2026-09-10 09:57:08] [CRITICAL] [STOP_BREACHED] NIFTYBEES: Stop breached at Rs267.73
[2026-09-10 09:57:08] [CRITICAL] [STOP_BREACHED] FDC: Stop breached at Rs352.75
[2026-09-10 09:57:08] [CRITICAL] [STOP_BREACHED] WALCHANNAG: Stop breached at Rs212.82
[2026-09-10 09:57:08] [CRITICAL] [STOP_BREACHED] EIEL: Stop breached at Rs210.15
[2026-09-10 09:57:08] [CRITICAL] [STOP_BREACHED] PARACABLES: Stop breached at Rs67.63
[2026-09-10 09:57:08] [CRITICAL] [STOP_BREACHED] SUNDROP: Stop breached at Rs674.00
[2026-09-10 09:57:08] [CRITICAL] [STOP_BREACHED] BLUEJET: Stop breached at Rs575.85
[2026-09-10 09:57:09] [CRITICAL] [STOP_BREACHED] BANKINDIA: Stop breached at Rs141.74
[2026-09-10 09:57:09] [CRITICAL] [STOP_BREACHED] KALAMANDIR: Stop breached at Rs84.59
[2026-09-10 09:57:09] [CRITICAL] [STOP_BREACHED] LTF: Stop breached at Rs307.75
[2026-09-10 09:57:09] [CRITICAL] [STOP_BREACHED] HONASA: Stop breached at Rs477.70
[2026-09-10 09:57:09] [CRITICAL] [STOP_BREACHED] SPARC: Stop breached at Rs201.03
[2026-09-10 09:57:09] [CRITICAL] [STOP_BREACHED] BANSALWIRE: Stop breached at Rs309.60
[2026-09-10 09:57:09] [CRITICAL] [STOP_BREACHED] SCI: Stop breached at Rs288.35
[2026-09-10 09:57:09] [CRITICAL] [STOP_BREACHED] RELIANCE: Stop breached at Rs1276.00
[2026-09-10 09:57:09] [CRITICAL] [STOP_BREACHED] BORORENEW: Stop breached at Rs500.80
[2026-09-10 09:57:09] [CRITICAL] [STOP_BREACHED] SANOFI: Stop breached at Rs3113.00
[2026-09-10 09:57:09] [CRITICAL] [STOP_BREACHED] ICICIBANK: Stop breached at Rs1386.10
[2026-09-10 09:57:10] [CRITICAL] [STOP_BREACHED] JUBLFOOD: Stop breached at Rs472.80
[2026-09-10 09:57:10] [CRITICAL] [STOP_BREACHED] KEC: Stop breached at Rs404.35
[2026-09-10 09:57:10] [CRITICAL] [STOP_BREACHED] AXISBANK: Stop breached at Rs1250.00
[2026-09-10 09:57:10] [CRITICAL] [STOP_BREACHED] NESTLEIND: Stop breached at Rs1393.10
[2026-09-10 09:57:10] [CRITICAL] [STOP_BREACHED] PGHL: Stop breached at Rs5489.00
[2026-09-10 09:57:10] [CRITICAL] [STOP_BREACHED] TIMKEN: Stop breached at Rs3141.10
[2026-09-10 09:57:10] [CRITICAL] [STOP_BREACHED] RTNINDIA: Stop breached at Rs27.70
[2026-09-10 09:57:10] [CRITICAL] [STOP_BREACHED] SIRCA: Stop breached at Rs431.05
[2026-09-10 09:57:10] [CRITICAL] [STOP_BREACHED] GMRP&UI: Stop breached at Rs94.71
[2026-09-10 09:57:11] [CRITICAL] [STOP_BREACHED] RAILTEL: Stop breached at Rs265.45
[2026-09-10 09:57:11] [CRITICAL] [STOP_BREACHED] VINATIORGA: Stop breached at Rs1331.00
[2026-09-10 09:57:11] [CRITICAL] [STOP_BREACHED] CASTROLIND: Stop breached at Rs188.93
[2026-09-10 09:57:11] [CRITICAL] [STOP_BREACHED] BASF: Stop breached at Rs3759.10
[2026-09-10 09:57:11] [CRITICAL] [STOP_BREACHED] CCL: Stop breached at Rs1092.30
[2026-09-10 09:57:11] [CRITICAL] [STOP_BREACHED] PRINCEPIPE: Stop breached at Rs282.00
[2026-09-10 09:57:11] [CRITICAL] [STOP_BREACHED] GREAVESCOT: Stop breached at Rs194.99
[2026-09-10 09:57:11] [CRITICAL] [STOP_BREACHED] MGL: Stop breached at Rs1093.60
[2026-09-10 09:57:11] [CRITICAL] [STOP_BREACHED] IOB: Stop breached at Rs33.02
[2026-09-10 09:57:11] [CRITICAL] [STOP_BREACHED] DLF: Stop breached at Rs658.15
[2026-09-10 09:57:12] [CRITICAL] [STOP_BREACHED] ATUL: Stop breached at Rs6288.00
[2026-09-10 09:57:12] [CRITICAL] [STOP_BREACHED] AMBUJACEM: Stop breached at Rs395.20
[2026-09-10 09:57:12] [CRITICAL] [STOP_BREACHED] MINDACORP: Stop breached at Rs703.65
[2026-09-10 09:57:12] [CRITICAL] [STOP_BREACHED] APOLLOTYRE: Stop breached at Rs418.50
[2026-09-10 09:57:12] [CRITICAL] [STOP_BREACHED] COROMANDEL: Stop breached at Rs1949.80
[2026-09-10 09:57:12] [CRITICAL] [STOP_BREACHED] RIIL: Stop breached at Rs727.95
[2026-09-10 09:57:12] [CRITICAL] [STOP_BREACHED] CESC: Stop breached at Rs149.58
[2026-09-10 09:57:12] [CRITICAL] [STOP_BREACHED] AUBANK: Stop breached at Rs1052.30
[2026-09-10 09:57:12] [CRITICAL] [STOP_BREACHED] CENTRALBK: Stop breached at Rs30.84
[2026-09-10 09:57:12] [CRITICAL] [STOP_BREACHED] LT: Stop breached at Rs3918.00
[2026-09-10 09:57:12] [CRITICAL] [STOP_BREACHED] INDUSINDBK: Stop breached at Rs1000.60
[2026-09-10 09:57:13] [CRITICAL] [STOP_BREACHED] IEX: Stop breached at Rs117.66
[2026-09-10 09:57:13] [CRITICAL] [STOP_BREACHED] SAFARI: Stop breached at Rs1533.80
[2026-09-10 09:57:13] [CRITICAL] [STOP_BREACHED] SHARDAMOTR: Stop breached at Rs914.50
[2026-09-10 09:57:13] [CRITICAL] [STOP_BREACHED] AMRUTANJAN: Stop breached at Rs498.30
[2026-09-10 09:57:13] [CRITICAL] [STOP_BREACHED] IFBIND: Stop breached at Rs1272.50
[2026-09-10 09:57:13] [CRITICAL] [STOP_BREACHED] RELAXO: Stop breached at Rs337.70
[2026-09-10 09:57:13] [CRITICAL] [STOP_BREACHED] ABB: Stop breached at Rs7369.00
[2026-09-10 09:57:13] [CRITICAL] [STOP_BREACHED] BAJAJHFL: Stop breached at Rs82.75
[2026-09-10 09:57:13] [CRITICAL] [STOP_BREACHED] MPSLTD: Stop breached at Rs2744.90
[2026-09-10 09:57:13] [CRITICAL] [STOP_BREACHED] STARHEALTH: Stop breached at Rs566.85
[2026-09-10 09:57:14] [CRITICAL] [STOP_BREACHED] GRSE: Stop breached at Rs2486.90
[2026-09-10 09:57:14] [CRITICAL] [STOP_BREACHED] VRLLOG: Stop breached at Rs287.40
[2026-09-10 09:57:14] [CRITICAL] [STOP_BREACHED] EPACK: Stop breached at Rs188.26
[2026-09-10 09:57:14] [CRITICAL] [STOP_BREACHED] DATAMATICS: Stop breached at Rs767.80
[2026-09-10 09:57:14] [CRITICAL] [STOP_BREACHED] PIDILITIND: Stop breached at Rs1571.00
[2026-09-10 09:57:14] [CRITICAL] [STOP_BREACHED] SWSOLAR: Stop breached at Rs184.11
[2026-09-10 09:57:14] [CRITICAL] [STOP_BREACHED] ADVENZYMES: Stop breached at Rs304.20
[2026-09-10 09:57:14] [CRITICAL] [STOP_BREACHED] YESBANK: Stop breached at Rs22.33
[2026-09-10 09:57:14] [CRITICAL] [STOP_BREACHED] BAYERCROP: Stop breached at Rs3965.90
[2026-09-10 09:57:14] [CRITICAL] [STOP_BREACHED] AGARWALEYE: Stop breached at Rs512.45
[2026-09-10 09:57:14] [CRITICAL] [STOP_BREACHED] BAJAJFINSV: Stop breached at Rs1931.20
[2026-09-10 09:57:14] [CRITICAL] [STOP_BREACHED] CEIGALL: Stop breached at Rs373.00
[2026-09-10 09:57:14] [CRITICAL] [STOP_BREACHED] INDRAMEDCO: Stop breached at Rs359.10
[2026-09-10 09:57:15] [CRITICAL] [STOP_BREACHED] BPCL: Stop breached at Rs304.35
[2026-09-10 09:57:15] [CRITICAL] [STOP_BREACHED] BBTC: Stop breached at Rs1440.60
[2026-09-10 09:57:15] [CRITICAL] [STOP_BREACHED] SRF: Stop breached at Rs2541.40
[2026-09-10 09:57:15] [CRITICAL] [STOP_BREACHED] JWL: Stop breached at Rs245.04
[2026-09-10 09:57:15] [CRITICAL] [STOP_BREACHED] JKCEMENT: Stop breached at Rs4934.50
[2026-09-10 09:57:15] [CRITICAL] [STOP_BREACHED] RAMCOCEM: Stop breached at Rs862.10
[2026-09-10 09:57:15] [CRITICAL] [STOP_BREACHED] GNFC: Stop breached at Rs571.55
[2026-09-10 09:57:15] [CRITICAL] [STOP_BREACHED] TTML: Stop breached at Rs36.26
[2026-09-10 09:57:15] [CRITICAL] [STOP_BREACHED] ARVSMART: Stop breached at Rs608.35
[2026-09-10 09:57:16] [CRITICAL] [STOP_BREACHED] ACC: Stop breached at Rs1255.40
[2026-09-10 09:57:16] [CRITICAL] [STOP_BREACHED] GODIGIT: Stop breached at Rs254.00
[2026-09-10 09:57:16] [CRITICAL] [STOP_BREACHED] DMART: Stop breached at Rs3706.30
[2026-09-10 09:57:16] [CRITICAL] [STOP_BREACHED] SIGNATURE: Stop breached at Rs781.95
[2026-09-10 09:57:16] [CRITICAL] [STOP_BREACHED] VMART: Stop breached at Rs812.55
[2026-09-10 09:57:16] [CRITICAL] [STOP_BREACHED] BOMDYEING: Stop breached at Rs112.95
[2026-09-10 09:57:16] [CRITICAL] [STOP_BREACHED] SGFIN: Stop breached at Rs679.50
[2026-09-10 09:57:16] [CRITICAL] [STOP_BREACHED] ARVINDFASN: Stop breached at Rs449.35
[2026-09-10 09:57:16] [CRITICAL] [STOP_BREACHED] ANGELONE: Stop breached at Rs300.25
[2026-09-10 09:57:17] [CRITICAL] [STOP_BREACHED] TATAINVEST: Stop breached at Rs656.25
[2026-09-10 09:57:17] [CRITICAL] [STOP_BREACHED] SAMMAANCAP: Stop breached at Rs149.76
[2026-09-10 09:57:17] [CRITICAL] [STOP_BREACHED] WIPRO: Stop breached at Rs167.91
[2026-09-10 09:57:17] [CRITICAL] [STOP_BREACHED] APTUS: Stop breached at Rs255.34
[2026-09-10 09:57:17] [CRITICAL] [STOP_BREACHED] JSWINFRA: Stop breached at Rs341.60
[2026-09-10 09:57:17] [CRITICAL] [STOP_BREACHED] INGERRAND: Stop breached at Rs4584.20
[2026-09-10 09:57:17] [CRITICAL] [STOP_BREACHED] GULFOILLUB: Stop breached at Rs1079.20
[2026-09-10 09:57:17] [CRITICAL] [STOP_BREACHED] NMDC: Stop breached at Rs85.59
[2026-09-10 09:57:17] [CRITICAL] [STOP_BREACHED] ZFCVINDIA: Stop breached at Rs2469.80
[2026-09-10 09:57:18] [CRITICAL] [STOP_BREACHED] INOXWIND: Stop breached at Rs77.29
[2026-09-10 09:57:18] [CRITICAL] [STOP_BREACHED] JMFINANCIL: Stop breached at Rs128.47
[2026-09-10 09:57:18] [CRITICAL] [STOP_BREACHED] BATAINDIA: Stop breached at Rs662.10
[2026-09-10 09:57:18] [CRITICAL] [STOP_BREACHED] PHOENIXLTD: Stop breached at Rs1893.70
[2026-09-10 09:57:18] [CRITICAL] [STOP_BREACHED] EQUITASBNK: Stop breached at Rs72.40
[2026-09-10 09:57:18] [CRITICAL] [STOP_BREACHED] KAYNES: Stop breached at Rs3566.00
[2026-09-10 09:57:18] [CRITICAL] [STOP_BREACHED] HINDUNILVR: Stop breached at Rs1947.00
[2026-09-10 09:57:18] [CRITICAL] [STOP_BREACHED] VERANDA: Stop breached at Rs234.32
[2026-09-10 09:57:18] [CRITICAL] [STOP_BREACHED] INDIANB: Stop breached at Rs862.05
[2026-09-10 09:57:18] [CRITICAL] [STOP_BREACHED] SKFINDIA: Stop breached at Rs1534.50
[2026-09-10 09:57:19] [CRITICAL] [STOP_BREACHED] HINDALCO: Stop breached at Rs1022.50
[2026-09-10 09:57:19] [CRITICAL] [STOP_BREACHED] BIOCON: Stop breached at Rs392.95
[2026-09-10 09:57:19] [CRITICAL] [STOP_BREACHED] PIIND: Stop breached at Rs2386.70
[2026-09-10 09:57:19] [CRITICAL] [STOP_BREACHED] BANKBARODA: Stop breached at Rs237.70
[2026-09-10 09:57:19] [CRITICAL] [STOP_BREACHED] MUNJALAU: Stop breached at Rs109.80
[2026-09-10 09:57:19] [CRITICAL] [STOP_BREACHED] DBL: Stop breached at Rs418.40
[2026-09-10 09:57:19] [CRITICAL] [STOP_BREACHED] KRISHNADEF: Stop breached at Rs1089.20
[2026-09-10 09:57:19] [CRITICAL] [STOP_BREACHED] BBL: Stop breached at Rs2254.20
[2026-09-10 09:57:19] [CRITICAL] [STOP_BREACHED] SAIL: Stop breached at Rs186.35
[2026-09-10 09:57:19] [CRITICAL] [STOP_BREACHED] HDBFS: Stop breached at Rs672.50
[2026-09-10 09:57:20] [CRITICAL] [STOP_BREACHED] PRAJIND: Stop breached at Rs330.55
[2026-09-10 09:57:20] [CRITICAL] [STOP_BREACHED] GICRE: Stop breached at Rs348.45
[2026-09-10 09:57:20] [CRITICAL] [STOP_BREACHED] INDUSTOWER: Stop breached at Rs371.40
[2026-09-10 09:57:20] [CRITICAL] [STOP_BREACHED] GILLETTE: Stop breached at Rs7420.00
[2026-09-10 09:57:20] [CRITICAL] [STOP_BREACHED] REPCOHOME: Stop breached at Rs356.10
[2026-09-10 09:57:20] [CRITICAL] [STOP_BREACHED] UNIONBANK: Stop breached at Rs182.90
[2026-09-10 09:57:20] [CRITICAL] [STOP_BREACHED] LTTS: Stop breached at Rs3392.10
[2026-09-10 09:57:20] [CRITICAL] [STOP_BREACHED] PDSL: Stop breached at Rs347.85
[2026-09-10 09:57:20] [CRITICAL] [STOP_BREACHED] CELLO: Stop breached at Rs338.95
[2026-09-10 09:57:20] [CRITICAL] [STOP_BREACHED] ABDL: Stop breached at Rs603.00
[2026-09-10 09:57:20] [CRITICAL] [STOP_BREACHED] RAYMONDREL: Stop breached at Rs577.30
[2026-09-10 09:57:20] [CRITICAL] [STOP_BREACHED] WHIRLPOOL: Stop breached at Rs791.00
[2026-09-10 09:57:21] [CRITICAL] [STOP_BREACHED] GUJALKALI: Stop breached at Rs718.75
[2026-09-10 09:57:21] [CRITICAL] [STOP_BREACHED] POLYMED: Stop breached at Rs1746.20
[2026-09-10 09:57:21] [CRITICAL] [STOP_BREACHED] ELGIEQUIP: Stop breached at Rs606.15
[2026-09-10 09:57:21] [CRITICAL] [STOP_BREACHED] GOKULAGRO: Stop breached at Rs230.23
[2026-09-10 09:57:21] [CRITICAL] [STOP_BREACHED] INTELLECT: Stop breached at Rs685.65
[2026-09-10 09:57:21] [CRITICAL] [STOP_BREACHED] 360ONE: Stop breached at Rs1094.60
[2026-09-10 09:57:21] [CRITICAL] [STOP_BREACHED] UCOBANK: Stop breached at Rs24.07
[2026-09-10 09:57:21] [CRITICAL] [STOP_BREACHED] FEDFINA: Stop breached at Rs159.53
[2026-09-10 09:57:21] [CRITICAL] [STOP_BREACHED] ALKEM: Stop breached at Rs5153.50
[2026-09-10 09:57:21] [CRITICAL] [STOP_BREACHED] RAJRATAN: Stop breached at Rs524.30
[2026-09-10 09:57:22] [CRITICAL] [STOP_BREACHED] AVANTIFEED: Stop breached at Rs802.85
[2026-09-10 09:57:22] [CRITICAL] [STOP_BREACHED] TEJASNET: Stop breached at Rs573.30
[2026-09-10 09:57:22] [CRITICAL] [STOP_BREACHED] MOSCHIP: Stop breached at Rs211.25
[2026-09-10 09:57:22] [CRITICAL] [STOP_BREACHED] AWL: Stop breached at Rs187.75
[2026-09-10 09:57:22] [CRITICAL] [STOP_BREACHED] CEATLTD: Stop breached at Rs3305.00
[2026-09-10 09:57:22] [CRITICAL] [STOP_BREACHED] KMEW: Stop breached at Rs2945.90
[2026-09-10 09:57:22] [CRITICAL] [STOP_BREACHED] KARURVYSYA: Stop breached at Rs338.30
[2026-09-10 09:57:22] [CRITICAL] [STOP_BREACHED] ZAGGLE: Stop breached at Rs180.04
[2026-09-10 09:57:22] [CRITICAL] [STOP_BREACHED] VGUARD: Stop breached at Rs331.35
[2026-09-10 09:57:22] [CRITICAL] [STOP_BREACHED] ITCHOTELS: Stop breached at Rs156.27
[2026-09-10 09:57:23] [CRITICAL] [STOP_BREACHED] KFINTECH: Stop breached at Rs910.15
[2026-09-10 09:57:23] [CRITICAL] [STOP_BREACHED] KSCL: Stop breached at Rs723.60
[2026-09-10 09:57:23] [CRITICAL] [STOP_BREACHED] METROBRAND: Stop breached at Rs948.25
[2026-09-10 09:57:23] [CRITICAL] [STOP_BREACHED] HEIDELBERG: Stop breached at Rs159.90
[2026-09-10 09:57:23] [CRITICAL] [STOP_BREACHED] NCC: Stop breached at Rs143.35
[2026-09-10 09:57:23] [CRITICAL] [STOP_BREACHED] PREMIERENE: Stop breached at Rs971.10
[2026-09-10 09:57:23] [CRITICAL] [STOP_BREACHED] ABCAPITAL: Stop breached at Rs397.30
[2026-09-10 09:57:23] [CRITICAL] [STOP_BREACHED] KPITTECH: Stop breached at Rs553.75
[2026-09-10 09:57:24] [CRITICAL] [STOP_BREACHED] MONARCH: Stop breached at Rs370.60
[2026-09-10 09:57:24] [CRITICAL] [STOP_BREACHED] ADANIGREEN: Stop breached at Rs1307.00
[2026-09-10 09:57:24] [CRITICAL] [STOP_BREACHED] FACT: Stop breached at Rs791.65
[2026-09-10 09:57:24] [CRITICAL] [STOP_BREACHED] ROLEXRINGS: Stop breached at Rs175.12
[2026-09-10 09:57:24] [CRITICAL] [STOP_BREACHED] POLYPLEX: Stop breached at Rs1143.00
[2026-09-10 09:57:24] [CRITICAL] [STOP_BREACHED] AURIONPRO: Stop breached at Rs676.00
[2026-09-10 09:57:24] [CRITICAL] [STOP_BREACHED] JIOFIN: Stop breached at Rs231.64
[2026-09-10 09:57:24] [CRITICAL] [STOP_BREACHED] CGPOWER: Stop breached at Rs913.85
[2026-09-10 09:57:24] [CRITICAL] [STOP_BREACHED] RAYMONDLSL: Stop breached at Rs673.20
[2026-09-10 09:57:25] [CRITICAL] [STOP_BREACHED] TECHNOE: Stop breached at Rs997.10
[2026-09-10 09:57:25] [CRITICAL] [STOP_BREACHED] NTPC: Stop breached at Rs334.40
[2026-09-10 09:57:25] [CRITICAL] [STOP_BREACHED] AARTIIND: Stop breached at Rs498.45
[2026-09-10 09:57:25] [CRITICAL] [STOP_BREACHED] ORCHPHARMA: Stop breached at Rs1024.55
[2026-09-10 09:57:25] [CRITICAL] [STOP_BREACHED] PREMEXPLN: Stop breached at Rs667.15
[2026-09-10 09:57:25] [CRITICAL] [STOP_BREACHED] GNA: Stop breached at Rs544.25
[2026-09-10 09:57:25] [CRITICAL] [STOP_BREACHED] KPIL: Stop breached at Rs1411.70
[2026-09-10 09:57:25] [CRITICAL] [STOP_BREACHED] SANOFICONR: Stop breached at Rs4042.50
[2026-09-10 09:57:25] [CRITICAL] [STOP_BREACHED] RADICO: Stop breached at Rs4454.10
[2026-09-10 09:57:25] [CRITICAL] [STOP_BREACHED] KALYANKJIL: Stop breached at Rs615.10
[2026-09-10 09:57:26] [CRITICAL] [STOP_BREACHED] MARICO: Stop breached at Rs803.25
[2026-09-10 09:57:26] [CRITICAL] [STOP_BREACHED] NETWORK18: Stop breached at Rs27.00
[2026-09-10 09:57:26] [CRITICAL] [STOP_BREACHED] SUMICHEM: Stop breached at Rs484.40
[2026-09-10 09:57:26] [CRITICAL] [STOP_BREACHED] GODFRYPHLP: Stop breached at Rs1996.70
[2026-09-10 09:57:26] [CRITICAL] [STOP_BREACHED] EICHERMOT: Stop breached at Rs7664.00
[2026-09-10 09:57:26] [CRITICAL] [STOP_BREACHED] RHIM: Stop breached at Rs381.25
[2026-09-10 09:57:26] [CRITICAL] [STOP_BREACHED] DOLLAR: Stop breached at Rs270.75
[2026-09-10 09:57:26] [CRITICAL] [STOP_BREACHED] UNITDSPR: Stop breached at Rs1407.50
[2026-09-10 09:57:26] [CRITICAL] [STOP_BREACHED] ALKYLAMINE: Stop breached at Rs1957.60
[2026-09-10 09:57:26] [CRITICAL] [STOP_BREACHED] IRFC: Stop breached at Rs82.11
[2026-09-10 09:57:27] [CRITICAL] [STOP_BREACHED] SIS: Stop breached at Rs427.15
[2026-09-10 09:57:27] [CRITICAL] [STOP_BREACHED] SONACOMS: Stop breached at Rs802.25
[2026-09-10 09:57:27] [CRITICAL] [STOP_BREACHED] AFCONS: Stop breached at Rs272.30
[2026-09-10 09:57:27] [CRITICAL] [STOP_BREACHED] GSFC: Stop breached at Rs159.98
[2026-09-10 09:57:27] [CRITICAL] [STOP_BREACHED] IRCTC: Stop breached at Rs473.75
[2026-09-10 09:57:27] [CRITICAL] [STOP_BREACHED] MSUMI: Stop breached at Rs36.57
[2026-09-10 09:57:27] [CRITICAL] [STOP_BREACHED] HDFCLIFE: Stop breached at Rs512.95
[2026-09-10 09:57:27] [CRITICAL] [STOP_BREACHED] OBEROIRLTY: Stop breached at Rs1791.50
[2026-09-10 09:57:27] [CRITICAL] [STOP_BREACHED] THYROCARE: Stop breached at Rs566.10
[2026-09-10 09:57:27] [CRITICAL] [STOP_BREACHED] CLSEL: Stop breached at Rs303.20
[2026-09-10 09:57:27] [CRITICAL] [STOP_BREACHED] TECHM: Stop breached at Rs1533.40
[2026-09-10 09:57:28] [CRITICAL] [STOP_BREACHED] SOUTHWEST: Stop breached at Rs220.09
[2026-09-10 09:57:28] [CRITICAL] [STOP_BREACHED] SUPRAJIT: Stop breached at Rs490.00
[2026-09-10 09:57:28] [CRITICAL] [STOP_BREACHED] MAPMYINDIA: Stop breached at Rs957.50
[2026-09-10 09:57:28] [CRITICAL] [STOP_BREACHED] ARMANFIN: Stop breached at Rs2056.40
[2026-09-10 09:57:28] [CRITICAL] [STOP_BREACHED] V2RETAIL: Stop breached at Rs219.68
[2026-09-10 09:57:28] [CRITICAL] [STOP_BREACHED] IKS: Stop breached at Rs1784.70
[2026-09-10 09:57:28] [CRITICAL] [STOP_BREACHED] JSWCEMENT: Stop breached at Rs120.86
[2026-09-10 09:57:29] [CRITICAL] [STOP_BREACHED] GANECOS: Stop breached at Rs1042.20
[2026-09-10 09:57:29] [CRITICAL] [STOP_BREACHED] HAVELLS: Stop breached at Rs1123.00
[2026-09-10 09:57:29] [CRITICAL] [STOP_BREACHED] DEVYANI: Stop breached at Rs138.24
[2026-09-10 09:57:29] [CRITICAL] [STOP_BREACHED] CIEINDIA: Stop breached at Rs384.00
[2026-09-10 09:57:29] [CRITICAL] [STOP_BREACHED] HEXT: Stop breached at Rs512.80
[2026-09-10 09:57:29] [CRITICAL] [STOP_BREACHED] INFY: Stop breached at Rs1041.80
[2026-09-10 09:57:29] [CRITICAL] [STOP_BREACHED] M&M: Stop breached at Rs3117.20
[2026-09-10 09:57:29] [CRITICAL] [STOP_BREACHED] ESABINDIA: Stop breached at Rs5889.00
[2026-09-10 09:57:29] [CRITICAL] [STOP_BREACHED] AJANTPHARM: Stop breached at Rs3512.20
[2026-09-10 09:57:30] [CRITICAL] [STOP_BREACHED] IGL: Stop breached at Rs153.82
[2026-09-10 09:57:30] [CRITICAL] [STOP_BREACHED] FEDERALBNK: Stop breached at Rs344.35
[2026-09-10 09:57:30] [CRITICAL] [STOP_BREACHED] EMCURE: Stop breached at Rs1948.40
[2026-09-10 09:57:30] [CRITICAL] [STOP_BREACHED] CAMLINFINE: Stop breached at Rs104.28
[2026-09-10 09:57:30] [CRITICAL] [STOP_BREACHED] LEMONTREE: Stop breached at Rs106.37
[2026-09-10 09:57:30] [CRITICAL] [STOP_BREACHED] AURUM: Stop breached at Rs221.29
[2026-09-10 09:57:30] [CRITICAL] [STOP_BREACHED] ROTO: Stop breached at Rs66.11
[2026-09-10 09:57:30] [CRITICAL] [STOP_BREACHED] JSWSTEEL: Stop breached at Rs1307.30
[2026-09-10 09:57:30] [CRITICAL] [STOP_BREACHED] SANDUMA: Stop breached at Rs200.31
[2026-09-10 09:57:31] [CRITICAL] [STOP_BREACHED] ZENSARTECH: Stop breached at Rs435.55
[2026-09-10 09:57:31] [CRITICAL] [STOP_BREACHED] ICICIPRULI: Stop breached at Rs462.65
[2026-09-10 09:57:31] [CRITICAL] [STOP_BREACHED] TATACONSUM: Stop breached at Rs1004.20
[2026-09-10 09:57:31] [CRITICAL] [STOP_BREACHED] RSYSTEMS: Stop breached at Rs243.69
[2026-09-10 09:57:31] [CRITICAL] [STOP_BREACHED] EIDPARRY: Stop breached at Rs749.00
[2026-09-10 09:57:31] [CRITICAL] [STOP_BREACHED] EVEREADY: Stop breached at Rs355.00
[2026-09-10 09:57:31] [CRITICAL] [STOP_BREACHED] GUJTHEM: Stop breached at Rs427.80
[2026-09-10 09:57:31] [CRITICAL] [STOP_BREACHED] IREDA: Stop breached at Rs112.87
[2026-09-10 09:57:31] [CRITICAL] [STOP_BREACHED] TVSSCS: Stop breached at Rs125.12
[2026-09-10 09:57:31] [CRITICAL] [STOP_BREACHED] MAZDOCK: Stop breached at Rs2403.00
[2026-09-10 09:57:31] [CRITICAL] [STOP_BREACHED] PETRONET: Stop breached at Rs290.00
[2026-09-10 09:57:32] [CRITICAL] [STOP_BREACHED] ANANDRATHI: Stop breached at Rs2183.10
[2026-09-10 09:57:32] [CRITICAL] [STOP_BREACHED] YASHO: Stop breached at Rs4020.00
[2026-09-10 09:57:32] [CRITICAL] [STOP_BREACHED] MFSL: Stop breached at Rs1466.00
[2026-09-10 09:57:32] [CRITICAL] [STOP_BREACHED] M&MFIN: Stop breached at Rs361.85
[2026-09-10 09:57:32] [CRITICAL] [STOP_BREACHED] MPHASIS: Stop breached at Rs2325.50
[2026-09-10 09:57:32] [CRITICAL] [STOP_BREACHED] TCS: Stop breached at Rs2221.50
[2026-09-10 09:57:32] [CRITICAL] [STOP_BREACHED] EXIDEIND: Stop breached at Rs421.35
[2026-09-10 09:57:32] [CRITICAL] [STOP_BREACHED] PRIVISCL: Stop breached at Rs3483.00
[2026-09-10 09:57:32] [CRITICAL] [STOP_BREACHED] BLUESTONE: Stop breached at Rs867.50
[2026-09-10 09:57:33] [CRITICAL] [STOP_BREACHED] ETHOSLTD: Stop breached at Rs2738.60
[2026-09-10 09:57:33] [CRITICAL] [STOP_BREACHED] ASTERDM: Stop breached at Rs769.85
[2026-09-10 09:57:33] [CRITICAL] [STOP_BREACHED] ERIS: Stop breached at Rs1329.70
[2026-09-10 09:57:33] [CRITICAL] [STOP_BREACHED] MOTHERSON: Stop breached at Rs163.82
[2026-09-10 09:57:33] [CRITICAL] [STOP_BREACHED] ORIENTCEM: Stop breached at Rs125.51
[2026-09-10 09:57:33] [CRITICAL] [STOP_BREACHED] AADHARHFC: Stop breached at Rs470.50
[2026-09-10 09:57:33] [CRITICAL] [STOP_BREACHED] BAJFINANCE: Stop breached at Rs1045.30
[2026-09-10 09:57:33] [CRITICAL] [STOP_BREACHED] SBIN: Stop breached at Rs1008.60
[2026-09-10 09:57:33] [CRITICAL] [STOP_BREACHED] NUVOCO: Stop breached at Rs334.65
[2026-09-10 09:57:34] [CRITICAL] [STOP_BREACHED] DEEPAKNTR: Stop breached at Rs1650.90
[2026-09-10 09:57:34] [CRITICAL] [STOP_BREACHED] LODHA: Stop breached at Rs1151.40
[2026-09-10 09:57:34] [CRITICAL] [STOP_BREACHED] PARADEEP: Stop breached at Rs156.84
[2026-09-10 09:57:34] [CRITICAL] [STOP_BREACHED] BIRLACORPN: Stop breached at Rs838.85
[2026-09-10 09:57:34] [CRITICAL] [STOP_BREACHED] AEGISVOPAK: Stop breached at Rs295.00
[2026-09-10 09:57:34] [CRITICAL] [STOP_BREACHED] KDDL: Stop breached at Rs3918.10
[2026-09-10 09:57:34] [CRITICAL] [STOP_BREACHED] MANKIND: Stop breached at Rs2267.30
[2026-09-10 09:57:35] [CRITICAL] [STOP_BREACHED] VADILALIND: Stop breached at Rs7471.50
[2026-09-10 09:57:35] [CRITICAL] [STOP_BREACHED] MOBIKWIK: Stop breached at Rs194.75
[2026-09-10 09:57:35] [CRITICAL] [STOP_BREACHED] PNBHOUSING: Stop breached at Rs1148.20
[2026-09-10 09:57:35] [CRITICAL] [STOP_BREACHED] ACMESOLAR: Stop breached at Rs397.25
[2026-09-10 09:57:35] [CRITICAL] [STOP_BREACHED] PRESTIGE: Stop breached at Rs1532.80
[2026-09-10 09:57:35] [CRITICAL] [STOP_BREACHED] KOTAKBANK: Stop breached at Rs414.25
[2026-09-10 09:57:35] [CRITICAL] [STOP_BREACHED] ZYDUSLIFE: Stop breached at Rs1129.00
[2026-09-10 09:57:35] [CRITICAL] [STOP_BREACHED] MHRIL: Stop breached at Rs199.54
[2026-09-10 09:57:35] [CRITICAL] [STOP_BREACHED] TARSONS: Stop breached at Rs316.75
[2026-09-10 09:57:36] [CRITICAL] [STOP_BREACHED] INDIGOPNTS: Stop breached at Rs1100.80
[2026-09-10 09:57:36] [CRITICAL] [STOP_BREACHED] VSTTILLERS: Stop breached at Rs4120.30
[2026-09-10 09:57:36] [CRITICAL] [STOP_BREACHED] JINDALSTEL: Stop breached at Rs1139.20
[2026-09-10 09:57:36] [CRITICAL] [STOP_BREACHED] SUBROS: Stop breached at Rs716.60
[2026-09-10 09:57:36] [CRITICAL] [STOP_BREACHED] TIIL: Stop breached at Rs3137.90
[2026-09-10 09:57:36] [CRITICAL] [STOP_BREACHED] NAUKRI: Stop breached at Rs1272.80
[2026-09-10 09:57:36] [CRITICAL] [STOP_BREACHED] DAMCAPITAL: Stop breached at Rs144.47
[2026-09-10 09:57:37] [CRITICAL] [STOP_BREACHED] GRINDWELL: Stop breached at Rs1897.20
[2026-09-10 09:57:37] [CRITICAL] [STOP_BREACHED] ARE&M: Stop breached at Rs835.05
[2026-09-10 09:57:37] [CRITICAL] [STOP_BREACHED] RALLIS: Stop breached at Rs204.20
[2026-09-10 09:57:37] [CRITICAL] [STOP_BREACHED] JSFB: Stop breached at Rs528.85
[2026-09-10 09:57:37] [CRITICAL] [STOP_BREACHED] SJVN: Stop breached at Rs66.67
[2026-09-10 09:57:37] [CRITICAL] [STOP_BREACHED] CARBORUNIV: Stop breached at Rs1119.70
[2026-09-10 09:57:37] [CRITICAL] [STOP_BREACHED] ICRA: Stop breached at Rs4790.60
[2026-09-10 09:57:37] [CRITICAL] [STOP_BREACHED] APEX: Stop breached at Rs377.15
[2026-09-10 09:57:38] [CRITICAL] [STOP_BREACHED] USHAMART: Stop breached at Rs493.10
[2026-09-10 09:57:38] [CRITICAL] [STOP_BREACHED] SUVEN: Stop breached at Rs361.15
[2026-09-10 09:57:38] [CRITICAL] [STOP_BREACHED] GODREJPROP: Stop breached at Rs1850.30
[2026-09-10 09:57:38] [CRITICAL] [STOP_BREACHED] PATELENG: Stop breached at Rs27.39
[2026-09-10 09:57:38] [CRITICAL] [STOP_BREACHED] TIINDIA: Stop breached at Rs2659.00
[2026-09-10 09:57:38] [CRITICAL] [STOP_BREACHED] UPL: Stop breached at Rs575.95
[2026-09-10 09:57:38] [CRITICAL] [STOP_BREACHED] JKTYRE: Stop breached at Rs357.55
[2026-09-10 09:57:38] [CRITICAL] [STOP_BREACHED] MAMATA: Stop breached at Rs415.85
[2026-09-10 09:57:38] [CRITICAL] [STOP_BREACHED] FIVESTAR: Stop breached at Rs531.45
[2026-09-10 09:57:38] [CRITICAL] [STOP_BREACHED] GREENPLY: Stop breached at Rs295.45
[2026-09-10 09:57:39] [CRITICAL] [STOP_BREACHED] SOBHA: Stop breached at Rs1229.40
[2026-09-10 09:57:39] [CRITICAL] [STOP_BREACHED] AETHER: Stop breached at Rs1592.50
[2026-09-10 09:57:39] [CRITICAL] [STOP_BREACHED] HCLTECH: Stop breached at Rs1222.00
[2026-09-10 09:57:39] [CRITICAL] [STOP_BREACHED] SANDHAR: Stop breached at Rs635.80
[2026-09-10 09:57:39] [CRITICAL] [STOP_BREACHED] MOIL: Stop breached at Rs253.00
[2026-09-10 09:57:39] [CRITICAL] [STOP_BREACHED] TARC: Stop breached at Rs130.20
[2026-09-10 09:57:39] [CRITICAL] [STOP_BREACHED] ITC: Stop breached at Rs262.80
[2026-09-10 09:57:39] [CRITICAL] [STOP_BREACHED] GANESHHOU: Stop breached at Rs770.70
[2026-09-10 09:57:40] [CRITICAL] [STOP_BREACHED] DALBHARAT: Stop breached at Rs1722.20
[2026-09-10 09:57:40] [CRITICAL] [STOP_BREACHED] GRASIM: Stop breached at Rs3290.00
[2026-09-10 09:57:40] [CRITICAL] [STOP_BREACHED] ICICIGI: Stop breached at Rs1470.90
[2026-09-10 09:57:40] [CRITICAL] [STOP_BREACHED] CARYSIL: Stop breached at Rs1182.50
[2026-09-10 09:57:40] [CRITICAL] [STOP_BREACHED] TI: Stop breached at Rs540.05
[2026-09-10 09:57:40] [CRITICAL] [STOP_BREACHED] DREDGECORP: Stop breached at Rs1048.70
[2026-09-10 09:57:40] [CRITICAL] [STOP_BREACHED] TSFINV: Stop breached at Rs425.50
[2026-09-10 09:57:40] [CRITICAL] [STOP_BREACHED] GOKEX: Stop breached at Rs778.60
[2026-09-10 09:57:40] [CRITICAL] [STOP_BREACHED] COSMOFIRST: Stop breached at Rs908.45
[2026-09-10 09:57:41] [CRITICAL] [STOP_BREACHED] COHANCE: Stop breached at Rs447.30
[2026-09-10 09:57:41] [CRITICAL] [STOP_BREACHED] RAIN: Stop breached at Rs221.44
[2026-09-10 09:57:41] [CRITICAL] [STOP_BREACHED] PGEL: Stop breached at Rs543.80
[2026-09-10 09:57:41] [CRITICAL] [STOP_BREACHED] NESCO: Stop breached at Rs1111.10
[2026-09-10 09:57:41] [CRITICAL] [STOP_BREACHED] LLOYDSENT: Stop breached at Rs70.55
[2026-09-10 09:57:41] [CRITICAL] [STOP_BREACHED] POONAWALLA: Stop breached at Rs453.25
[2026-09-10 09:57:41] [CRITICAL] [STOP_BREACHED] SHRIRAMFIN: Stop breached at Rs1029.50
[2026-09-10 09:57:41] [CRITICAL] [STOP_BREACHED] CHOLAFIN: Stop breached at Rs1835.00
[2026-09-10 09:57:42] [CRITICAL] [STOP_BREACHED] TATACOMM: Stop breached at Rs1778.50
[2026-09-10 09:57:42] [CRITICAL] [STOP_BREACHED] SAKSOFT: Stop breached at Rs149.80
[2026-09-10 09:57:42] [CRITICAL] [STOP_BREACHED] BRITANNIA: Stop breached at Rs5064.50
[2026-09-10 09:57:42] [CRITICAL] [STOP_BREACHED] LLOYDSME: Stop breached at Rs1820.00
[2026-09-10 09:57:42] [CRITICAL] [STOP_BREACHED] BALAMINES: Stop breached at Rs2397.00
[2026-09-10 09:57:42] [CRITICAL] [STOP_BREACHED] HIRECT: Stop breached at Rs1292.80
[2026-09-10 09:57:42] [CRITICAL] [STOP_BREACHED] BSOFT: Stop breached at Rs281.65
[2026-09-10 09:57:42] [CRITICAL] [STOP_BREACHED] PGHH: Stop breached at Rs7632.00
[2026-09-10 09:57:43] [CRITICAL] [STOP_BREACHED] ROUTE: Stop breached at Rs502.10
[2026-09-10 09:57:43] [CRITICAL] [STOP_BREACHED] GLOBUSSPR: Stop breached at Rs843.30
[2026-09-10 09:57:43] [CRITICAL] [STOP_BREACHED] SUZLON: Stop breached at Rs45.31
[2026-09-10 09:57:43] [CRITICAL] [STOP_BREACHED] TATATECH: Stop breached at Rs796.50
[2026-09-10 09:57:43] [CRITICAL] [STOP_BREACHED] STYLAMIND: Stop breached at Rs3368.60
[2026-09-10 09:57:43] [CRITICAL] [STOP_BREACHED] PCBL: Stop breached at Rs344.65
[2026-09-10 09:57:43] [CRITICAL] [STOP_BREACHED] CENTENKA: Stop breached at Rs570.70
[2026-09-10 09:57:43] [CRITICAL] [STOP_BREACHED] FINPIPE: Stop breached at Rs157.63
[2026-09-10 09:57:43] [CRITICAL] [STOP_BREACHED] ASHOKLEY: Stop breached at Rs166.15
[2026-09-10 09:57:44] [CRITICAL] [STOP_BREACHED] CANFINHOME: Stop breached at Rs790.85
[2026-09-10 09:57:44] [CRITICAL] [STOP_BREACHED] WAAREERTL: Stop breached at Rs836.55
[2026-09-10 09:57:44] [CRITICAL] [STOP_BREACHED] ADANIENT: Stop breached at Rs3075.90
[2026-09-10 09:57:44] [CRITICAL] [STOP_BREACHED] STARCEMENT: Stop breached at Rs192.72
[2026-09-10 09:57:44] [CRITICAL] [STOP_BREACHED] ANDHRSUGAR: Stop breached at Rs97.90
[2026-09-10 09:57:44] [CRITICAL] [STOP_BREACHED] NATIONALUM: Stop breached at Rs380.80
[2026-09-10 09:57:44] [CRITICAL] [STOP_BREACHED] HINDCOPPER: Stop breached at Rs539.50
[2026-09-10 09:57:44] [CRITICAL] [STOP_BREACHED] AVANTEL: Stop breached at Rs164.21
[2026-09-10 09:57:44] [CRITICAL] [STOP_BREACHED] HINDPETRO: Stop breached at Rs352.30
[2026-09-10 09:57:45] [CRITICAL] [STOP_BREACHED] LLOYDSENGG: Stop breached at Rs81.35
[2026-09-10 09:57:45] [CRITICAL] [STOP_BREACHED] TALBROAUTO: Stop breached at Rs418.65
[2026-09-10 09:57:45] [CRITICAL] [STOP_BREACHED] POWERMECH: Stop breached at Rs2418.00
[2026-09-10 09:57:45] [CRITICAL] [STOP_BREACHED] BHARTIARTL: Stop breached at Rs1815.50
[2026-09-10 09:57:45] [CRITICAL] [STOP_BREACHED] ADANIPOWER: Stop breached at Rs213.40
[2026-09-10 09:57:45] [CRITICAL] [STOP_BREACHED] SAKAR: Stop breached at Rs1125.00
[2026-09-10 09:57:45] [CRITICAL] [STOP_BREACHED] DCMSHRIRAM: Stop breached at Rs998.70
[2026-09-10 09:57:46] [CRITICAL] [STOP_BREACHED] TMPV: Stop breached at Rs301.15
[2026-09-10 09:57:46] [CRITICAL] [STOP_BREACHED] ONEPOINT: Stop breached at Rs58.70
[2026-09-10 09:57:46] [CRITICAL] [STOP_BREACHED] HEMIPROP: Stop breached at Rs122.75
[2026-09-10 09:57:46] [CRITICAL] [STOP_BREACHED] SJS: Stop breached at Rs2294.60
[2026-09-10 09:57:46] [CRITICAL] [STOP_BREACHED] BDL: Stop breached at Rs1209.60
[2026-09-10 09:57:46] [CRITICAL] [STOP_BREACHED] ABLBL: Stop breached at Rs84.69
[2026-09-10 09:57:47] [CRITICAL] [STOP_BREACHED] BAJAJELEC: Stop breached at Rs344.60
[2026-09-10 09:57:47] [CRITICAL] [STOP_BREACHED] SAPPHIRE: Stop breached at Rs227.25
[2026-09-10 09:57:47] [CRITICAL] [STOP_BREACHED] UNIVCABLES: Stop breached at Rs1527.50
[2026-09-10 09:57:47] [CRITICAL] [STOP_BREACHED] PRICOLLTD: Stop breached at Rs740.60
[2026-09-10 09:57:47] [CRITICAL] [STOP_BREACHED] IMFA: Stop breached at Rs1307.20
[2026-09-10 09:57:47] [CRITICAL] [STOP_BREACHED] EPIGRAL: Stop breached at Rs1167.00
[2026-09-10 09:57:47] [CRITICAL] [STOP_BREACHED] TATAPOWER: Stop breached at Rs366.90
[2026-09-10 09:57:47] [CRITICAL] [STOP_BREACHED] CREDITACC: Stop breached at Rs1406.00
[2026-09-10 09:57:48] [CRITICAL] [STOP_BREACHED] GAEL: Stop breached at Rs166.75
[2026-09-10 09:57:48] [CRITICAL] [STOP_BREACHED] IIFL: Stop breached at Rs608.75
[2026-09-10 09:57:48] [CRITICAL] [STOP_BREACHED] CARTRADE: Stop breached at Rs3032.00
[2026-09-10 09:57:48] [CRITICAL] [STOP_BREACHED] TANLA: Stop breached at Rs513.70
[2026-09-10 09:57:48] [CRITICAL] [STOP_BREACHED] TRENT: Stop breached at Rs2827.10
[2026-09-10 09:57:48] [CRITICAL] [STOP_BREACHED] IGIL: Stop breached at Rs314.70
[2026-09-10 09:57:48] [CRITICAL] [STOP_BREACHED] KOLTEPATIL: Stop breached at Rs457.00
[2026-09-10 09:57:49] [CRITICAL] [STOP_BREACHED] HDFCAMC: Stop breached at Rs2426.70
[2026-09-10 09:57:49] [CRITICAL] [STOP_BREACHED] EFCIL: Stop breached at Rs189.82
[2026-09-10 09:57:49] [CRITICAL] [STOP_BREACHED] RCF: Stop breached at Rs113.16
[2026-09-10 09:57:49] [CRITICAL] [STOP_BREACHED] ASTRAMICRO: Stop breached at Rs1715.00
[2026-09-10 09:57:49] [CRITICAL] [STOP_BREACHED] UBL: Stop breached at Rs1270.20
[2026-09-10 09:57:49] [CRITICAL] [STOP_BREACHED] TIMETECHNO: Stop breached at Rs185.38
[2026-09-10 09:57:49] [CRITICAL] [STOP_BREACHED] ETERNAL: Stop breached at Rs319.45
[2026-09-10 09:57:49] [CRITICAL] [STOP_BREACHED] THANGAMAYL: Stop breached at Rs5139.00
[2026-09-10 09:57:49] [CRITICAL] [STOP_BREACHED] DODLA: Stop breached at Rs1090.30
[2026-09-10 09:57:50] [CRITICAL] [STOP_BREACHED] HDFCBANK: Stop breached at Rs688.25
[2026-09-10 09:57:50] [CRITICAL] [STOP_BREACHED] NIBE: Stop breached at Rs1297.10
[2026-09-10 09:57:50] [CRITICAL] [STOP_BREACHED] AJAXENGG: Stop breached at Rs581.10
[2026-09-10 09:57:50] [CRITICAL] [STOP_BREACHED] JGCHEM: Stop breached at Rs610.20
[2026-09-10 09:57:50] [CRITICAL] [STOP_BREACHED] OPTIEMUS: Stop breached at Rs557.35
[2026-09-10 09:57:50] [CRITICAL] [STOP_BREACHED] ASKAUTOLTD: Stop breached at Rs623.25
[2026-09-10 09:57:50] [CRITICAL] [STOP_BREACHED] FUSION: Stop breached at Rs194.35
[2026-09-10 09:57:50] [CRITICAL] [STOP_BREACHED] ENGINERSIN: Stop breached at Rs272.85
[2026-09-10 09:57:51] [CRITICAL] [STOP_BREACHED] TINNARUBR: Stop breached at Rs1037.00
[2026-09-10 09:57:51] [CRITICAL] [STOP_BREACHED] CROMPTON: Stop breached at Rs231.57
[2026-09-10 09:57:51] [CRITICAL] [STOP_BREACHED] MEDPLUS: Stop breached at Rs667.75
[2026-09-10 09:57:51] [CRITICAL] [STOP_BREACHED] KITEX: Stop breached at Rs127.34
[2026-09-10 09:57:51] [CRITICAL] [STOP_BREACHED] SPORTKING: Stop breached at Rs215.04
[2026-09-10 09:57:51] [CRITICAL] [STOP_BREACHED] GPPL: Stop breached at Rs162.35
[2026-09-10 09:57:52] [CRITICAL] [STOP_BREACHED] FIRSTCRY: Stop breached at Rs173.50
[2026-09-10 09:57:52] [CRITICAL] [STOP_BREACHED] HARIOMPIPE: Stop breached at Rs368.15
[2026-09-10 09:57:52] [CRITICAL] [STOP_BREACHED] NEWGEN: Stop breached at Rs517.30
[2026-09-10 09:57:52] [CRITICAL] [STOP_BREACHED] SBILIFE: Stop breached at Rs1683.90
[2026-09-10 09:57:52] [CRITICAL] [STOP_BREACHED] TEXINFRA: Stop breached at Rs115.13
[2026-09-10 09:57:52] [CRITICAL] [STOP_BREACHED] ACUTAAS: Stop breached at Rs3314.90
[2026-09-10 09:57:52] [CRITICAL] [STOP_BREACHED] WESTLIFE: Stop breached at Rs556.75
[2026-09-10 09:57:52] [CRITICAL] [STOP_BREACHED] VESUVIUS: Stop breached at Rs422.30
[2026-09-10 09:57:53] [CRITICAL] [STOP_BREACHED] HUBTOWN: Stop breached at Rs183.10
[2026-09-10 09:57:53] [CRITICAL] [STOP_BREACHED] REFEX: Stop breached at Rs274.10
[2026-09-10 09:57:53] [CRITICAL] [STOP_BREACHED] AJMERA: Stop breached at Rs117.49
[2026-09-10 09:57:53] [CRITICAL] [STOP_BREACHED] RBA: Stop breached at Rs99.11
[2026-09-10 09:57:53] [CRITICAL] [STOP_BREACHED] DELTACORP: Stop breached at Rs55.05
[2026-09-10 09:57:53] [CRITICAL] [STOP_BREACHED] SAREGAMA: Stop breached at Rs508.55
[2026-09-10 09:57:53] [CRITICAL] [STOP_BREACHED] RAMCOSYS: Stop breached at Rs602.05
[2026-09-10 09:57:53] [CRITICAL] [STOP_BREACHED] SUPREMEIND: Stop breached at Rs3504.90
[2026-09-10 09:57:53] [CRITICAL] [STOP_BREACHED] VIYASH: Stop breached at Rs259.85
[2026-09-10 09:57:54] [CRITICAL] [STOP_BREACHED] PSPPROJECT: Stop breached at Rs874.50
[2026-09-10 09:57:54] [CRITICAL] [STOP_BREACHED] SASKEN: Stop breached at Rs1847.50
[2026-09-10 09:57:54] [CRITICAL] [STOP_BREACHED] CUPID: Stop breached at Rs281.70
[2026-09-10 09:57:54] [CRITICAL] [STOP_BREACHED] UJJIVANSFB: Stop breached at Rs64.30
[2026-09-10 09:57:54] [CRITICAL] [STOP_BREACHED] CHOLAHLDNG: Stop breached at Rs1532.10
[2026-09-10 09:57:54] [CRITICAL] [STOP_BREACHED] TVSMOTOR: Stop breached at Rs4144.40
[2026-09-10 09:57:54] [CRITICAL] [STOP_BREACHED] KANSAINER: Stop breached at Rs191.20
[2026-09-10 09:57:54] [CRITICAL] [STOP_BREACHED] PARAS: Stop breached at Rs1466.60
[2026-09-10 09:57:54] [CRITICAL] [STOP_BREACHED] BERGEPAINT: Stop breached at Rs472.80
[2026-09-10 09:57:55] [CRITICAL] [STOP_BREACHED] JYOTHYLAB: Stop breached at Rs194.35
[2026-09-10 09:57:55] [CRITICAL] [STOP_BREACHED] NATCOPHARM: Stop breached at Rs824.30
[2026-09-10 09:57:55] [CRITICAL] [STOP_BREACHED] PGIL: Stop breached at Rs2376.80
[2026-09-10 09:57:55] [CRITICAL] [STOP_BREACHED] INDIAGLYCO: Stop breached at Rs316.00
[2026-09-10 09:57:55] [CRITICAL] [STOP_BREACHED] PERSISTENT: Stop breached at Rs5512.00
[2026-09-10 09:57:55] [CRITICAL] [STOP_BREACHED] ENRIN: Stop breached at Rs3185.70
[2026-09-10 09:57:56] [CRITICAL] [STOP_BREACHED] SATIN: Stop breached at Rs215.21
[2026-09-10 09:57:56] [CRITICAL] [STOP_BREACHED] VBL: Stop breached at Rs411.65
[2026-09-10 09:57:56] [CRITICAL] [STOP_BREACHED] ZENTEC: Stop breached at Rs1752.10
[2026-09-10 09:57:56] [CRITICAL] [STOP_BREACHED] VIJAYA: Stop breached at Rs1510.00
[2026-09-10 09:57:56] [CRITICAL] [STOP_BREACHED] INFOBEAN: Stop breached at Rs155.90
[2026-09-10 09:57:56] [CRITICAL] [STOP_BREACHED] AWHCL: Stop breached at Rs374.65
[2026-09-10 09:57:56] [CRITICAL] [STOP_BREACHED] EMUDHRA: Stop breached at Rs513.00
[2026-09-10 09:57:57] [CRITICAL] [STOP_BREACHED] BLS: Stop breached at Rs237.70
[2026-09-10 09:57:57] [CRITICAL] [STOP_BREACHED] ASTRAZEN: Stop breached at Rs6884.00
[2026-09-10 09:57:57] [CRITICAL] [STOP_BREACHED] NACLIND: Stop breached at Rs162.36
[2026-09-10 09:57:57] [CRITICAL] [STOP_BREACHED] VENTIVE: Stop breached at Rs565.20
[2026-09-10 09:57:57] [CRITICAL] [STOP_BREACHED] ZYDUSWELL: Stop breached at Rs567.35
[2026-09-10 09:57:57] [CRITICAL] [STOP_BREACHED] SHK: Stop breached at Rs146.00
[2026-09-10 09:57:57] [CRITICAL] [STOP_BREACHED] GENUSPOWER: Stop breached at Rs330.00
[2026-09-10 09:57:57] [CRITICAL] [STOP_BREACHED] GUFICBIO: Stop breached at Rs430.90
[2026-09-10 09:57:58] [CRITICAL] [STOP_BREACHED] GMRAIRPORT: Stop breached at Rs97.80
[2026-09-10 09:57:58] [CRITICAL] [STOP_BREACHED] GALAXYSURF: Stop breached at Rs2327.50
[2026-09-10 09:57:58] [CRITICAL] [STOP_BREACHED] LXCHEM: Stop breached at Rs176.70
[2026-09-10 09:57:58] [CRITICAL] [STOP_BREACHED] VIMTALABS: Stop breached at Rs631.10
[2026-09-10 09:57:58] [CRITICAL] [STOP_BREACHED] SPMLINFRA: Stop breached at Rs174.93
[2026-09-10 09:57:58] [CRITICAL] [STOP_BREACHED] OLECTRA: Stop breached at Rs1211.80
[2026-09-10 09:57:58] [CRITICAL] [STOP_BREACHED] AIAENG: Stop breached at Rs4151.90
[2026-09-10 09:57:58] [CRITICAL] [STOP_BREACHED] J&KBANK: Stop breached at Rs146.00
[2026-09-10 09:57:58] [CRITICAL] [STOP_BREACHED] EUREKAFORB: Stop breached at Rs405.05
[2026-09-10 09:57:59] [CRITICAL] [STOP_BREACHED] KPRMILL: Stop breached at Rs1129.90
[2026-09-10 09:57:59] [CRITICAL] [STOP_BREACHED] LINDEINDIA: Stop breached at Rs6341.50
[2026-09-10 09:57:59] [CRITICAL] [STOP_BREACHED] SHAILY: Stop breached at Rs3457.70
[2026-09-10 09:57:59] [CRITICAL] [STOP_BREACHED] MUTHOOTFIN: Stop breached at Rs2824.70
[2026-09-10 09:57:59] [CRITICAL] [STOP_BREACHED] VMM: Stop breached at Rs103.20
[2026-09-10 09:57:59] [CRITICAL] [STOP_BREACHED] SUNTV: Stop breached at Rs459.00
[2026-09-10 09:57:59] [CRITICAL] [STOP_BREACHED] LATENTVIEW: Stop breached at Rs259.85
[2026-09-10 09:57:59] [CRITICAL] [STOP_BREACHED] CHAMBLFERT: Stop breached at Rs420.45
[2026-09-10 09:58:00] [CRITICAL] [STOP_BREACHED] MEDANTA: Stop breached at Rs1453.30
[2026-09-10 09:58:00] [CRITICAL] [STOP_BREACHED] ARKADE: Stop breached at Rs123.10
[2026-09-10 09:58:00] [CRITICAL] [STOP_BREACHED] APCOTEXIND: Stop breached at Rs610.05
[2026-09-10 09:58:00] [CRITICAL] [STOP_BREACHED] NETWEB: Stop breached at Rs5019.00
[2026-09-10 09:58:00] [CRITICAL] [STOP_BREACHED] FSL: Stop breached at Rs256.50
[2026-09-10 09:58:00] [CRITICAL] [STOP_BREACHED] ARFIN: Stop breached at Rs90.19
[2026-09-10 09:58:00] [CRITICAL] [STOP_BREACHED] GABRIEL: Stop breached at Rs1364.30
[2026-09-10 09:58:00] [CRITICAL] [STOP_BREACHED] JASH: Stop breached at Rs517.95
[2026-09-10 09:58:01] [CRITICAL] [STOP_BREACHED] SUNFLAG: Stop breached at Rs334.75
[2026-09-10 09:58:01] [CRITICAL] [STOP_BREACHED] TATACHEM: Stop breached at Rs612.35
[2026-09-10 09:58:01] [CRITICAL] [STOP_BREACHED] GLENMARK: Stop breached at Rs2430.30
[2026-09-10 09:58:01] [CRITICAL] [STOP_BREACHED] AVL: Stop breached at Rs606.55
[2026-09-10 09:58:01] [CRITICAL] [STOP_BREACHED] LUPIN: Stop breached at Rs2085.20
[2026-09-10 09:58:01] [CRITICAL] [STOP_BREACHED] RICOAUTO: Stop breached at Rs130.69
[2026-09-10 09:58:01] [CRITICAL] [STOP_BREACHED] SULA: Stop breached at Rs140.22
[2026-09-10 09:58:01] [CRITICAL] [STOP_BREACHED] GODREJIND: Stop breached at Rs1126.90
[2026-09-10 09:58:01] [CRITICAL] [STOP_BREACHED] OLAELEC: Stop breached at Rs39.64
[2026-09-10 09:58:01] [CRITICAL] [STOP_BREACHED] HEROMOTOCO: Stop breached at Rs5209.50
[2026-09-10 09:58:02] [CRITICAL] [STOP_BREACHED] LTM: Stop breached at Rs4411.30
[2026-09-10 09:58:02] [CRITICAL] [STOP_BREACHED] BIKAJI: Stop breached at Rs567.55
[2026-09-10 09:58:02] [CRITICAL] [STOP_BREACHED] ELECON: Stop breached at Rs420.60
[2026-09-10 09:58:02] [CRITICAL] [STOP_BREACHED] HUDCO: Stop breached at Rs176.42
[2026-09-10 09:58:02] [CRITICAL] [STOP_BREACHED] AZAD: Stop breached at Rs2784.40
[2026-09-10 09:58:02] [CRITICAL] [STOP_BREACHED] UNICHEMLAB: Stop breached at Rs539.40
[2026-09-10 09:58:02] [CRITICAL] [STOP_BREACHED] MSPL: Stop breached at Rs34.41
[2026-09-10 09:58:02] [CRITICAL] [STOP_BREACHED] AWFIS: Stop breached at Rs251.20
[2026-09-10 09:58:03] [CRITICAL] [STOP_BREACHED] RPGLIFE: Stop breached at Rs2767.70
[2026-09-10 09:58:03] [CRITICAL] [STOP_BREACHED] MASTEK: Stop breached at Rs1632.20
[2026-09-10 09:58:03] [CRITICAL] [STOP_BREACHED] CAMS: Stop breached at Rs721.10
[2026-09-10 09:58:03] [CRITICAL] [STOP_BREACHED] RVNL: Stop breached at Rs208.98
[2026-09-10 09:58:03] [CRITICAL] [STOP_BREACHED] NUVAMA: Stop breached at Rs1763.40
[2026-09-10 09:58:03] [CRITICAL] [STOP_BREACHED] VTL: Stop breached at Rs580.95
[2026-09-10 09:58:03] [CRITICAL] [STOP_BREACHED] MANAPPURAM: Stop breached at Rs321.75
[2026-09-10 09:58:03] [CRITICAL] [STOP_BREACHED] SHRIPISTON: Stop breached at Rs4493.50
[2026-09-10 09:58:04] [CRITICAL] [STOP_BREACHED] DEEPAKFERT: Stop breached at Rs1357.10
[2026-09-10 09:58:04] [CRITICAL] [STOP_BREACHED] VIKRAMSOLR: Stop breached at Rs166.98
[2026-09-10 09:58:04] [CRITICAL] [STOP_BREACHED] GRWRHITECH: Stop breached at Rs6975.50
[2026-09-10 09:58:04] [CRITICAL] [STOP_BREACHED] VOLTAS: Stop breached at Rs1146.90
[2026-09-10 09:58:04] [CRITICAL] [STOP_BREACHED] THERMAX: Stop breached at Rs3637.50
[2026-09-10 09:58:04] [CRITICAL] [STOP_BREACHED] ONESOURCE: Stop breached at Rs1551.90
[2026-09-10 09:58:04] [CRITICAL] [STOP_BREACHED] PIGL: Stop breached at Rs103.92
[2026-09-10 09:58:04] [CRITICAL] [STOP_BREACHED] BBOX: Stop breached at Rs768.05
[2026-09-10 09:58:05] [CRITICAL] [STOP_BREACHED] ACI: Stop breached at Rs482.30
[2026-09-10 09:58:05] [CRITICAL] [STOP_BREACHED] NAM-INDIA: Stop breached at Rs1171.10
[2026-09-10 09:58:05] [CRITICAL] [STOP_BREACHED] GRMOVER: Stop breached at Rs87.92
[2026-09-10 09:58:05] [CRITICAL] [STOP_BREACHED] CUB: Stop breached at Rs231.21
[2026-09-10 09:58:05] [CRITICAL] [STOP_BREACHED] NELCO: Stop breached at Rs961.00
[2026-09-10 09:58:06] [CRITICAL] [STOP_BREACHED] ADANIPORTS: Stop breached at Rs1767.40
[2026-09-10 09:58:06] [CRITICAL] [STOP_BREACHED] AFFLE: Stop breached at Rs1591.70
[2026-09-10 09:58:06] [CRITICAL] [STOP_BREACHED] GLAXO: Stop breached at Rs2914.50
[2026-09-10 09:58:06] [CRITICAL] [STOP_BREACHED] ANANTRAJ: Stop breached at Rs609.35
[2026-09-10 09:58:06] [CRITICAL] [STOP_BREACHED] CEMPRO: Stop breached at Rs1260.70
[2026-09-10 09:58:06] [CRITICAL] [STOP_BREACHED] INDIASHLTR: Stop breached at Rs668.30
[2026-09-10 09:58:06] [CRITICAL] [STOP_BREACHED] ASTRAL: Stop breached at Rs1463.40
[2026-09-10 09:58:06] [CRITICAL] [STOP_BREACHED] SENORES: Stop breached at Rs1477.10
[2026-09-10 09:58:07] [CRITICAL] [STOP_BREACHED] VAIBHAVGBL: Stop breached at Rs219.20
[2026-09-10 09:58:07] [CRITICAL] [STOP_BREACHED] IRCON: Stop breached at Rs116.91
[2026-09-10 09:58:07] [CRITICAL] [STOP_BREACHED] DHAMPURSUG: Stop breached at Rs170.00
[2026-09-10 09:58:07] [CRITICAL] [STOP_BREACHED] THELEELA: Stop breached at Rs543.35
[2026-09-10 09:58:07] [CRITICAL] [STOP_BREACHED] FILATEX: Stop breached at Rs75.60
[2026-09-10 09:58:07] [CRITICAL] [STOP_BREACHED] BHARATFORG: Stop breached at Rs1972.60
[2026-09-10 09:58:07] [CRITICAL] [STOP_BREACHED] TARIL: Stop breached at Rs297.50
[2026-09-10 09:58:07] [CRITICAL] [STOP_BREACHED] DABUR: Stop breached at Rs372.10
[2026-09-10 09:58:07] [CRITICAL] [STOP_BREACHED] AIIL: Stop breached at Rs515.95
[2026-09-10 09:58:08] [CRITICAL] [STOP_BREACHED] HCG: Stop breached at Rs714.30
[2026-09-10 09:58:08] [CRITICAL] [STOP_BREACHED] EIHOTEL: Stop breached at Rs288.75
[2026-09-10 09:58:08] [CRITICAL] [STOP_BREACHED] MONTECARLO: Stop breached at Rs555.75
[2026-09-10 09:58:08] [CRITICAL] [STOP_BREACHED] MAYURUNIQ: Stop breached at Rs753.90
[2026-09-10 09:58:08] [CRITICAL] [STOP_BREACHED] MASFIN: Stop breached at Rs290.25
[2026-09-10 09:58:08] [CRITICAL] [STOP_BREACHED] IDBI: Stop breached at Rs82.09
[2026-09-10 09:58:08] [CRITICAL] [STOP_BREACHED] BELRISE: Stop breached at Rs229.91
[2026-09-10 09:58:08] [CRITICAL] [STOP_BREACHED] PURVA: Stop breached at Rs214.40
[2026-09-10 10:00:34] [CRITICAL] [STOP_BREACHED] FINEORG: Stop breached at Rs5171.00
[2026-09-10 10:00:40] [CRITICAL] [STOP_BREACHED] AARTIDRUGS: Stop breached at Rs433.25
[2026-09-10 10:00:41] [CRITICAL] [STOP_BREACHED] THOMASCOOK: Stop breached at Rs108.68
[2026-09-10 10:00:45] [CRITICAL] [STOP_BREACHED] TATVA: Stop breached at Rs1725.20
[2026-09-10 10:00:55] [CRITICAL] [STOP_BREACHED] BLUESTARCO: Stop breached at Rs1472.00
[2026-09-10 10:03:49] [CRITICAL] [STOP_BREACHED] KRBL: Stop breached at Rs427.65
[2026-09-10 10:06:18] [CRITICAL] [STOP_BREACHED] LALPATHLAB: Stop breached at Rs1912.00
[2026-09-10 10:09:04] [CRITICAL] [STOP_BREACHED] ATGL: Stop breached at Rs608.05
[2026-09-10 10:12:16] [CRITICAL] [STOP_BREACHED] JKPAPER: Stop breached at Rs408.25
[2026-09-10 10:14:55] [CRITICAL] [STOP_BREACHED] HOMEFIRST: Stop breached at Rs1200.00
[2026-09-10 10:15:16] [CRITICAL] [STOP_BREACHED] CLEAN: Stop breached at Rs838.50
[2026-09-10 10:15:21] [CRITICAL] [STOP_BREACHED] MSTCLTD: Stop breached at Rs747.00
[2026-09-10 10:23:38] [CRITICAL] [STOP_BREACHED] JUBLINGREA: Stop breached at Rs672.00
[2026-09-10 10:23:39] [CRITICAL] [STOP_BREACHED] TEXRAIL: Stop breached at Rs117.62
[2026-09-10 10:24:00] [CRITICAL] [STOP_BREACHED] YATRA: Stop breached at Rs114.66
[2026-09-10 10:26:00] [CRITICAL] [STOP_BREACHED] BANCOINDIA: Stop breached at Rs629.50
[2026-09-10 10:26:05] [CRITICAL] [STOP_BREACHED] RKFORGE: Stop breached at Rs728.20
[2026-09-10 10:29:18] [CRITICAL] [STOP_BREACHED] ACE: Stop breached at Rs1116.80
[2026-09-10 10:29:22] [INFO] [VALID_BREAKOUT] RPPINFRA: Confirmed breakout at Rs64.15, RVOL 1.54x
[2026-09-10 10:33:01] [CRITICAL] [STOP_BREACHED] ASIANPAINT: Stop breached at Rs2476.20
[2026-09-10 10:33:08] [INFO] [VALID_BREAKOUT] SUNDRMFAST: Confirmed breakout at Rs1313.00, RVOL 1.82x
[2026-09-10 10:39:32] [CRITICAL] [STOP_BREACHED] CARERATING: Stop breached at Rs1719.20
[2026-09-10 10:39:36] [INFO] [VALID_BREAKOUT] WENDT: Confirmed breakout at Rs8656.00, RVOL 15.45x
[2026-09-10 10:49:24] [INFO] [VALID_BREAKOUT] KROSS: Confirmed breakout at Rs232.74, RVOL 1.86x
[2026-09-10 10:51:17] [CRITICAL] [STOP_BREACHED] APOLLO: Stop breached at Rs410.50
[2026-09-10 10:59:33] [CRITICAL] [STOP_BREACHED] ARVIND: Stop breached at Rs573.15
[2026-09-10 11:08:34] [CRITICAL] [STOP_BREACHED] PNGJL: Stop breached at Rs605.65
[2026-09-10 11:14:00] [INFO] [VALID_BREAKOUT] NRBBEARING: Confirmed breakout at Rs499.25, RVOL 7.62x
[2026-09-10 11:19:29] [INFO] [VALID_BREAKOUT] MANAKCOAT: Confirmed breakout at Rs132.35, RVOL 2.79x
[2026-09-10 11:23:07] [CRITICAL] [STOP_BREACHED] TATASTEEL: Stop breached at Rs186.50
[2026-09-10 11:23:10] [CRITICAL] [STOP_BREACHED] HINDZINC: Stop breached at Rs603.40
[2026-09-10 11:28:31] [INFO] [VALID_BREAKOUT] NOCIL: Confirmed breakout at Rs197.14, RVOL 4.65x
[2026-09-10 11:35:36] [CRITICAL] [STOP_BREACHED] SINDHUTRAD: Stop breached at Rs24.06
[2026-09-10 11:35:43] [CRITICAL] [STOP_BREACHED] SMARTWORKS: Stop breached at Rs540.60
[2026-09-10 11:37:23] [CRITICAL] [STOP_BREACHED] EXICOM: Stop breached at Rs176.00
[2026-09-10 11:42:58] [CRITICAL] [STOP_BREACHED] MRPL: Stop breached at Rs177.72
[2026-09-10 11:46:29] [INFO] [VALID_BREAKOUT] PAISALO: Confirmed breakout at Rs82.31, RVOL 4.43x
[2026-09-10 11:55:10] [INFO] [VALID_BREAKOUT] PRSMJOHNSN: Confirmed breakout at Rs114.87, RVOL 9.59x
[2026-09-10 12:22:53] [INFO] [VALID_BREAKOUT] ABSLAMC: Confirmed breakout at Rs1080.10, RVOL 1.93x
[2026-09-10 12:30:59] [CRITICAL] [STOP_BREACHED] NLCINDIA: Stop breached at Rs272.35
[2026-09-10 12:34:28] [CRITICAL] [STOP_BREACHED] IIFLCAPS: Stop breached at Rs337.80
[2026-09-10 12:42:35] [CRITICAL] [STOP_BREACHED] APLLTD: Stop breached at Rs822.25
[2026-09-10 12:46:02] [CRITICAL] [STOP_BREACHED] BANDHANBNK: Stop breached at Rs170.27
[2026-09-10 12:47:51] [INFO] [VALID_BREAKOUT] SMCGLOBAL: Confirmed breakout at Rs88.51, RVOL 61.28x
[2026-09-10 12:49:45] [CRITICAL] [STOP_BREACHED] MANYAVAR: Stop breached at Rs573.60
[2026-09-10 13:27:36] [CRITICAL] [STOP_BREACHED] LTFOODS: Stop breached at Rs444.05
[2026-09-10 13:29:40] [INFO] [VALID_BREAKOUT] NEOGEN: Confirmed breakout at Rs2393.40, RVOL 3.2x
[2026-09-10 13:49:21] [CRITICAL] [STOP_BREACHED] HYUNDAI: Stop breached at Rs2199.50
[2026-09-10 13:51:10] [CRITICAL] [STOP_BREACHED] ADFFOODS: Stop breached at Rs271.50
[2026-09-10 13:56:28] [CRITICAL] [STOP_BREACHED] RITCO: Stop breached at Rs309.20
[2026-09-10 14:29:44] [CRITICAL] [STOP_BREACHED] TITAGARH: Stop breached at Rs861.60
[2026-09-10 14:38:54] [CRITICAL] [STOP_BREACHED] PNB: Stop breached at Rs116.40
[2026-09-10 14:42:35] [CRITICAL] [STOP_BREACHED] JSL: Stop breached at Rs762.80
[2026-09-10 14:48:03] [CRITICAL] [STOP_BREACHED] BLSE: Stop breached at Rs314.00
[2026-09-10 14:50:00] [INFO] [VALID_BREAKOUT] SHAREINDIA: Confirmed breakout at Rs201.98, RVOL 1.58x
[2026-09-10 15:01:11] [CRITICAL] [STOP_BREACHED] HAL: Stop breached at Rs4931.60
[2026-09-10 15:12:23] [CRITICAL] [STOP_BREACHED] COCHINSHIP: Stop breached at Rs1523.00
[2026-09-10 15:14:13] [CRITICAL] [STOP_BREACHED] BHEL: Stop breached at Rs428.10
[2026-09-10 15:14:17] [CRITICAL] [STOP_BREACHED] ALICON: Stop breached at Rs736.15
[2026-09-10 15:19:33] [INFO] [VALID_BREAKOUT] KINGFA: Confirmed breakout at Rs6226.00, RVOL 1.52x
[2026-09-10 15:23:08] [CRITICAL] [STOP_BREACHED] JINDRILL: Stop breached at Rs650.20
[2026-09-10 15:26:40] [CRITICAL] [STOP_BREACHED] MANAKCOAT: Stop breached at Rs123.60
