Ticker,Timestamp,Price,Pivot,Ext%,Intraday_RVOL,Verdict
HAPPSTMNDS,12:11:45,349.75,349.05,0.2,2.92,⚠️ FAKEOUT TRAP (Selling Wick)
BRITANNIA,12:14:09,5338.5,5330.0,0.16,3.17,🔥 VALID BREAKOUT
BALRAMCHIN,12:14:24,564.6,563.55,0.19,3.56,🔥 VALID BREAKOUT
GODREJCP,12:14:30,1070.5,1062.8,0.72,4.18,🔥 VALID BREAKOUT
MBAPL,12:14:33,609.4,609.0,0.07,4.9,⚠️ FAKEOUT TRAP (Selling Wick)
PNCINFRA,12:14:45,232.4,232.3,0.04,1.84,🔥 VALID BREAKOUT
HAPPSTMNDS,12:15:00,352.8,349.05,1.07,6.9,🔥 VALID BREAKOUT
DIXON,12:17:59,12354.0,12340.0,0.11,1.81,⚠️ FAKEOUT TRAP (Selling Wick)
DATAPATTNS,12:23:11,4704.8,4664.0,0.87,4.13,🔥 VALID BREAKOUT
HINDUNILVR,12:24:48,2197.6,2197.0,0.03,1.88,⚠️ FAKEOUT TRAP (Selling Wick)
PROTEAN,12:25:21,604.55,601.9,0.44,3.56,⚠️ FAKEOUT TRAP (Selling Wick)
VMM,14:08:13,121.08,120.85,0.19,6.25,🔥 VALID BREAKOUT
LXCHEM,14:08:26,165.42,164.65,0.47,2.25,🔥 VALID BREAKOUT
CEMPRO,14:08:26,1431.4,1431.4,0.0,42.29,⚠️ FAKEOUT TRAP (Selling Wick)
JAMNAAUTO,14:08:27,139.91,138.05,1.35,6.81,🔥 VALID BREAKOUT
SONACOMS,14:08:27,667.0,664.5,0.38,2.15,🔥 VALID BREAKOUT
APOLLOTYRE,14:08:30,454.1,453.9,0.04,2.08,🔥 VALID BREAKOUT
AEGISLOG,14:13:13,1315.0,1305.0,0.77,13.82,⚠️ FAKEOUT TRAP (Selling Wick)
ANGELONE,14:13:31,346.55,345.05,0.43,1.84,🔥 VALID BREAKOUT
POLYMED,14:17:40,1746.8,1746.0,0.05,6.57,🔥 VALID BREAKOUT
APOLLO,14:18:58,438.15,436.7,0.33,5.34,🔥 VALID BREAKOUT
APOLLO,14:27:55,439.05,436.7,0.54,2.12,⚠️ FAKEOUT TRAP (Selling Wick)
OBEROIRLTY,14:28:56,1868.8,1862.9,0.32,3.2,🔥 VALID BREAKOUT
FORCEMOT,14:29:28,19430.0,19263.0,0.87,2.95,🔥 VALID BREAKOUT
POLYMED,14:29:38,1750.7,1746.0,0.27,2.26,⚠️ FAKEOUT TRAP (Selling Wick)
DEEDEV,14:33:58,709.3,709.3,0.0,2.39,⚠️ FAKEOUT TRAP (Selling Wick)
SHREEJISPG,14:38:39,513.0,512.5,0.1,3.62,⚠️ FAKEOUT TRAP (Selling Wick)
NITCO,14:41:49,117.99,117.89,0.08,2.63,⚠️ FAKEOUT TRAP (Selling Wick)
DEEPAKFERT,14:43:56,1627.0,1623.3,0.23,4.47,🔥 VALID BREAKOUT
ULTRACEMCO,14:44:08,11562.0,11558.0,0.03,1.93,🔥 VALID BREAKOUT
ASTRAMICRO,14:49:06,1787.7,1786.0,0.1,5.08,⚠️ FAKEOUT TRAP (Selling Wick)
IIFL,14:53:04,518.15,518.0,0.03,3.01,⚠️ FAKEOUT TRAP (Selling Wick)
ANANTRAJ,14:53:06,532.45,527.85,0.87,8.21,🔥 VALID BREAKOUT
FDC,14:53:27,434.95,434.5,0.1,5.95,🔥 VALID BREAKOUT
ANANTRAJ,14:56:05,533.0,527.85,0.98,2.22,⚠️ FAKEOUT TRAP (Selling Wick)
MANINDS,14:58:28,602.0,593.4,1.45,45.09,🔥 VALID BREAKOUT
NIVABUPA,14:59:07,86.65,85.99,0.77,1.81,🔥 VALID BREAKOUT
RPEL,15:04:41,1296.0,1295.0,0.08,3.13,🔥 VALID BREAKOUT
GRANULES,15:04:42,828.6,828.0,0.07,1.98,🔥 VALID BREAKOUT
IOLCP,15:04:44,150.45,149.9,0.37,2.24,🔥 VALID BREAKOUT
MANINDS,15:04:54,598.35,593.4,0.83,2.58,⚠️ FAKEOUT TRAP (Selling Wick)
ADANIPORTS,15:08:12,1883.0,1881.4,0.09,1.8,⚠️ FAKEOUT TRAP (Selling Wick)
CIEINDIA,15:08:26,474.8,473.4,0.3,1.86,⚠️ FAKEOUT TRAP (Selling Wick)
ARSSBL,15:09:02,569.4,567.45,0.34,22.82,🔥 VALID BREAKOUT
RCF,15:09:10,133.13,133.0,0.1,2.6,🔥 VALID BREAKOUT
ASTRAMICRO,15:14:07,1797.4,1791.3,0.34,2.16,🔥 VALID BREAKOUT
ADANIGREEN,15:14:11,1558.6,1556.3,0.15,2.29,🔥 VALID BREAKOUT
PARAS,15:14:17,1345.5,1338.9,0.49,2.24,⚠️ FAKEOUT TRAP (Selling Wick)
ADANIPORTS,15:14:30,1885.9,1881.4,0.24,3.05,🔥 VALID BREAKOUT
POONAWALLA,15:15:02,456.8,454.5,0.51,2.28,🔥 VALID BREAKOUT
CHAMBLFERT,15:18:06,477.0,477.0,0.0,2.18,🔥 VALID BREAKOUT
BAJAJFINSV,15:18:19,1855.0,1854.0,0.05,3.08,🔥 VALID BREAKOUT
ACUTAAS,15:19:57,3696.5,3692.8,0.1,2.79,🔥 VALID BREAKOUT
BAJAJFINSV,15:21:17,1855.6,1854.0,0.09,2.14,⚠️ FAKEOUT TRAP (Selling Wick)
SKYGOLD,15:23:01,571.15,569.2,0.34,3.31,🔥 VALID BREAKOUT
TVSMOTOR,15:23:22,3631.3,3629.0,0.06,2.54,🔥 VALID BREAKOUT
APOLLOTYRE,15:24:23,457.55,454.75,0.62,2.04,⚠️ FAKEOUT TRAP (Selling Wick)
SUVEN,15:27:27,299.55,299.0,0.18,2.29,⚠️ FAKEOUT TRAP (Selling Wick)
DIXON,15:27:36,12409.0,12389.0,0.16,2.53,🔥 VALID BREAKOUT
GALAPREC,15:29:28,1185.8,1182.0,0.32,2.73,🔥 VALID BREAKOUT
POONAWALLA,15:29:58,457.9,455.65,0.49,2.55,⚠️ FAKEOUT TRAP (Selling Wick)
SUDEEPPHRM,15:30:18,864.0,856.45,0.88,12.68,🔥 VALID BREAKOUT
XPROINDIA,15:30:32,1523.0,1518.1,0.32,7.37,🔥 VALID BREAKOUT
SUVEN,15:30:33,302.4,299.0,1.14,5.9,🔥 VALID BREAKOUT
ADANIGREEN,12:05:01,1586.2,1584.4,0.11,3.04,🔥 VALID BREAKOUT
ABCAPITAL,12:08:24,408.2,407.2,0.25,2.17,🔥 VALID BREAKOUT
AARTIIND,12:09:24,498.25,496.4,0.37,6.7,🔥 VALID BREAKOUT
UBL,12:13:32,1383.2,1379.4,0.28,4.26,🔥 VALID BREAKOUT
INDUSINDBK,12:16:42,998.85,996.3,0.26,1.89,⚠️ FAKEOUT TRAP (Selling Wick)
CUB,12:22:56,223.5,222.8,0.31,3.33,🔥 VALID BREAKOUT
IDFCFIRSTB,12:23:23,81.64,81.3,0.42,3.6,🔥 VALID BREAKOUT
PNBHOUSING,12:34:09,1089.6,1086.0,0.33,3.87,🔥 VALID BREAKOUT
BRITANNIA,12:34:25,5453.0,5445.0,0.15,2.51,🔥 VALID BREAKOUT
BALRAMCHIN,12:38:30,572.35,571.5,0.15,10.53,⚠️ FAKEOUT TRAP (Selling Wick)
TRANSRAILL,12:39:00,525.55,525.5,0.01,17.38,⚠️ FAKEOUT TRAP (Selling Wick)
EIDPARRY,12:39:07,764.0,759.45,0.6,1.88,⚠️ FAKEOUT TRAP (Selling Wick)
DABUR,12:49:17,450.65,450.6,0.01,2.01,🔥 VALID BREAKOUT
BHARTIARTL,12:59:22,1928.9,1928.5,0.02,2.12,⚠️ FAKEOUT TRAP (Selling Wick)
PWL,12:59:52,134.45,134.4,0.04,4.64,⚠️ FAKEOUT TRAP (Selling Wick)
GRAVITA,13:13:44,1757.8,1756.6,0.07,2.03,🔥 VALID BREAKOUT
GRAVITA,13:19:14,1763.4,1756.6,0.39,4.28,🔥 VALID BREAKOUT
PGEL,13:23:32,566.6,566.5,0.02,6.84,🔥 VALID BREAKOUT
CGCL,13:28:57,239.54,238.43,0.47,2.72,🔥 VALID BREAKOUT
LALPATHLAB,13:29:06,1687.8,1681.9,0.35,2.42,🔥 VALID BREAKOUT
CANFINHOME,13:29:48,914.05,912.5,0.17,5.01,🔥 VALID BREAKOUT
JUBLINGREA,13:37:18,688.05,687.65,0.06,4.83,⚠️ FAKEOUT TRAP (Selling Wick)
AZAD,13:44:18,2227.2,2217.8,0.42,4.9,🔥 VALID BREAKOUT
HYUNDAI,13:54:46,2005.0,2003.5,0.07,1.8,🔥 VALID BREAKOUT
AZAD,13:59:00,2228.9,2217.8,0.5,1.99,⚠️ FAKEOUT TRAP (Selling Wick)
PGEL,14:19:27,573.6,571.2,0.42,2.37,🔥 VALID BREAKOUT
JBCHEPHARM,14:23:56,2388.0,2388.0,0.0,2.34,⚠️ FAKEOUT TRAP (Selling Wick)
PVRINOX,14:24:38,1016.3,1014.9,0.14,1.93,🔥 VALID BREAKOUT
ITCHOTELS,14:34:12,182.99,181.66,0.73,5.19,🔥 VALID BREAKOUT
TORNTPHARM,14:38:27,4816.6,4816.0,0.01,7.41,🔥 VALID BREAKOUT
AEGISLOG,15:03:29,1394.1,1390.0,0.29,2.92,⚠️ FAKEOUT TRAP (Selling Wick)
ICICIGI,15:04:32,1786.6,1783.0,0.2,2.74,🔥 VALID BREAKOUT
DIVISLAB,15:06:21,6847.0,6824.5,0.33,2.1,🔥 VALID BREAKOUT
AEGISLOG,15:09:29,1405.9,1394.0,0.85,3.87,🔥 VALID BREAKOUT
NESTLEIND,15:09:56,1472.1,1469.2,0.2,1.94,🔥 VALID BREAKOUT
JBCHEPHARM,15:12:46,2392.2,2391.1,0.05,1.93,🔥 VALID BREAKOUT
BLACKBUCK,15:13:00,562.5,559.0,0.63,2.83,🔥 VALID BREAKOUT
ICICIGI,15:13:43,1784.8,1783.0,0.1,2.14,⚠️ FAKEOUT TRAP (Selling Wick)
BAJAJ-AUTO,15:13:57,10042.0,10035.0,0.07,2.2,🔥 VALID BREAKOUT
360ONE,16:01:18,1133.3,1133.1,0.02,2.5,⚠️ FAKEOUT TRAP (Selling Wick)
URBANCO,16:01:32,134.35,133.48,0.65,6.0,🔥 VALID BREAKOUT
CANFINHOME,16:01:32,926.8,915.8,1.2,4.12,🔥 VALID BREAKOUT
DLINKINDIA,09:17:39,533.8,533.65,0.03,2.43,🔥 VALID BREAKOUT
DLINKINDIA,09:18:58,536.0,533.65,0.44,3.48,⚠️ FAKEOUT TRAP (Selling Wick)
SUNPHARMA,09:24:10,1926.0,1925.1,0.05,2.12,⚠️ FAKEOUT TRAP (Selling Wick)
CONCORDBIO,09:27:12,1308.8,1303.6,0.4,2.88,🔥 VALID BREAKOUT
CONCORDBIO,09:34:07,1313.8,1303.6,0.78,3.9,⚠️ FAKEOUT TRAP (Selling Wick)
TORNTPHARM,10:50:00,4925.3,4913.0,0.25,3.09,🔥 VALID BREAKOUT
JBCHEPHARM,10:53:20,2454.5,2450.0,0.18,1.98,⚠️ FAKEOUT TRAP (Selling Wick)
HAVELLS,11:04:18,1229.2,1228.8,0.03,1.92,🔥 VALID BREAKOUT
ENDURANCE,11:09:14,2688.4,2684.2,0.16,2.18,🔥 VALID BREAKOUT
SFL,11:17:42,775.0,772.65,0.3,3.67,🔥 VALID BREAKOUT
IIFL,11:21:13,534.9,533.8,0.21,2.17,🔥 VALID BREAKOUT
BALRAMCHIN,09:23:36,577.95,575.7,0.39,5.74,🔥 VALID BREAKOUT,577.95,560.21,598.93,622.16,ATR Estimate,3.6,7.6,1.18,14,8091.3,248.36,16.18,,1 Trading Day,Hard review at 3 trading days — lower conviction setup.,Tier 1 — Ready to Monitor Daily,5.3/10,4.1/10
IIFL,09:54:21,539.75,538.5,0.23,3.12,🔥 VALID BREAKOUT,539.75,519.92,566.37,594.23,ATR Estimate,4.9,10.1,1.34,11,5937.25,218.13,13.19,,1 Trading Day,Hard review at 3 trading days — lower conviction setup.,Tier 2 — Institutional Accumulation,5.7/10,3.6/10
RAYMOND,09:54:25,631.75,631.15,0.1,4.22,🔥 VALID BREAKOUT,631.75,610.26,662.49,693.82,ATR Estimate,4.9,9.8,1.43,10,6317.5,214.9,14.04,,1 Trading Day,Hard review at 3 trading days — lower conviction setup.,Tier 3 — Weak RS,5.0/10,3.6/10
BAJAJCON,09:59:16,634.15,630.0,0.66,7.58,🔥 VALID BREAKOUT,634.15,609.65,660.52,691.05,ATR Estimate,4.2,9.0,1.08,9,5707.35,220.5,12.68,,1 Trading Day,Hard review at 3 trading days — lower conviction setup.,Tier 2 — Institutional Accumulation,7.0/10,3.5/10
IIFL,09:59:28,538.9,538.5,0.07,1.97,⚠️ FAKEOUT TRAP (Selling Wick),538.9,519.92,566.37,594.23,ATR Estimate,5.1,10.3,1.45,11,5927.9,208.78,13.17,,1 Trading Day,Hard review at 3 trading days — lower conviction setup.,Tier 2 — Institutional Accumulation,5.7/10,3.6/10
BAJAJCON,10:04:07,639.4,630.0,1.49,2.78,⚠️ BREAKOUT EXTENDED,639.4,609.65,660.52,691.05,ATR Estimate,3.3,8.1,0.71,7,4475.8,208.25,9.95,,1 Trading Day,Hard review at 3 trading days — lower conviction setup.,Tier 2 — Institutional Accumulation,7.0/10,3.5/10
TIPSMUSIC,10:04:17,707.2,701.0,0.88,3.8,⚠️ BREAKOUT EXTENDED,707.2,679.9,732.65,764.3,ATR Estimate,3.6,8.1,0.93,8,5657.6,218.4,12.57,,1 Trading Day,Hard review at 3 trading days — lower conviction setup.,Tier 2 — Institutional Accumulation,6.1/10,3.8/10
TATAINVEST,10:04:20,688.15,682.9,0.77,1.99,⚠️ BREAKOUT EXTENDED,688.15,669.79,702.57,722.24,ATR Estimate,2.1,5.0,0.79,12,8257.8,220.32,18.35,,2 Trading Days,Reassess at 8 trading days.,Tier 2 — Institutional Accumulation,5.7/10,6.9/10
UNOMINDA,10:09:03,1162.5,1156.7,0.5,2.04,🔥 VALID BREAKOUT,1162.5,1124.66,1204.76,1252.82,ATR Estimate,3.6,7.8,1.12,5,5812.5,189.2,12.92,,1 Trading Day,Hard review at 3 trading days — lower conviction setup.,Tier 2 — Institutional Accumulation,6.0/10,5.3/10
MARKSANS,10:14:07,279.8,276.7,1.12,2.32,⚠️ BREAKOUT EXTENDED,279.8,266.21,292.43,308.16,ATR Estimate,4.5,10.1,0.93,16,4476.8,217.44,9.95,,1 Trading Day,Hard review at 3 trading days — lower conviction setup.,Tier 2 — Institutional Accumulation,6.1/10,3.1/10
IIFL,10:14:13,543.5,538.55,0.92,1.97,⚠️ BREAKOUT EXTENDED,543.5,519.97,566.42,594.29,ATR Estimate,4.2,9.3,0.97,9,4891.5,211.77,10.87,,1 Trading Day,Hard review at 3 trading days — lower conviction setup.,Tier 2 — Institutional Accumulation,5.7/10,3.6/10
RAYMOND,10:14:17,631.2,631.15,0.01,3.31,⚠️ FAKEOUT TRAP (Selling Wick),631.2,610.26,662.49,693.82,ATR Estimate,5.0,9.9,1.49,10,6312.0,209.4,14.03,,1 Trading Day,Hard review at 3 trading days — lower conviction setup.,Tier 3 — Weak RS,5.0/10,3.6/10
UNOMINDA,10:19:26,1167.4,1156.7,0.93,2.63,⚠️ BREAKOUT EXTENDED,1167.4,1124.66,1204.76,1252.82,ATR Estimate,3.2,7.3,0.87,5,5837.0,213.7,12.97,,1 Trading Day,Hard review at 3 trading days — lower conviction setup.,Tier 2 — Institutional Accumulation,6.0/10,5.3/10
ASTERDM,10:32:22,807.0,801.8,0.65,12.28,🔥 VALID BREAKOUT,807.0,777.83,837.76,873.72,ATR Estimate,3.8,8.3,1.05,8,6456.0,233.36,12.91,,2 Trading Days,Hard review at 6 trading days — lower conviction setup.,Tier 2 — Institutional Accumulation,6.5/10,5.8/10
RAINBOW,10:32:36,1479.1,1458.2,1.43,2.98,⚠️ BREAKOUT EXTENDED,1479.1,1424.37,1508.95,1559.69,ATR Estimate,2.0,5.4,0.55,4,5916.4,218.92,11.83,,2 Trading Days,Hard review at 6 trading days — lower conviction setup.,Tier 2 — Institutional Accumulation,5.4/10,4.7/10
RAINBOW,10:47:31,1498.0,1460.5,2.57,1.81,⚠️ BREAKOUT EXTENDED,1498.0,1424.72,1514.17,1567.85,ATR Estimate,1.1,4.7,0.22,3,4494.0,219.84,8.99,,1 Trading Day,Hard review at 3 trading days — lower conviction setup.,Tier 2 — Institutional Accumulation,5.4/10,3.9/10
NEOGEN,11:26:40,2066.6,2046.5,0.98,4.04,⚠️ BREAKOUT EXTENDED,2066.6,1978.35,2148.72,2250.95,ATR Estimate,4.0,8.9,0.93,2,4133.2,176.5,8.27,,1 Trading Day,Hard review at 3 trading days — lower conviction setup.,Tier 2 — Institutional Accumulation,6.4/10,3.4/10
NEOGEN,11:28:14,2063.4,2046.5,0.83,4.86,🔥 VALID BREAKOUT,2063.4,1978.35,2148.72,2250.95,ATR Estimate,4.1,9.1,1.0,2,4126.8,170.1,8.25,,1 Trading Day,Hard review at 3 trading days — lower conviction setup.,Tier 2 — Institutional Accumulation,6.4/10,3.4/10
NEOGEN,11:29:44,2059.4,2046.5,0.63,5.56,⚠️ FAKEOUT TRAP (Selling Wick),2059.4,1978.35,2148.72,2250.95,ATR Estimate,4.3,9.3,1.1,3,6178.2,243.15,12.36,,1 Trading Day,Hard review at 3 trading days — lower conviction setup.,Tier 2 — Institutional Accumulation,6.4/10,3.4/10
LICI,11:57:53,440.5,440.5,0.0,5.12,🔥 VALID BREAKOUT,440.5,432.13,453.05,465.61,ATR Estimate,2.8,5.7,1.5,22,9691.0,184.14,19.38,⚠️ Units capped at 20% concentration limit.,1 Trading Day,Hard review at 3 trading days — lower conviction setup.,Tier 2 — Institutional Accumulation,5.5/10,3.5/10
EXIDEIND,12:16:43,427.15,425.7,0.34,2.5,🔥 VALID BREAKOUT,427.15,413.35,444.22,462.74,ATR Estimate,4.0,8.3,1.24,18,7688.7,248.4,15.38,,1 Trading Day,Hard review at 3 trading days — lower conviction setup.,Tier 2 — Institutional Accumulation,6.0/10,3.1/10
SUDARSCHEM,12:16:53,952.65,948.95,0.39,4.38,🔥 VALID BREAKOUT,952.65,920.01,992.36,1035.78,ATR Estimate,4.2,8.7,1.22,7,6668.55,228.48,13.34,,1 Trading Day,Hard review at 3 trading days — lower conviction setup.,❌ BROKEN / EXTENDED STRUCTURE,4.2/10,6.3/10
SUDARSCHEM,12:27:35,952.5,948.95,0.37,1.85,⚠️ FAKEOUT TRAP (Selling Wick),952.5,920.01,992.36,1035.78,ATR Estimate,4.2,8.7,1.23,7,6667.5,227.43,13.33,,1 Trading Day,Hard review at 3 trading days — lower conviction setup.,❌ BROKEN / EXTENDED STRUCTURE,4.2/10,6.3/10
GRASIM,12:38:21,3222.0,3222.0,0.0,2.09,🔥 VALID BREAKOUT,3222.0,3171.41,3297.88,3373.76,ATR Estimate,2.4,4.7,1.5,3,9666.0,151.77,19.33,⚠️ Units capped at 20% concentration limit.,1 Trading Day,"Up to 6 trading days — high quality, let it run.",Tier 1 — Ready to Monitor Daily,6.2/10,9.1/10
ASTERDM,12:54:41,817.3,815.0,0.28,2.31,🔥 VALID BREAKOUT,817.3,790.06,852.41,889.82,ATR Estimate,4.3,8.9,1.29,9,7355.7,245.16,14.71,,2 Trading Days,Hard review at 6 trading days — lower conviction setup.,Tier 2 — Institutional Accumulation,6.5/10,4.2/10
PREMIERENE,14:19:37,1088.3,1087.5,0.07,2.06,⚠️ FAKEOUT TRAP (Selling Wick),1088.3,1057.16,1133.01,1178.52,ATR Estimate,4.1,8.3,1.44,8,8706.4,249.12,17.41,,1 Trading Day,Reassess at 4 trading days.,Tier 1 — Ready to Monitor Daily,5.6/10,7.7/10
PREMIERENE,15:24:51,1091.7,1087.5,0.39,3.08,🔥 VALID BREAKOUT,1091.7,1057.16,1133.01,1178.52,ATR Estimate,3.8,8.0,1.2,7,7641.9,241.78,15.28,,1 Trading Day,Reassess at 4 trading days.,Tier 1 — Ready to Monitor Daily,5.6/10,7.7/10
BAJAJCON,15:26:53,644.95,643.95,0.16,3.71,🔥 VALID BREAKOUT,644.95,622.64,675.92,707.89,ATR Estimate,4.8,9.8,1.39,11,7094.45,245.41,14.19,,1 Trading Day,Hard review at 3 trading days — lower conviction setup.,Tier 2 — Institutional Accumulation,7.0/10,2.7/10
BAJAJCON,15:28:45,644.3,643.95,0.05,8.66,⚠️ FAKEOUT TRAP (Selling Wick),644.3,622.64,675.92,707.89,ATR Estimate,4.9,9.9,1.46,11,7087.3,238.26,14.17,,1 Trading Day,Hard review at 3 trading days — lower conviction setup.,Tier 2 — Institutional Accumulation,7.0/10,2.7/10
NORTHARC,12:18:07,321.25,320.0,0.39,1.84,⚠️ FAKEOUT TRAP (Selling Wick),321.25,307.46,338.82,357.63,ATR Estimate,5.5,11.3,1.27,18,5782.5,248.22,11.56,,1 Trading Day,Hard review at 3 trading days — lower conviction setup.,❌ BROKEN / EXTENDED STRUCTURE,6.2/10,0.1/10
SAILIFE,12:28:32,1276.0,1272.0,0.31,4.9,🔥 VALID BREAKOUT,1276.0,1234.35,1328.48,1384.95,ATR Estimate,4.1,8.5,1.26,6,7656.0,249.9,15.31,,1 Trading Day,Hard review at 3 trading days — lower conviction setup.,Tier 1 — Ready to Monitor Daily,6.7/10,3.4/10
PREMIERENE,12:28:41,1107.9,1106.0,0.17,4.43,🔥 VALID BREAKOUT,1107.9,1076.47,1150.3,1194.59,ATR Estimate,3.8,7.8,1.35,7,7755.3,220.01,15.51,,1 Trading Day,Hard review at 3 trading days — lower conviction setup.,Tier 1 — Ready to Monitor Daily,5.6/10,5.1/10
SAILIFE,12:31:27,1282.7,1272.0,0.84,2.46,⚠️ BREAKOUT EXTENDED,1282.7,1234.35,1328.48,1384.95,ATR Estimate,3.6,8.0,0.95,5,6413.5,241.75,12.83,,1 Trading Day,Hard review at 3 trading days — lower conviction setup.,Tier 1 — Ready to Monitor Daily,6.7/10,3.4/10
SAILIFE,12:32:54,1276.9,1272.0,0.39,2.78,⚠️ FAKEOUT TRAP (Selling Wick),1276.9,1234.35,1328.48,1384.95,ATR Estimate,4.0,8.5,1.21,5,6384.5,212.75,12.77,,1 Trading Day,Hard review at 3 trading days — lower conviction setup.,Tier 1 — Ready to Monitor Daily,6.7/10,3.4/10
PREMIERENE,12:33:02,1110.6,1106.0,0.42,3.87,⚠️ FAKEOUT TRAP (Selling Wick),1110.6,1076.47,1150.3,1194.59,ATR Estimate,3.6,7.6,1.16,7,7774.2,238.91,15.55,,1 Trading Day,Hard review at 3 trading days — lower conviction setup.,Tier 1 — Ready to Monitor Daily,5.6/10,5.1/10
PREMIERENE,12:34:40,1116.4,1106.0,0.94,8.77,⚠️ BREAKOUT EXTENDED,1116.4,1076.47,1150.3,1194.59,ATR Estimate,3.0,7.0,0.85,6,6698.4,239.58,13.4,,1 Trading Day,Hard review at 3 trading days — lower conviction setup.,Tier 1 — Ready to Monitor Daily,5.6/10,5.1/10
KTKBANK,12:43:25,271.7,271.2,0.18,2.53,🔥 VALID BREAKOUT,271.7,264.37,281.45,291.7,ATR Estimate,3.6,7.4,1.33,34,9237.8,249.22,18.48,,2 Trading Days,Reassess at 8 trading days.,Tier 1 — Ready to Monitor Daily,6.7/10,7.1/10
TMB,12:48:23,789.75,789.75,0.0,4.37,⚠️ FAKEOUT TRAP (Selling Wick),789.75,763.53,829.08,868.41,ATR Estimate,5.0,10.0,1.5,9,7107.75,235.98,14.22,,1 Trading Day,Hard review at 3 trading days — lower conviction setup.,Tier 2 — Institutional Accumulation,6.8/10,4.5/10
KTKBANK,12:59:17,271.4,271.2,0.07,2.4,⚠️ FAKEOUT TRAP (Selling Wick),271.4,264.37,281.45,291.7,ATR Estimate,3.7,7.5,1.43,35,9499.0,246.05,19.0,,2 Trading Days,Reassess at 8 trading days.,Tier 1 — Ready to Monitor Daily,6.7/10,7.1/10
RBLBANK,13:07:02,379.0,377.4,0.42,30.94,🔥 VALID BREAKOUT,379.0,367.29,392.57,407.74,ATR Estimate,3.6,7.6,1.16,21,7959.0,245.91,15.92,,1 Trading Day,Hard review at 3 trading days — lower conviction setup.,Tier 1 — Ready to Monitor Daily,6.7/10,5.6/10
TMB,13:07:14,793.85,790.0,0.49,2.31,🔥 VALID BREAKOUT,793.85,763.77,829.34,868.68,ATR Estimate,4.5,9.4,1.18,8,6350.8,240.64,12.7,,1 Trading Day,Hard review at 3 trading days — lower conviction setup.,Tier 2 — Institutional Accumulation,6.8/10,4.5/10
KTKBANK,13:08:29,274.25,271.9,0.86,7.73,⚠️ BREAKOUT EXTENDED,274.25,265.05,282.18,292.46,ATR Estimate,2.9,6.6,0.86,27,7404.75,248.4,14.81,,2 Trading Days,Reassess at 8 trading days.,Tier 1 — Ready to Monitor Daily,6.7/10,7.1/10
BAJAJCON,13:33:07,663.15,632.6,4.83,3.37,⚠️ BREAKOUT EXTENDED,663.15,610.52,665.72,698.83,ATR Estimate,0.4,5.4,0.05,4,2652.6,210.52,5.31,,1 Trading Day,Hard review at 3 trading days — lower conviction setup.,Tier 2 — Institutional Accumulation,4.7/10,0.4/10,99.1
AETHER,13:33:13,1515.9,1510.0,0.39,3.0,⚠️ FAKEOUT TRAP (Selling Wick),1515.9,1445.98,1606.04,1702.07,ATR Estimate,5.9,12.3,1.29,3,4547.7,209.76,9.1,,1 Trading Day,Reassess at 4 trading days.,Tier 2 — Institutional Accumulation,4.7/10,7.0/10,94.2
MOBIKWIK,13:34:53,209.4,208.58,0.39,4.87,🔥 VALID BREAKOUT,209.4,202.47,217.75,226.91,ATR Estimate,4.0,8.4,1.2,36,7538.4,249.48,15.08,,1 Trading Day,Hard review at 3 trading days — lower conviction setup.,❌ BROKEN / EXTENDED STRUCTURE,4.5/10,4.8/10,N/A
INDOBORAX,13:35:04,453.0,430.0,5.35,3.39,⚠️ BREAKOUT EXTENDED,453.0,409.79,460.31,490.63,ATR Estimate,1.6,8.3,0.17,5,2265.0,216.05,4.53,,1 Trading Day,Reassess at 4 trading days.,Tier 2 — Institutional Accumulation,5.0/10,7.0/10,97.1
MOBIKWIK,13:36:40,211.13,208.58,1.22,6.13,⚠️ BREAKOUT EXTENDED,211.13,202.47,217.75,226.91,ATR Estimate,3.1,7.5,0.76,28,5911.64,242.48,11.82,,1 Trading Day,Hard review at 3 trading days — lower conviction setup.,❌ BROKEN / EXTENDED STRUCTURE,4.5/10,4.8/10,N/A
LICI,13:38:16,443.5,442.8,0.16,5.19,🔥 VALID BREAKOUT,443.5,434.21,455.69,468.57,ATR Estimate,2.7,5.7,1.31,22,9757.0,204.38,19.51,⚠️ Units capped at 20% concentration limit.,1 Trading Day,Hard review at 3 trading days — lower conviction setup.,Tier 2 — Institutional Accumulation,5.6/10,3.7/10,N/A
MOBIKWIK,13:38:25,209.95,208.58,0.66,14.46,⚠️ FAKEOUT TRAP (Selling Wick),209.95,202.47,217.75,226.91,ATR Estimate,3.7,8.1,1.04,33,6928.35,246.84,13.86,,1 Trading Day,Hard review at 3 trading days — lower conviction setup.,❌ BROKEN / EXTENDED STRUCTURE,4.5/10,4.8/10,N/A
INDNIPPON,13:38:32,1176.8,1048.6,12.23,2.96,⚠️ BREAKOUT EXTENDED,1176.8,1006.45,1111.83,1175.06,ATR Estimate,-5.5,-0.1,-0.38,1,1176.8,170.35,2.35,,1 Trading Day,Reassess at 4 trading days.,Tier 2 — Institutional Accumulation,5.0/10,7.0/10,90.3
BETA,13:40:16,2332.6,2250.0,3.67,2.4,⚠️ BREAKOUT EXTENDED,2332.6,2109.6,2460.6,2671.2,ATR Estimate,5.5,14.5,0.57,1,2332.6,223.0,4.67,,1 Trading Day,Reassess at 4 trading days.,Tier 2 — Institutional Accumulation,4.7/10,7.0/10,90.7
LICI,13:41:44,445.2,442.8,0.54,2.33,⚠️ BREAKOUT EXTENDED,445.2,434.21,455.69,468.57,ATR Estimate,2.4,5.2,0.95,22,9794.4,241.78,19.59,,1 Trading Day,Hard review at 3 trading days — lower conviction setup.,Tier 2 — Institutional Accumulation,5.6/10,3.7/10,N/A
AKUMS,13:43:34,690.0,671.35,2.78,1.95,⚠️ BREAKOUT EXTENDED,690.0,650.4,702.77,734.19,ATR Estimate,1.9,6.4,0.32,6,4140.0,237.6,8.28,,1 Trading Day,Reassess at 4 trading days.,Tier 2 — Institutional Accumulation,5.8/10,7.0/10,89.4
AARVI,14:06:34,159.65,154.7,3.2,4.09,⚠️ BREAKOUT EXTENDED,159.65,146.27,167.35,179.99,ATR Estimate,4.8,12.7,0.58,18,2873.7,240.84,5.75,,1 Trading Day,Reassess at 4 trading days.,Tier 2 — Institutional Accumulation,5.0/10,7.0/10,83.3
KARURVYSYA,14:07:49,307.9,307.6,0.1,2.24,🔥 VALID BREAKOUT,307.9,299.17,320.24,332.88,ATR Estimate,4.0,8.1,1.41,28,8621.2,244.44,17.24,,1 Trading Day,Hard review at 3 trading days — lower conviction setup.,Tier 2 — Institutional Accumulation,6.5/10,5.8/10,N/A
NORTHARC,14:11:17,324.65,323.2,0.45,2.34,🔥 VALID BREAKOUT,324.65,310.53,342.2,361.21,ATR Estimate,5.4,11.3,1.24,17,5519.05,240.04,11.04,,1 Trading Day,Hard review at 3 trading days — lower conviction setup.,❌ BROKEN / EXTENDED STRUCTURE,6.2/10,0.1/10,N/A
NORTHARC,14:12:49,324.1,323.2,0.28,3.46,⚠️ FAKEOUT TRAP (Selling Wick),324.1,310.53,342.2,361.21,ATR Estimate,5.6,11.5,1.33,18,5833.8,244.26,11.67,,1 Trading Day,Hard review at 3 trading days — lower conviction setup.,❌ BROKEN / EXTENDED STRUCTURE,6.2/10,0.1/10,N/A
INDOTECH,14:20:40,3304.3,3300.0,0.13,3.95,⚠️ FAKEOUT TRAP (Selling Wick),3304.3,3148.2,3527.7,3755.4,ATR Estimate,6.8,13.7,1.43,1,3304.3,156.1,6.61,,1 Trading Day,Reassess at 4 trading days.,Tier 2 — Institutional Accumulation,5.3/10,7.0/10,98.8
SBILIFE,14:21:50,1857.7,1855.0,0.15,2.31,🔥 VALID BREAKOUT,1857.7,1816.97,1912.04,1969.08,ATR Estimate,2.9,6.0,1.33,5,9288.5,203.65,18.58,⚠️ Units capped at 20% concentration limit.,1 Trading Day,Reassess at 4 trading days.,Tier 1 — Ready to Monitor Daily,5.7/10,8.0/10,N/A
UFBL,14:25:08,747.3,735.0,1.67,2.0,⚠️ BREAKOUT EXTENDED,747.3,699.43,788.36,841.72,ATR Estimate,5.5,12.6,0.86,5,3736.5,239.35,7.47,,1 Trading Day,Reassess at 4 trading days.,Tier 2 — Institutional Accumulation,5.3/10,7.0/10,99.6
NH,14:42:24,2026.1,2025.1,0.05,4.18,🔥 VALID BREAKOUT,2026.1,1974.67,2100.74,2176.37,ATR Estimate,3.7,7.4,1.45,4,8104.4,205.72,16.21,,1 Trading Day,Hard review at 3 trading days — lower conviction setup.,Tier 2 — Institutional Accumulation,5.6/10,4.5/10,N/A
NH,14:47:03,2030.9,2025.1,0.29,1.82,⚠️ FAKEOUT TRAP (Selling Wick),2030.9,1974.67,2100.74,2176.37,ATR Estimate,3.4,7.2,1.24,4,8123.6,224.92,16.25,,1 Trading Day,Hard review at 3 trading days — lower conviction setup.,Tier 2 — Institutional Accumulation,5.6/10,4.5/10,N/A
TMB,14:48:35,795.35,794.2,0.14,10.74,🔥 VALID BREAKOUT,795.35,767.83,833.75,873.3,ATR Estimate,4.8,9.8,1.4,9,7158.15,247.68,14.32,,1 Trading Day,Hard review at 3 trading days — lower conviction setup.,Tier 2 — Institutional Accumulation,6.8/10,4.5/10,N/A
MEGASTAR,14:54:10,382.0,377.0,1.33,6.86,⚠️ BREAKOUT EXTENDED,382.0,362.11,399.34,421.67,ATR Estimate,4.5,10.4,0.87,12,4584.0,238.68,9.17,,1 Trading Day,Reassess at 4 trading days.,Tier 2 — Institutional Accumulation,5.0/10,7.0/10,91.6
MEGASTAR,14:59:13,377.0,377.0,0.0,31.6,⚠️ FAKEOUT TRAP (Selling Wick),377.0,362.11,399.34,421.67,ATR Estimate,5.9,11.8,1.5,16,6032.0,238.24,12.06,,1 Trading Day,Reassess at 4 trading days.,Tier 2 — Institutional Accumulation,5.0/10,7.0/10,91.6
TMB,15:02:27,798.0,794.2,0.48,6.48,⚠️ FAKEOUT TRAP (Selling Wick),798.0,767.83,833.75,873.3,ATR Estimate,4.5,9.4,1.18,8,6384.0,241.36,12.77,,1 Trading Day,Hard review at 3 trading days — lower conviction setup.,Tier 2 — Institutional Accumulation,6.8/10,4.5/10,N/A
NYKAA,15:04:35,330.25,325.5,1.46,2.13,⚠️ BREAKOUT EXTENDED,330.25,317.75,337.12,348.74,ATR Estimate,2.1,5.6,0.55,20,6605.0,250.0,13.21,,1 Trading Day,Reassess at 4 trading days.,Tier 2 — Institutional Accumulation,4.7/10,7.0/10,84.5
AARVI,15:08:03,155.6,154.7,0.58,2.08,⚠️ FAKEOUT TRAP (Selling Wick),155.6,146.27,167.35,179.99,ATR Estimate,7.6,15.7,1.26,26,4045.6,242.58,8.09,,1 Trading Day,Reassess at 4 trading days.,Tier 2 — Institutional Accumulation,5.0/10,7.0/10,83.3
SBILIFE,15:09:13,1861.3,1855.0,0.34,2.86,⚠️ FAKEOUT TRAP (Selling Wick),1861.3,1816.97,1912.04,1969.08,ATR Estimate,2.7,5.8,1.14,5,9306.5,221.65,18.61,,1 Trading Day,Reassess at 4 trading days.,Tier 1 — Ready to Monitor Daily,5.7/10,8.0/10,N/A
GANDHAR,15:09:40,204.24,195.8,4.31,3.46,⚠️ BREAKOUT EXTENDED,204.24,188.26,207.11,218.41,ATR Estimate,1.4,6.9,0.18,15,3063.6,239.7,6.13,,1 Trading Day,Reassess at 4 trading days.,Tier 2 — Institutional Accumulation,5.5/10,7.0/10,86.0
EQUITASBNK,15:12:51,82.08,82.05,0.04,2.42,🔥 VALID BREAKOUT,82.08,79.47,85.93,89.8,ATR Estimate,4.7,9.4,1.48,95,7797.6,247.95,15.6,,1 Trading Day,Hard review at 3 trading days — lower conviction setup.,❌ BROKEN / EXTENDED STRUCTURE,6.5/10,1.1/10,N/A
KTKBANK,15:14:01,276.55,275.0,0.56,4.98,🔥 VALID BREAKOUT,276.55,268.07,285.39,295.79,ATR Estimate,3.2,7.0,1.04,29,8019.95,245.92,16.04,,2 Trading Days,Reassess at 8 trading days.,Tier 1 — Ready to Monitor Daily,6.7/10,7.1/10,N/A
INDHOTEL,15:14:22,753.6,752.8,0.11,2.04,🔥 VALID BREAKOUT,753.6,738.42,774.37,795.94,ATR Estimate,2.8,5.6,1.37,13,9796.8,197.34,19.59,⚠️ Units capped at 20% concentration limit.,1 Trading Day,Hard review at 3 trading days — lower conviction setup.,Tier 2 — Institutional Accumulation,5.5/10,3.1/10,N/A
SUDARSCHEM,15:16:05,996.05,988.9,0.72,2.94,🔥 VALID BREAKOUT,996.05,956.27,1037.85,1086.8,ATR Estimate,4.2,9.1,1.05,6,5976.3,238.68,11.95,,1 Trading Day,Hard review at 3 trading days — lower conviction setup.,❌ BROKEN / EXTENDED STRUCTURE,4.5/10,0.3/10,N/A
EQUITASBNK,15:17:43,82.08,82.05,0.04,2.12,⚠️ FAKEOUT TRAP (Selling Wick),82.08,79.47,85.93,89.8,ATR Estimate,4.7,9.4,1.48,95,7797.6,247.95,15.6,,1 Trading Day,Hard review at 3 trading days — lower conviction setup.,❌ BROKEN / EXTENDED STRUCTURE,6.5/10,1.1/10,N/A
SUDARSCHEM,15:17:45,1001.0,988.9,1.22,9.32,⚠️ BREAKOUT EXTENDED,1001.0,956.27,1037.85,1086.8,ATR Estimate,3.7,8.6,0.82,5,5005.0,223.65,10.01,,1 Trading Day,Hard review at 3 trading days — lower conviction setup.,❌ BROKEN / EXTENDED STRUCTURE,4.5/10,0.3/10,N/A
KAPSTON,15:19:40,417.1,392.25,6.34,1.85,⚠️ BREAKOUT EXTENDED,417.1,373.42,420.49,448.73,ATR Estimate,0.8,7.6,0.08,5,2085.5,218.4,4.17,,1 Trading Day,Reassess at 4 trading days.,Tier 2 — Institutional Accumulation,4.7/10,7.0/10,93.7
TMB,15:28:53,807.0,800.15,0.86,3.36,⚠️ BREAKOUT EXTENDED,807.0,773.59,840.0,879.84,ATR Estimate,4.1,9.0,0.99,7,5649.0,233.87,11.3,,1 Trading Day,Hard review at 3 trading days — lower conviction setup.,Tier 2 — Institutional Accumulation,6.8/10,4.5/10,N/A
AAVAS,15:29:06,1531.9,1530.8,0.07,3.48,⚠️ FAKEOUT TRAP (Selling Wick),1531.9,1489.01,1593.49,1656.17,ATR Estimate,4.0,8.1,1.44,5,7659.5,214.45,15.32,,1 Trading Day,Hard review at 3 trading days — lower conviction setup.,❌ BROKEN / EXTENDED STRUCTURE,4.5/10,3.5/10,N/A
PVRINOX,12:14:28,Master Terminal,1025.0,1019.0,0.59,1.95,🔥 VALID BREAKOUT,1025.0,993.22,1057.67,1096.34,ATR Estimate,3.2,7.0,1.03,5,5125.0,158.9,14.64,,1 Trading Day,Reassess at 4 trading days.,Tier 1 — Ready to Monitor Daily,5.5/10,8.2/10,
PVRINOX,12:19:06,Master Terminal,1026.0,1019.0,0.69,3.61,⚠️ BREAKOUT EXTENDED,1026.0,993.22,1057.67,1096.34,ATR Estimate,3.1,6.9,0.97,5,5130.0,163.9,14.66,,1 Trading Day,Reassess at 4 trading days.,Tier 1 — Ready to Monitor Daily,5.5/10,8.2/10,
PVRINOX,12:25:02,Master Terminal,1019.2,1019.0,0.02,6.99,⚠️ FAKEOUT TRAP (Selling Wick),1019.2,993.22,1057.67,1096.34,ATR Estimate,3.8,7.6,1.48,6,6115.2,155.88,17.47,,1 Trading Day,Reassess at 4 trading days.,Tier 1 — Ready to Monitor Daily,5.5/10,8.2/10,
ASAHIINDIA,12:29:52,Master Terminal,930.55,929.0,0.17,6.22,🔥 VALID BREAKOUT,930.55,897.41,976.38,1023.76,ATR Estimate,4.9,10.0,1.38,5,4652.75,165.7,13.29,,1 Trading Day,Hard review at 3 trading days — lower conviction setup.,❌ BROKEN / EXTENDED STRUCTURE,5.9/10,1.8/10,
LAURUSLABS,12:33:07,Earnings Gap Scanner,1555.8,1551.6,0.27,2.19,🔥 VALID BREAKOUT,1555.8,1512.81,1609.78,1667.97,ATR Estimate,3.5,7.2,1.26,4,6223.2,171.96,17.78,,1 Trading Day,Hard review at 3 trading days — lower conviction setup.,Earnings Setup — 🔵 WATCH,Silent Setup,0.1/10,100
MPHASIS,12:49:41,Master Terminal,2405.0,2402.8,0.09,4.94,🔥 VALID BREAKOUT,2405.0,2331.68,2509.48,2616.17,ATR Estimate,4.3,8.8,1.42,2,4810.0,146.64,13.74,,1 Trading Day,Hard review at 3 trading days — lower conviction setup.,Tier 3 — Weak RS,4.9/10,2.7/10,
BEML,12:54:09,Master Terminal,1874.7,1867.0,0.41,1.9,🔥 VALID BREAKOUT,1874.7,1807.63,1956.06,2045.11,ATR Estimate,4.3,9.1,1.21,2,3749.4,134.14,10.71,,1 Trading Day,Reassess at 4 trading days.,Tier 3 — Weak RS,4.9/10,6.8/10,
BEML,12:57:04,Master Terminal,1873.0,1867.0,0.32,1.86,⚠️ FAKEOUT TRAP (Selling Wick),1873.0,1807.63,1956.06,2045.11,ATR Estimate,4.4,9.2,1.27,2,3746.0,130.74,10.7,,1 Trading Day,Reassess at 4 trading days.,Tier 3 — Weak RS,4.9/10,6.8/10,
KTKBANK,13:07:19,Master Terminal,278.8,277.5,0.47,4.96,🔥 VALID BREAKOUT,278.8,270.51,287.99,298.48,ATR Estimate,3.3,7.1,1.11,21,5854.8,174.09,16.73,,2 Trading Days,Reassess at 8 trading days.,Tier 1 — Ready to Monitor Daily,6.7/10,7.1/10,
JBMA,13:12:14,Master Terminal,701.1,695.95,0.74,25.87,🔥 VALID BREAKOUT,701.1,675.0,727.37,758.79,ATR Estimate,3.7,8.2,1.01,6,4206.6,156.6,12.02,,3 Trading Days,Hard review at 9 trading days — lower conviction setup.,Tier 2 — Institutional Accumulation,5.7/10,5.3/10,
JBMA,13:13:47,Master Terminal,702.05,695.95,0.88,46.04,⚠️ BREAKOUT EXTENDED,702.05,675.0,727.37,758.79,ATR Estimate,3.6,8.1,0.94,6,4212.3,162.3,12.04,,3 Trading Days,Hard review at 9 trading days — lower conviction setup.,Tier 2 — Institutional Accumulation,5.7/10,5.3/10,
JBMA,13:18:19,Master Terminal,698.05,695.95,0.3,3.82,⚠️ FAKEOUT TRAP (Selling Wick),698.05,675.0,727.37,758.79,ATR Estimate,4.2,8.7,1.27,7,4886.35,161.35,13.96,,3 Trading Days,Hard review at 9 trading days — lower conviction setup.,Tier 2 — Institutional Accumulation,5.7/10,5.3/10,
NEOGEN,13:26:03,Master Terminal,2117.1,2106.0,0.53,12.41,🔥 VALID BREAKOUT,2117.1,2029.76,2220.36,2334.71,ATR Estimate,4.9,10.3,1.18,2,4234.2,174.68,12.1,,1 Trading Day,Hard review at 3 trading days — lower conviction setup.,❌ BROKEN / EXTENDED STRUCTURE,6.4/10,1.4/10,
BAJAJ-AUTO,13:49:46,Master Terminal,10299.5,10298.0,0.01,1.9,🔥 VALID BREAKOUT,10299.5,10079.68,10625.48,10952.95,ATR Estimate,3.2,6.3,1.48,0,0,0,0,Position too small for capital/risk combination.,1 Trading Day,Reassess at 4 trading days.,Tier 1 — Ready to Monitor Daily,6.3/10,8.0/10,
GLENMARK,13:49:48,Master Terminal,2316.0,2304.1,0.52,2.04,🔥 VALID BREAKOUT,2316.0,2249.03,2386.7,2469.3,ATR Estimate,3.1,6.6,1.06,2,4632.0,133.94,13.23,,1 Trading Day,Reassess at 4 trading days.,Tier 1 — Ready to Monitor Daily,5.9/10,7.4/10,
GLENMARK,13:54:18,Master Terminal,2320.7,2304.1,0.72,1.96,⚠️ BREAKOUT EXTENDED,2320.7,2249.03,2386.7,2469.3,ATR Estimate,2.8,6.4,0.92,2,4641.4,143.34,13.26,,1 Trading Day,Reassess at 4 trading days.,Tier 1 — Ready to Monitor Daily,5.9/10,7.4/10,
SHYAMMETL,14:08:08,Master Terminal,1023.65,1002.8,2.08,1.97,⚠️ BREAKOUT EXTENDED,1023.65,977.23,1041.16,1079.51,ATR Estimate,1.7,5.5,0.38,3,3070.95,139.26,8.77,,1 Trading Day,Reassess at 4 trading days.,Tier 1 — Ready to Monitor Daily,5.8/10,6.9/10,
BAJAJ-AUTO,14:17:01,Master Terminal,10379.5,10298.0,0.79,4.29,⚠️ BREAKOUT EXTENDED,10379.5,10079.68,10625.48,10952.95,ATR Estimate,2.4,5.5,0.82,0,0,0,0,Position too small for capital/risk combination.,1 Trading Day,Reassess at 4 trading days.,Tier 1 — Ready to Monitor Daily,6.3/10,8.0/10,
SBILIFE,14:17:06,Master Terminal,1859.5,1855.0,0.24,2.62,⚠️ FAKEOUT TRAP (Selling Wick),1859.5,1816.97,1912.04,1969.08,ATR Estimate,2.8,5.9,1.24,3,5578.5,127.59,15.94,⚠️ Units capped at 20% concentration limit.,1 Trading Day,Reassess at 4 trading days.,Tier 1 — Ready to Monitor Daily,5.7/10,8.0/10,
CONCORDBIO,14:17:24,Master Terminal,1337.0,1336.2,0.06,3.02,⚠️ FAKEOUT TRAP (Selling Wick),1337.0,1293.44,1400.34,1464.48,ATR Estimate,4.7,9.5,1.45,4,5348.0,174.24,15.28,,3 Trading Days,Hard review at 9 trading days — lower conviction setup.,❌ BROKEN / EXTENDED STRUCTURE,3.8/10,3.7/10,
BAJAJ-AUTO,14:18:35,Master Terminal,10396.0,10358.0,0.37,4.53,🔥 VALID BREAKOUT,10396.0,10139.45,10685.83,11013.66,ATR Estimate,2.8,5.9,1.13,0,0,0,0,Position too small for capital/risk combination.,1 Trading Day,Hard review at 3 trading days — lower conviction setup.,Tier 1 — Ready to Monitor Daily,6.4/10,4.5/10,
EQUITASBNK,14:19:04,Master Terminal,83.1,83.0,0.12,1.93,⚠️ FAKEOUT TRAP (Selling Wick),83.1,80.35,86.97,90.94,ATR Estimate,4.7,9.4,1.41,90,7479.0,247.5,14.96,,1 Trading Day,Hard review at 3 trading days — lower conviction setup.,❌ BROKEN / EXTENDED STRUCTURE,6.5/10,1.7/10,
CONCORDBIO,14:19:08,Master Terminal,1336.4,1336.2,0.01,4.22,⚠️ FAKEOUT TRAP (Selling Wick),1336.4,1295.71,1396.93,1457.66,ATR Estimate,4.5,9.1,1.49,6,8018.4,244.14,16.04,,2 Trading Days,Hard review at 6 trading days — lower conviction setup.,❌ BROKEN / EXTENDED STRUCTURE,3.9/10,3.9/10,
INDNIPPON,14:22:35,Hybrid Alpha (SOVEREIGN_ALPHA_V24),1226.7,1223.7,0.25,4.35,🔥 VALID BREAKOUT,1226.7,1193.11,1269.59,1315.48,ATR Estimate,3.5,7.2,1.28,7,8586.9,235.13,17.17,,1 Trading Day,Reassess at 4 trading days.,Tier 1 — Ready to Monitor Daily,9.7/10,7.0/10,91.2
INDNIPPON,14:27:43,Hybrid Alpha (SOVEREIGN_ALPHA_V24),1231.8,1223.7,0.66,2.58,⚠️ BREAKOUT EXTENDED,1231.8,1193.11,1269.59,1315.48,ATR Estimate,3.1,6.8,0.98,6,7390.8,232.14,14.78,,1 Trading Day,Reassess at 4 trading days.,Tier 1 — Ready to Monitor Daily,9.7/10,7.0/10,91.2
DCBBANK,14:28:48,Master Terminal,193.27,192.34,0.48,3.11,🔥 VALID BREAKOUT,193.27,186.82,200.62,208.9,ATR Estimate,3.8,8.1,1.14,38,7344.26,245.1,14.69,,1 Trading Day,Hard review at 3 trading days — lower conviction setup.,Tier 1 — Ready to Monitor Daily,6.5/10,3.2/10,
SSWL,14:29:13,Master Terminal,253.2,250.49,1.08,14.01,⚠️ BREAKOUT EXTENDED,253.2,242.5,262.48,274.46,ATR Estimate,3.7,8.4,0.87,23,5823.6,246.1,11.65,,1 Trading Day,Hard review at 3 trading days — lower conviction setup.,Tier 2 — Institutional Accumulation,5.6/10,3.2/10,
CONCORDBIO,14:29:23,Master Terminal,1339.8,1336.2,0.27,2.42,🔥 VALID BREAKOUT,1339.8,1295.71,1396.93,1457.66,ATR Estimate,4.3,8.8,1.3,5,6699.0,220.45,13.4,,2 Trading Days,Hard review at 6 trading days — lower conviction setup.,❌ BROKEN / EXTENDED STRUCTURE,3.9/10,3.9/10,
GNA,14:29:25,Hybrid Alpha (SOVEREIGN_ALPHA_V24),527.0,519.95,1.36,2.31,⚠️ BREAKOUT EXTENDED,527.0,506.95,539.45,558.95,ATR Estimate,2.4,6.1,0.62,12,6324.0,240.6,12.65,,1 Trading Day,Reassess at 4 trading days.,Tier 1 — Ready to Monitor Daily,9.8/10,7.0/10,89.7
BANDHANBNK,14:32:47,Master Terminal,213.22,212.9,0.15,2.16,⚠️ FAKEOUT TRAP (Selling Wick),213.22,205.51,223.98,235.06,ATR Estimate,5.0,10.2,1.4,32,6823.04,246.72,13.65,,1 Trading Day,Hard review at 3 trading days — lower conviction setup.,Tier 2 — Institutional Accumulation,6.2/10,4.2/10,
IBULLSLTD,14:33:02,Hybrid Alpha (SOVEREIGN_ALPHA_V24),31.11,31.11,0.0,2.86,⚠️ FAKEOUT TRAP (Selling Wick),31.11,30.33,32.28,33.44,ATR Estimate,3.8,7.5,1.5,320,9955.2,249.6,19.91,,1 Trading Day,Reassess at 4 trading days.,Tier 1 — Ready to Monitor Daily,9.8/10,7.0/10,98.5
NAZARA,14:36:18,Master Terminal,311.75,309.95,0.58,7.01,🔥 VALID BREAKOUT,311.75,301.15,323.15,336.36,ATR Estimate,3.7,7.9,1.08,23,7170.25,243.8,14.34,,1 Trading Day,Hard review at 3 trading days — lower conviction setup.,Tier 3 — Weak RS,5.0/10,5.3/10,
GNA,14:38:09,Hybrid Alpha (SOVEREIGN_ALPHA_V24),525.7,523.95,0.33,1.98,🔥 VALID BREAKOUT,525.7,510.85,543.6,563.25,ATR Estimate,3.4,7.1,1.21,16,8411.2,237.6,16.82,,1 Trading Day,Reassess at 4 trading days.,Tier 1 — Ready to Monitor Daily,9.8/10,7.0/10,89.7
NAZARA,14:39:42,Master Terminal,312.85,309.95,0.94,17.82,⚠️ BREAKOUT EXTENDED,312.85,301.15,323.15,336.36,ATR Estimate,3.3,7.5,0.88,21,6569.85,245.7,13.14,,1 Trading Day,Hard review at 3 trading days — lower conviction setup.,Tier 3 — Weak RS,5.0/10,5.3/10,
NAZARA,14:43:12,Master Terminal,311.05,309.95,0.35,2.45,⚠️ FAKEOUT TRAP (Selling Wick),311.05,301.15,323.15,336.36,ATR Estimate,3.9,8.1,1.22,25,7776.25,247.5,15.55,,1 Trading Day,Hard review at 3 trading days — lower conviction setup.,Tier 3 — Weak RS,5.0/10,5.3/10,
CONCORDBIO,14:48:25,Master Terminal,1350.0,1338.3,0.87,2.99,⚠️ BREAKOUT EXTENDED,1350.0,1297.75,1399.13,1459.95,ATR Estimate,3.6,8.1,0.94,4,5400.0,209.0,10.8,,2 Trading Days,Hard review at 6 trading days — lower conviction setup.,❌ BROKEN / EXTENDED STRUCTURE,3.9/10,3.9/10,
PVRINOX,14:49:39,Master Terminal,1030.0,1028.55,0.14,5.47,🔥 VALID BREAKOUT,1030.0,1003.66,1065.89,1103.22,ATR Estimate,3.5,7.1,1.36,9,9270.0,237.06,18.54,,1 Trading Day,Hard review at 3 trading days — lower conviction setup.,Tier 1 — Ready to Monitor Daily,5.6/10,5.5/10,
HESTERBIO,14:53:32,Hybrid Alpha (SOVEREIGN_ALPHA_V24),2545.0,2545.0,0.0,273.11,⚠️ FAKEOUT TRAP (Selling Wick),2545.0,2481.38,2640.44,2735.88,ATR Estimate,3.8,7.5,1.5,3,7635.0,190.86,15.27,,1 Trading Day,Reassess at 4 trading days.,Tier 1 — Ready to Monitor Daily,9.8/10,7.0/10,94.1
MOTILALOFS,14:54:42,Master Terminal,983.35,982.95,0.04,3.38,🔥 VALID BREAKOUT,983.35,958.38,1019.81,1056.67,ATR Estimate,3.7,7.5,1.46,10,9833.5,249.7,19.67,,1 Trading Day,Hard review at 3 trading days — lower conviction setup.,Tier 1 — Ready to Monitor Daily,5.9/10,4.3/10,
BANDHANBNK,14:54:57,Master Terminal,214.01,213.1,0.43,2.14,🔥 VALID BREAKOUT,214.01,205.71,224.19,235.28,ATR Estimate,4.8,9.9,1.23,30,6420.3,249.0,12.84,,1 Trading Day,Hard review at 3 trading days — lower conviction setup.,Tier 2 — Institutional Accumulation,6.2/10,4.2/10,
MOTILALOFS,14:58:05,Master Terminal,985.75,982.95,0.28,7.45,⚠️ FAKEOUT TRAP (Selling Wick),985.75,958.38,1019.81,1056.67,ATR Estimate,3.5,7.2,1.24,9,8871.75,246.33,17.74,,1 Trading Day,Hard review at 3 trading days — lower conviction setup.,Tier 1 — Ready to Monitor Daily,5.9/10,4.3/10,
EMAMILTD,15:02:09,Master Terminal,427.65,427.35,0.07,6.3,⚠️ FAKEOUT TRAP (Selling Wick),427.65,415.85,444.59,461.84,ATR Estimate,4.0,8.0,1.44,21,8980.65,247.8,17.96,,1 Trading Day,Hard review at 3 trading days — lower conviction setup.,❌ BROKEN / EXTENDED STRUCTURE,4.2/10,6.1/10,
KTKBANK,15:03:18,Master Terminal,278.85,278.85,0.0,4.79,🔥 VALID BREAKOUT,278.85,271.63,289.68,300.52,ATR Estimate,3.9,7.8,1.5,34,9480.9,245.48,18.96,,1 Trading Day,Hard review at 3 trading days — lower conviction setup.,Tier 1 — Ready to Monitor Daily,6.7/10,5.5/10,
EMAMILTD,15:03:52,Master Terminal,427.8,427.35,0.11,8.77,🔥 VALID BREAKOUT,427.8,415.85,444.59,461.84,ATR Estimate,3.9,8.0,1.41,20,8556.0,239.0,17.11,,1 Trading Day,Hard review at 3 trading days — lower conviction setup.,❌ BROKEN / EXTENDED STRUCTURE,4.2/10,6.1/10,
KTKBANK,15:10:03,Master Terminal,279.3,278.85,0.16,5.12,⚠️ FAKEOUT TRAP (Selling Wick),279.3,271.63,289.68,300.52,ATR Estimate,3.7,7.6,1.35,32,8937.6,245.44,17.88,,1 Trading Day,Hard review at 3 trading days — lower conviction setup.,Tier 1 — Ready to Monitor Daily,6.7/10,5.5/10,
NEOGEN,15:14:07,Master Terminal,2141.0,2133.5,0.35,4.01,⚠️ FAKEOUT TRAP (Selling Wick),2141.0,2053.92,2252.87,2372.24,ATR Estimate,5.2,10.8,1.28,2,4282.0,174.16,8.56,,1 Trading Day,Hard review at 3 trading days — lower conviction setup.,❌ BROKEN / EXTENDED STRUCTURE,6.5/10,2.4/10,
IBULLSLTD,15:14:15,Hybrid Alpha (SOVEREIGN_ALPHA_V24),31.11,31.11,0.0,3.56,🔥 VALID BREAKOUT,31.11,30.33,32.28,33.44,ATR Estimate,3.8,7.5,1.5,320,9955.2,249.6,19.91,,1 Trading Day,Reassess at 4 trading days.,Tier 1 — Ready to Monitor Daily,9.8/10,7.0/10,98.5
NEOGEN,15:19:31,Master Terminal,2164.9,2133.5,1.47,6.73,⚠️ BREAKOUT EXTENDED,2164.9,2053.92,2252.87,2372.24,ATR Estimate,4.1,9.6,0.79,2,4329.8,221.96,8.66,,1 Trading Day,Hard review at 3 trading days — lower conviction setup.,❌ BROKEN / EXTENDED STRUCTURE,6.5/10,2.4/10,
UNIVASTU,15:26:31,Hybrid Alpha (SOVEREIGN_ALPHA_V24),104.64,104.64,0.0,2.74,⚠️ FAKEOUT TRAP (Selling Wick),104.64,102.02,108.56,112.49,ATR Estimate,3.7,7.5,1.5,95,9940.8,248.9,19.88,,1 Trading Day,Reassess at 4 trading days.,Tier 1 — Ready to Monitor Daily,9.7/10,7.0/10,90.8
GREAVESCOT,10:58:14,Hybrid Alpha (SOVEREIGN_ALPHA_V24),271.44,270.0,0.53,3.69,🔥 VALID BREAKOUT,271.44,263.25,280.12,290.25,ATR Estimate,3.2,6.9,1.06,30,8143.2,245.7,16.29,,1 Trading Day,Reassess at 4 trading days.,Tier 1 — Ready to Monitor Daily,9.9/10,7.0/10,91.7
ADANIGREEN,11:11:29,Master Terminal,1611.3,1585.6,1.62,1.88,⚠️ BREAKOUT EXTENDED,1611.3,1536.45,1659.33,1733.06,ATR Estimate,3.0,7.6,0.64,3,4833.9,224.55,9.67,,1 Trading Day,Hard review at 3 trading days — lower conviction setup.,Tier 1 — Ready to Monitor Daily,6.7/10,3.9/10,
ADANIENT,11:12:05,Master Terminal,3213.6,3195.0,0.58,2.06,🔥 VALID BREAKOUT,3213.6,3098.83,3339.25,3483.51,ATR Estimate,3.9,8.4,1.09,2,6427.2,229.54,12.85,,1 Trading Day,Hard review at 3 trading days — lower conviction setup.,❌ BROKEN / EXTENDED STRUCTURE,6.3/10,1.8/10,
ARSSBL,11:17:05,Master Terminal,588.0,584.1,0.67,10.44,🔥 VALID BREAKOUT,588.0,566.58,610.38,636.67,ATR Estimate,3.8,8.3,1.04,11,6468.0,235.62,12.94,,1 Trading Day,Hard review at 3 trading days — lower conviction setup.,Tier 1 — Ready to Monitor Daily,5.0/10,2.9/10,
ARSSBL,11:22:08,Master Terminal,589.95,584.1,1.0,4.4,⚠️ BREAKOUT EXTENDED,589.95,566.58,610.38,636.67,ATR Estimate,3.5,7.9,0.87,10,5899.5,233.7,11.8,,1 Trading Day,Hard review at 3 trading days — lower conviction setup.,Tier 1 — Ready to Monitor Daily,5.0/10,2.9/10,
ARSSBL,11:27:13,Master Terminal,585.9,584.1,0.31,2.67,⚠️ FAKEOUT TRAP (Selling Wick),585.9,566.58,610.38,636.67,ATR Estimate,4.2,8.7,1.27,12,7030.8,231.84,14.06,,1 Trading Day,Hard review at 3 trading days — lower conviction setup.,Tier 1 — Ready to Monitor Daily,5.0/10,2.9/10,
VTL,11:27:17,Master Terminal,657.95,655.2,0.42,5.45,🔥 VALID BREAKOUT,657.95,635.22,685.18,715.15,ATR Estimate,4.1,8.7,1.2,10,6579.5,227.3,13.16,,3 Trading Days,Hard review at 9 trading days — lower conviction setup.,Tier 2 — Institutional Accumulation,6.4/10,6.3/10,
VTL,11:33:50,Master Terminal,657.95,655.2,0.42,2.9,⚠️ FAKEOUT TRAP (Selling Wick),657.95,635.22,685.18,715.15,ATR Estimate,4.1,8.7,1.2,10,6579.5,227.3,13.16,,3 Trading Days,Hard review at 9 trading days — lower conviction setup.,Tier 2 — Institutional Accumulation,6.4/10,6.3/10,
RAYMOND,11:51:56,Master Terminal,644.5,640.0,0.7,3.96,🔥 VALID BREAKOUT,644.5,617.92,673.12,706.24,ATR Estimate,4.4,9.6,1.08,9,5800.5,239.22,11.6,,1 Trading Day,Hard review at 3 trading days — lower conviction setup.,❌ BROKEN / EXTENDED STRUCTURE,5.0/10,2.4/10,
GOODLUCK,12:12:39,Emerging Leaders (Weekly),1605.6,1593.3,0.77,3.3,⚠️ FAKEOUT TRAP (Selling Wick),1605.6,1538.97,1674.8,1756.29,ATR Estimate,4.3,9.4,1.04,3,4816.8,199.89,9.63,,10–20 Trading Days,"Up to 60 trading days — high quality, let it run.",Emerging Leader — Pre-Breakout Phase,6.4/10,10.0/10,
DIVISLAB,12:24:05,Master Terminal,7123.5,7109.0,0.2,3.0,⚠️ BREAKOUT EXTENDED,7123.5,6705.67,7355.0,7822.5,Trade Plan,3.2,9.8,0.55,0,0,0,0,Position too small for capital/risk combination.,1 Trading Day,Reassess at 4 trading days.,Tier 1 — Ready to Monitor Daily,5.7/10,8.4/10,
WANBURY,13:25:00,Hybrid Alpha (SOVEREIGN_ALPHA_V24),347.2,347.05,0.04,3.36,🔥 VALID BREAKOUT,347.2,338.37,360.06,373.08,ATR Estimate,3.7,7.5,1.46,28,9721.6,247.24,19.44,,1 Trading Day,Reassess at 4 trading days.,Tier 1 — Ready to Monitor Daily,9.7/10,7.0/10,87.1
FLUOROCHEM,13:45:07,Master Terminal,3955.9,3949.0,0.17,3.18,🔥 VALID BREAKOUT,3955.9,3847.91,4100.64,4252.28,ATR Estimate,3.7,7.5,1.34,2,7911.8,215.98,15.82,,2 Trading Days,Hard review at 6 trading days — lower conviction setup.,Tier 2 — Institutional Accumulation,6.0/10,6.3/10,
TBZ,14:02:15,Hybrid Alpha (SOVEREIGN_ALPHA_V24),257.83,256.63,0.47,4.46,🔥 VALID BREAKOUT,257.83,250.21,266.25,275.88,ATR Estimate,3.3,7.0,1.1,32,8250.56,243.84,16.5,,1 Trading Day,Reassess at 4 trading days.,Tier 1 — Ready to Monitor Daily,9.7/10,7.0/10,91.6
TBZ,14:07:38,Hybrid Alpha (SOVEREIGN_ALPHA_V24),261.59,256.63,1.93,8.01,⚠️ BREAKOUT EXTENDED,261.59,250.21,266.25,275.88,ATR Estimate,1.8,5.5,0.41,21,5493.39,238.98,10.99,,1 Trading Day,Reassess at 4 trading days.,Tier 1 — Ready to Monitor Daily,9.7/10,7.0/10,91.6
HSCL,14:16:05,Master Terminal,673.75,671.0,0.41,5.27,🔥 VALID BREAKOUT,673.75,646.37,707.94,744.88,ATR Estimate,5.1,10.6,1.25,9,6063.75,246.42,12.13,,3 Trading Days,Hard review at 9 trading days — lower conviction setup.,Tier 2 — Institutional Accumulation,6.5/10,4.9/10,
VOLTAS,14:18:00,Master Terminal,1361.0,1359.5,0.11,4.72,🔥 VALID BREAKOUT,1361.0,1329.05,1405.18,1450.86,ATR Estimate,3.2,6.6,1.38,7,9527.0,223.65,19.05,,2 Trading Days,Hard review at 6 trading days — lower conviction setup.,Tier 2 — Institutional Accumulation,5.7/10,4.6/10,
HSCL,14:19:39,Master Terminal,671.2,671.0,0.03,34.56,⚠️ FAKEOUT TRAP (Selling Wick),671.2,646.37,707.94,744.88,ATR Estimate,5.5,11.0,1.48,10,6712.0,248.3,13.42,,3 Trading Days,Hard review at 9 trading days — lower conviction setup.,Tier 2 — Institutional Accumulation,6.5/10,4.9/10,
AARTIIND,09:32:11,Master Terminal,498.5,495.85,0.53,6.1,⚠️ FAKEOUT TRAP (Selling Wick),498.5,482.07,516.53,537.2,ATR Estimate,3.6,7.8,1.1,15,7477.5,246.45,14.95,,2 Trading Days,Reassess at 8 trading days.,Tier 2 — Institutional Accumulation,6.0/10,6.7/10,
FLUOROCHEM,09:32:11,Master Terminal,3973.2,3964.3,0.22,2.2,⚠️ FAKEOUT TRAP (Selling Wick),3973.2,3861.23,4118.91,4273.52,ATR Estimate,3.7,7.6,1.3,2,7946.4,223.94,15.89,,2 Trading Days,Hard review at 6 trading days — lower conviction setup.,Tier 2 — Institutional Accumulation,5.9/10,4.4/10,
COROMANDEL,09:32:15,Master Terminal,2098.0,2079.7,0.88,2.38,⚠️ BREAKOUT EXTENDED,2098.0,2020.22,2168.92,2258.14,ATR Estimate,3.4,7.6,0.91,3,6294.0,233.34,12.59,,1 Trading Day,Hard review at 3 trading days — lower conviction setup.,Tier 3 — Weak RS,4.8/10,4.7/10,
UNIVASTU,09:32:23,Hybrid Alpha (SOVEREIGN_ALPHA_V24),112.19,109.0,2.93,7.06,⚠️ BREAKOUT EXTENDED,112.19,106.28,113.09,117.17,ATR Estimate,0.8,4.4,0.15,42,4711.98,248.22,9.42,,1 Trading Day,Reassess at 4 trading days.,Tier 1 — Ready to Monitor Daily,9.7/10,7.0/10,90.5
NEOGEN,09:32:31,Earnings Gap Scanner,2224.0,2164.9,2.73,1.92,⚠️ BREAKOUT EXTENDED,2224.0,2110.78,2246.08,2327.27,ATR Estimate,1.0,4.6,0.2,2,4448.0,226.44,8.9,,1 Trading Day,Hard review at 3 trading days — lower conviction setup.,Earnings Setup — 🔵 WATCH,Silent Setup,0.1/10,95
HYUNDAI,09:33:48,Master Terminal,2031.7,2000.1,1.58,2.06,⚠️ BREAKOUT EXTENDED,2031.7,1950.5,2074.5,2148.91,ATR Estimate,2.1,5.8,0.53,3,6095.1,243.6,12.19,,1 Trading Day,Hard review at 3 trading days — lower conviction setup.,Tier 1 — Ready to Monitor Daily,5.3/10,5.0/10,
VIMTALABS,09:33:48,Master Terminal,575.35,574.75,0.1,2.3,🔥 VALID BREAKOUT,575.35,554.35,605.36,635.96,ATR Estimate,5.2,10.5,1.43,11,6328.85,231.0,12.66,,3 Trading Days,Hard review at 9 trading days — lower conviction setup.,Tier 1 — Ready to Monitor Daily,5.3/10,3.4/10,
AVALON,09:33:51,Master Terminal,1788.5,1783.5,0.28,2.51,🔥 VALID BREAKOUT,1788.5,1700.39,1908.17,2032.83,ATR Estimate,6.7,13.7,1.36,2,3577.0,176.22,7.15,,2 Trading Days,Hard review at 6 trading days — lower conviction setup.,Tier 2 — Institutional Accumulation,6.9/10,3.0/10,
SOLARINDS,09:33:55,Master Terminal,18524.0,18346.0,0.97,2.15,⚠️ BREAKOUT EXTENDED,18524.0,17713.06,19295.41,20244.81,ATR Estimate,4.2,9.3,0.95,0,0,0,0,Position too small for capital/risk combination.,2 Trading Days,Hard review at 6 trading days — lower conviction setup.,Tier 2 — Institutional Accumulation,6.3/10,5.4/10,
AARTIIND,09:33:56,Master Terminal,502.7,495.85,1.38,7.39,⚠️ BREAKOUT EXTENDED,502.7,482.07,516.53,537.2,ATR Estimate,2.8,6.9,0.67,12,6032.4,247.56,12.06,,2 Trading Days,Reassess at 8 trading days.,Tier 2 — Institutional Accumulation,6.0/10,6.7/10,
FLUOROCHEM,09:33:57,Master Terminal,4019.6,3964.3,1.39,3.15,⚠️ BREAKOUT EXTENDED,4019.6,3861.23,4118.91,4273.52,ATR Estimate,2.5,6.3,0.63,1,4019.6,158.37,8.04,,2 Trading Days,Hard review at 6 trading days — lower conviction setup.,Tier 2 — Institutional Accumulation,5.9/10,4.4/10,
BANDHANBNK,09:34:01,Master Terminal,214.9,214.2,0.33,3.22,🔥 VALID BREAKOUT,214.9,206.72,225.41,236.63,ATR Estimate,4.9,10.1,1.28,30,6447.0,245.4,12.89,,1 Trading Day,Hard review at 3 trading days — lower conviction setup.,❌ BROKEN / EXTENDED STRUCTURE,6.2/10,2.4/10,
INDOBORAX,09:34:09,Earnings Gap Scanner,496.8,493.9,0.59,1.84,⚠️ FAKEOUT TRAP (Selling Wick),496.8,481.55,512.42,530.94,ATR Estimate,3.1,6.9,1.02,16,7948.8,244.0,15.9,,1 Trading Day,Hard review at 3 trading days — lower conviction setup.,Earnings Setup — 🔵 WATCH,Silent Setup,0.1/10,98
FILATEX,09:34:13,Earnings Gap Scanner,67.04,66.97,0.1,2.95,🔥 VALID BREAKOUT,67.04,65.3,69.48,71.99,ATR Estimate,3.6,7.4,1.4,143,9586.72,248.82,19.17,,1 Trading Day,Hard review at 3 trading days — lower conviction setup.,Earnings Setup — 🔵 WATCH,Silent Setup,0.4/10,90
RATEGAIN,09:34:22,Earnings Gap Scanner,983.0,962.25,2.16,2.78,⚠️ BREAKOUT EXTENDED,983.0,938.19,998.33,1034.42,ATR Estimate,1.6,5.2,0.34,5,4915.0,224.05,9.83,,1 Trading Day,Hard review at 3 trading days — lower conviction setup.,Earnings Setup — 🔵 WATCH,Silent Setup,0.2/10,96
FORTIS,09:37:10,Master Terminal,983.3,972.5,1.11,2.0,⚠️ BREAKOUT EXTENDED,983.3,951.4,1004.15,1035.81,ATR Estimate,2.1,5.3,0.65,7,6883.1,223.3,13.77,,2 Trading Days,Reassess at 8 trading days.,Tier 1 — Ready to Monitor Daily,6.0/10,8.2/10,
VIMTALABS,09:37:15,Master Terminal,584.15,574.75,1.64,6.53,⚠️ BREAKOUT EXTENDED,584.15,554.35,605.36,635.96,ATR Estimate,3.6,8.9,0.71,8,4673.2,238.4,9.35,,3 Trading Days,Hard review at 9 trading days — lower conviction setup.,Tier 1 — Ready to Monitor Daily,5.3/10,3.4/10,
NAZARA,09:39:07,Master Terminal,313.45,312.9,0.18,11.11,🔥 VALID BREAKOUT,313.45,303.73,326.65,340.4,ATR Estimate,4.2,8.6,1.36,25,7836.25,243.0,15.67,,1 Trading Day,Hard review at 3 trading days — lower conviction setup.,Tier 3 — Weak RS,4.9/10,2.9/10,
BANDHANBNK,09:39:09,Master Terminal,215.52,214.2,0.62,5.21,⚠️ FAKEOUT TRAP (Selling Wick),215.52,206.72,225.41,236.63,ATR Estimate,4.6,9.8,1.12,28,6034.56,246.4,12.07,,1 Trading Day,Hard review at 3 trading days — lower conviction setup.,❌ BROKEN / EXTENDED STRUCTURE,6.2/10,2.4/10,
FILATEX,09:39:22,Earnings Gap Scanner,67.52,66.97,0.82,3.61,⚠️ BREAKOUT EXTENDED,67.52,65.3,69.48,71.99,ATR Estimate,2.9,6.6,0.88,112,7562.24,248.64,15.12,,1 Trading Day,Hard review at 3 trading days — lower conviction setup.,Earnings Setup — 🔵 WATCH,Silent Setup,0.4/10,90
MANKIND,09:44:00,Master Terminal,2572.0,2572.0,0.0,4.11,🔥 VALID BREAKOUT,2572.0,2509.24,2666.14,2760.27,ATR Estimate,3.7,7.3,1.5,3,7716.0,188.28,15.43,,2 Trading Days,Hard review at 6 trading days — lower conviction setup.,Tier 1 — Ready to Monitor Daily,5.4/10,5.6/10,
NAZARA,09:44:12,Master Terminal,314.5,312.9,0.51,2.42,⚠️ FAKEOUT TRAP (Selling Wick),314.5,303.73,326.65,340.4,ATR Estimate,3.9,8.2,1.13,23,7233.5,247.71,14.47,,1 Trading Day,Hard review at 3 trading days — lower conviction setup.,Tier 3 — Weak RS,4.9/10,2.9/10,
BANDHANBNK,09:44:14,Master Terminal,216.29,214.2,0.98,2.92,⚠️ BREAKOUT EXTENDED,216.29,206.72,225.41,236.63,ATR Estimate,4.2,9.4,0.95,26,5623.54,248.82,11.25,,1 Trading Day,Hard review at 3 trading days — lower conviction setup.,❌ BROKEN / EXTENDED STRUCTURE,6.2/10,2.4/10,
FORTIS,09:47:21,Master Terminal,983.6,979.25,0.44,2.2,⚠️ FAKEOUT TRAP (Selling Wick),983.6,958.0,1011.12,1043.0,ATR Estimate,2.8,6.0,1.08,9,8852.4,230.4,17.7,,2 Trading Days,Reassess at 8 trading days.,Tier 1 — Ready to Monitor Daily,6.0/10,8.2/10,
MANKIND,09:49:08,Master Terminal,2581.9,2572.0,0.38,2.84,⚠️ FAKEOUT TRAP (Selling Wick),2581.9,2509.24,2666.14,2760.27,ATR Estimate,3.3,6.9,1.16,3,7745.7,217.98,15.49,,2 Trading Days,Hard review at 6 trading days — lower conviction setup.,Tier 1 — Ready to Monitor Daily,5.4/10,5.6/10,
LICI,09:54:32,Master Terminal,446.65,446.0,0.15,2.57,🔥 VALID BREAKOUT,446.65,437.62,458.58,471.15,ATR Estimate,2.7,5.5,1.32,22,9826.3,198.66,19.65,⚠️ Units capped at 20% concentration limit.,1 Trading Day,Hard review at 3 trading days — lower conviction setup.,Tier 2 — Institutional Accumulation,5.6/10,3.7/10,
LICHSGFIN,10:13:22,Master Terminal,559.85,555.9,0.71,2.04,⚠️ BREAKOUT EXTENDED,559.85,543.73,574.16,592.42,ATR Estimate,2.6,5.8,0.89,15,8397.75,241.8,16.8,,2 Trading Days,Hard review at 6 trading days — lower conviction setup.,Tier 1 — Ready to Monitor Daily,5.2/10,5.6/10,
TMB,10:18:48,Master Terminal,815.15,812.45,0.33,2.66,🔥 VALID BREAKOUT,815.15,785.48,852.91,893.37,ATR Estimate,4.6,9.6,1.27,8,6521.2,237.36,13.04,,1 Trading Day,Hard review at 3 trading days — lower conviction setup.,❌ BROKEN / EXTENDED STRUCTURE,6.8/10,1.1/10,
DALBHARAT,10:24:07,Master Terminal,1803.8,1794.4,0.52,3.81,🔥 VALID BREAKOUT,1803.8,1750.62,1860.08,1925.75,ATR Estimate,3.1,6.8,1.06,4,7215.2,212.72,14.43,,1 Trading Day,"Up to 6 trading days — high quality, let it run.",❌ BROKEN / EXTENDED STRUCTURE,4.3/10,8.6/10,
METROPOLIS,10:27:30,Master Terminal,571.6,570.95,0.11,1.98,🔥 VALID BREAKOUT,571.6,552.45,598.7,626.45,ATR Estimate,4.7,9.6,1.42,13,7430.8,248.95,14.86,,1 Trading Day,Hard review at 3 trading days — lower conviction setup.,Tier 2 — Institutional Accumulation,6.1/10,4.8/10,
SOLARINDS,10:29:13,Master Terminal,18645.0,18568.0,0.41,2.08,🔥 VALID BREAKOUT,18645.0,17927.4,19528.89,20489.79,ATR Estimate,4.7,9.9,1.23,0,0,0,0,Position too small for capital/risk combination.,2 Trading Days,Hard review at 6 trading days — lower conviction setup.,Tier 2 — Institutional Accumulation,6.3/10,5.4/10,
ULTRACEMCO,10:32:34,Master Terminal,11794.0,11722.0,0.61,4.79,⚠️ BREAKOUT EXTENDED,11794.0,11529.76,12010.36,12298.72,ATR Estimate,1.8,4.3,0.82,0,0,0,0,Position too small for capital/risk combination.,1 Trading Day,"Up to 6 trading days — high quality, let it run.",Tier 1 — Ready to Monitor Daily,5.2/10,9.6/10,
METROPOLIS,10:34:33,Master Terminal,571.5,570.95,0.1,2.55,⚠️ FAKEOUT TRAP (Selling Wick),571.5,552.45,598.7,626.45,ATR Estimate,4.8,9.6,1.43,13,7429.5,247.65,14.86,,1 Trading Day,Hard review at 3 trading days — lower conviction setup.,Tier 2 — Institutional Accumulation,6.1/10,4.8/10,
RAMCOCEM,10:34:42,Master Terminal,950.0,946.6,0.36,18.81,🔥 VALID BREAKOUT,950.0,924.07,980.39,1014.19,ATR Estimate,3.2,6.8,1.17,9,8550.0,233.37,17.1,,1 Trading Day,Hard review at 3 trading days — lower conviction setup.,❌ BROKEN / EXTENDED STRUCTURE,4.5/10,6.2/10,
DALBHARAT,10:34:43,Master Terminal,1819.4,1794.4,1.39,6.32,⚠️ BREAKOUT EXTENDED,1819.4,1750.62,1860.08,1925.75,ATR Estimate,2.2,5.8,0.59,3,5458.2,206.34,10.92,,1 Trading Day,"Up to 6 trading days — high quality, let it run.",❌ BROKEN / EXTENDED STRUCTURE,4.3/10,8.6/10,
PAISALO,10:36:38,Earnings Gap Scanner,74.06,73.93,0.18,3.14,🔥 VALID BREAKOUT,74.06,72.08,76.7,79.47,ATR Estimate,3.6,7.3,1.33,126,9331.56,249.48,18.66,,1 Trading Day,Hard review at 3 trading days — lower conviction setup.,Earnings Setup — 🔵 WATCH,Silent Setup,0.3/10,98
JSWCEMENT,10:39:57,Master Terminal,140.26,139.53,0.52,2.18,🔥 VALID BREAKOUT,140.26,136.47,144.11,148.7,ATR Estimate,2.7,6.0,1.02,65,9116.9,246.35,18.23,,1 Trading Day,Hard review at 3 trading days — lower conviction setup.,❌ BROKEN / EXTENDED STRUCTURE,5.0/10,2.2/10,
RAMCOCEM,10:39:58,Master Terminal,949.05,946.6,0.26,1.94,⚠️ FAKEOUT TRAP (Selling Wick),949.05,924.07,980.39,1014.19,ATR Estimate,3.3,6.9,1.25,10,9490.5,249.8,18.98,,1 Trading Day,Hard review at 3 trading days — lower conviction setup.,❌ BROKEN / EXTENDED STRUCTURE,4.5/10,6.2/10,
MANKIND,10:43:08,Master Terminal,2624.5,2604.0,0.79,1.87,⚠️ BREAKOUT EXTENDED,2624.5,2540.46,2699.31,2794.61,ATR Estimate,2.9,6.5,0.89,2,5249.0,168.08,10.5,,2 Trading Days,Hard review at 6 trading days — lower conviction setup.,Tier 1 — Ready to Monitor Daily,5.4/10,5.6/10,
METROPOLIS,10:43:17,Master Terminal,580.5,570.95,1.67,4.55,⚠️ BREAKOUT EXTENDED,580.5,552.45,598.7,626.45,ATR Estimate,3.1,7.9,0.65,8,4644.0,224.4,9.29,,1 Trading Day,Hard review at 3 trading days — lower conviction setup.,Tier 2 — Institutional Accumulation,6.1/10,4.8/10,
AARTIIND,10:43:18,Master Terminal,509.0,507.0,0.39,2.97,🔥 VALID BREAKOUT,509.0,492.91,528.14,549.28,ATR Estimate,3.8,7.9,1.19,15,7635.0,241.35,15.27,,2 Trading Days,Reassess at 8 trading days.,Tier 2 — Institutional Accumulation,6.0/10,6.7/10,
JSWCEMENT,10:43:23,Master Terminal,140.18,139.53,0.47,3.99,⚠️ FAKEOUT TRAP (Selling Wick),140.18,136.47,144.11,148.7,ATR Estimate,2.8,6.1,1.06,67,9392.06,248.57,18.78,,1 Trading Day,Hard review at 3 trading days — lower conviction setup.,❌ BROKEN / EXTENDED STRUCTURE,5.0/10,2.2/10,
FLUOROCHEM,11:28:51,Master Terminal,4033.8,4029.9,0.1,1.84,🔥 VALID BREAKOUT,4033.8,3925.12,4187.07,4344.23,ATR Estimate,3.8,7.7,1.41,2,8067.6,217.36,16.14,,2 Trading Days,Hard review at 6 trading days — lower conviction setup.,Tier 2 — Institutional Accumulation,5.9/10,4.4/10,
SUNPHARMA,11:41:02,Master Terminal,1961.3,1959.8,0.08,1.93,🔥 VALID BREAKOUT,1961.3,1928.44,2006.84,2053.87,ATR Estimate,2.3,4.7,1.39,5,9806.5,164.3,19.61,⚠️ Units capped at 20% concentration limit.,1 Trading Day,Hard review at 3 trading days — lower conviction setup.,Tier 1 — Ready to Monitor Daily,6.0/10,4.8/10,
HAPPYFORGE,11:54:12,Earnings Gap Scanner,1633.4,1623.5,0.61,11.5,🔥 VALID BREAKOUT,1633.4,1582.91,1684.38,1745.26,ATR Estimate,3.1,6.8,1.01,4,6533.6,201.96,13.07,,1 Trading Day,Hard review at 3 trading days — lower conviction setup.,Earnings Setup — 🔵 WATCH,Silent Setup,0.0/10,91
UNIVASTU,11:57:57,Hybrid Alpha (SOVEREIGN_ALPHA_V24),112.3,112.19,0.1,8.07,🔥 VALID BREAKOUT,112.3,109.39,116.4,120.6,ATR Estimate,3.7,7.4,1.41,85,9545.5,247.35,19.09,,1 Trading Day,Reassess at 4 trading days.,Tier 1 — Ready to Monitor Daily,9.7/10,7.0/10,90.5
ROLEXRINGS,12:05:29,Master Terminal,147.7,147.64,0.04,4.03,⚠️ FAKEOUT TRAP (Selling Wick),147.7,143.88,153.29,158.93,ATR Estimate,3.8,7.6,1.46,65,9600.5,248.3,19.2,,2 Trading Days,Hard review at 6 trading days — lower conviction setup.,Tier 1 — Ready to Monitor Daily,5.4/10,6.3/10,
UNIONBANK,12:14:31,Master Terminal,176.29,173.61,1.54,11.44,⚠️ BREAKOUT EXTENDED,176.29,169.11,180.35,187.1,ATR Estimate,2.3,6.1,0.57,34,5993.86,244.12,11.99,,1 Trading Day,Hard review at 3 trading days — lower conviction setup.,Tier 2 — Institutional Accumulation,6.4/10,3.9/10,
ATHERENERG,12:14:45,Earnings Gap Scanner,1315.4,1313.6,0.14,2.04,🔥 VALID BREAKOUT,1315.4,1280.76,1362.86,1412.12,ATR Estimate,3.6,7.4,1.37,7,9207.8,242.48,18.42,,1 Trading Day,Hard review at 3 trading days — lower conviction setup.,Earnings Setup — 🔵 WATCH,Silent Setup,0.1/10,99
KPIGREEN,12:18:14,Master Terminal,410.55,409.85,0.17,24.16,🔥 VALID BREAKOUT,410.55,401.28,422.7,435.55,ATR Estimate,3.0,6.1,1.31,24,9853.2,222.48,19.71,⚠️ Units capped at 20% concentration limit.,2 Trading Days,Reassess at 8 trading days.,❌ BROKEN / EXTENDED STRUCTURE,4.3/10,6.9/10,
UNIONBANK,12:19:55,Master Terminal,173.96,173.61,0.2,15.91,⚠️ FAKEOUT TRAP (Selling Wick),173.96,169.11,180.35,187.1,ATR Estimate,3.7,7.6,1.32,51,8871.96,247.35,17.74,,1 Trading Day,Hard review at 3 trading days — lower conviction setup.,Tier 2 — Institutional Accumulation,6.4/10,3.9/10,
UNIONBANK,12:27:13,Master Terminal,174.64,173.61,0.59,2.23,🔥 VALID BREAKOUT,174.64,169.11,180.35,187.1,ATR Estimate,3.3,7.1,1.03,45,7858.8,248.85,15.72,,1 Trading Day,Hard review at 3 trading days — lower conviction setup.,Tier 2 — Institutional Accumulation,6.4/10,3.9/10,
ASTERDM,13:08:41,Master Terminal,825.95,824.0,0.24,6.03,🔥 VALID BREAKOUT,825.95,803.56,854.65,885.31,ATR Estimate,3.5,7.2,1.28,11,9085.45,246.29,18.17,,1 Trading Day,Hard review at 3 trading days — lower conviction setup.,Tier 1 — Ready to Monitor Daily,6.6/10,5.4/10,
ICICIPRULI,13:47:53,Master Terminal,528.3,527.4,0.17,17.25,🔥 VALID BREAKOUT,528.3,514.43,546.86,566.32,ATR Estimate,3.5,7.2,1.34,18,9509.4,249.66,19.02,,2 Trading Days,Reassess at 8 trading days.,Tier 3 — Weak RS,4.6/10,7.4/10,
LLOYDSME,14:07:49,Master Terminal,1849.3,1848.0,0.07,4.23,🔥 VALID BREAKOUT,1849.3,1794.04,1928.94,2009.88,ATR Estimate,4.3,8.7,1.44,4,7397.2,221.04,14.79,,1 Trading Day,Reassess at 4 trading days.,Tier 1 — Ready to Monitor Daily,6.2/10,6.7/10,
FILATEX,14:16:50,Earnings Gap Scanner,69.53,69.01,0.75,2.39,⚠️ BREAKOUT EXTENDED,69.53,67.28,71.6,74.19,ATR Estimate,3.0,6.7,0.92,111,7717.83,249.75,15.44,,1 Trading Day,Hard review at 3 trading days — lower conviction setup.,Earnings Setup — 🔵 WATCH,Silent Setup,0.1/10,94
ROLEXRINGS,14:36:43,Master Terminal,153.5,150.9,1.72,14.95,⚠️ BREAKOUT EXTENDED,153.5,147.11,156.58,162.26,ATR Estimate,2.0,5.7,0.48,39,5986.5,249.21,11.97,,1 Trading Day,Reassess at 4 trading days.,Tier 1 — Ready to Monitor Daily,5.6/10,6.9/10,
LLOYDSME,14:43:22,Master Terminal,1870.0,1848.0,1.19,3.0,⚠️ BREAKOUT EXTENDED,1870.0,1794.04,1928.94,2009.88,ATR Estimate,3.2,7.5,0.78,3,5610.0,227.88,11.22,,1 Trading Day,Reassess at 4 trading days.,Tier 1 — Ready to Monitor Daily,6.2/10,6.7/10,
HFCL,15:23:03,Earnings Gap Scanner,223.41,223.41,0.0,1.9,🔥 VALID BREAKOUT,223.41,217.82,231.79,240.17,ATR Estimate,3.8,7.5,1.5,44,9830.04,245.96,19.66,,1 Trading Day,Hard review at 3 trading days — lower conviction setup.,Earnings Setup — 🔵 WATCH,Event Setup,0.3/10,99
ASTERDM,15:24:14,Master Terminal,825.0,824.0,0.12,2.97,⚠️ FAKEOUT TRAP (Selling Wick),825.0,803.56,854.65,885.31,ATR Estimate,3.6,7.3,1.38,11,9075.0,235.84,18.15,,1 Trading Day,Hard review at 3 trading days — lower conviction setup.,Tier 1 — Ready to Monitor Daily,6.6/10,5.4/10,
DALBHARAT,15:24:35,Master Terminal,1829.0,1828.4,0.03,2.25,🔥 VALID BREAKOUT,1829.0,1784.88,1893.67,1958.95,ATR Estimate,3.5,7.1,1.47,5,9145.0,220.6,18.29,,1 Trading Day,Hard review at 3 trading days — lower conviction setup.,❌ BROKEN / EXTENDED STRUCTURE,4.5/10,5.3/10,
PIXTRANS,15:24:49,Earnings Gap Scanner,1922.5,1918.5,0.21,3.08,🔥 VALID BREAKOUT,1922.5,1870.54,1990.44,2062.39,ATR Estimate,3.5,7.3,1.31,4,7690.0,207.84,15.38,,1 Trading Day,Hard review at 3 trading days — lower conviction setup.,Earnings Setup — 🔵 WATCH,Silent Setup,0.1/10,89
TORNTPHARM,15:24:50,Earnings Gap Scanner,5024.7,5024.0,0.01,1.85,🔥 VALID BREAKOUT,5024.7,4898.4,5212.4,5400.8,ATR Estimate,3.7,7.5,1.49,1,5024.7,126.3,10.05,,1 Trading Day,Hard review at 3 trading days — lower conviction setup.,Earnings Setup — 🔵 WATCH,Silent Setup,0.1/10,86
AMBER,11:31:32,Master Terminal,7958.0,7954.5,0.04,3.49,0.55,🔥 VALID BREAKOUT,7958.0,7753.25,8256.37,8558.25,ATR Estimate,3.7,7.5,1.46,1,7958.0,204.75,15.92,,2 Trading Days,Reassess at 8 trading days.,Tier 2 — Institutional Accumulation,5.5/10,6.7/10,
JSL,11:34:07,Master Terminal,732.2,731.35,0.12,3.21,0.38,🔥 VALID BREAKOUT,732.2,714.46,756.69,782.03,ATR Estimate,3.3,6.8,1.38,13,9518.6,230.62,19.04,⚠️ Units capped at 20% concentration limit.,1 Trading Day,Reassess at 4 trading days.,Tier 1 — Ready to Monitor Daily,5.8/10,6.9/10,
JSL,11:43:23,Master Terminal,732.2,731.35,0.12,2.39,0.39,⚠️ FAKEOUT TRAP (Selling Wick),732.2,714.46,756.69,782.03,ATR Estimate,3.3,6.8,1.38,13,9518.6,230.62,19.04,⚠️ Units capped at 20% concentration limit.,1 Trading Day,Reassess at 4 trading days.,Tier 1 — Ready to Monitor Daily,5.8/10,6.9/10,
JSL,12:27:50,Master Terminal,737.3,733.0,0.59,2.41,0.43,⚠️ BREAKOUT EXTENDED,737.3,716.07,758.4,783.8,ATR Estimate,2.9,6.3,0.99,11,8110.3,233.53,16.22,,1 Trading Day,Reassess at 4 trading days.,Tier 1 — Ready to Monitor Daily,5.8/10,6.9/10,
FILATEX,12:32:09,Hybrid Alpha (SOVEREIGN_ALPHA_V24),73.33,72.7,0.87,1.82,4.98,⚠️ BREAKOUT EXTENDED,73.33,70.88,75.43,78.15,ATR Estimate,2.9,6.6,0.86,102,7479.66,249.9,14.96,,1 Trading Day,Reassess at 4 trading days.,Tier 1 — Ready to Monitor Daily,9.8/10,7.0/10,90.7
TITAN,13:39:46,Emerging Leaders (Weekly),4640.5,4640.47,0.0,1.93,0.49,🔥 VALID BREAKOUT,4640.5,4554.62,4769.24,4898.02,ATR Estimate,2.8,5.5,1.5,4,18562.0,343.52,18.56,⚠️ Units capped at 20% concentration limit.,10–20 Trading Days,Up to 10–20 Trading Days — long-horizon emergence structure. Look for multi-week trend run.,Emerging Leader — Pre-Breakout Phase,6.9/10,9.8/10,
PREMIERPOL,14:32:44,Hybrid Alpha (SOVEREIGN_ALPHA_V24),77.4,76.8,0.78,1.91,3.53,⚠️ BREAKOUT EXTENDED,77.4,74.88,79.68,82.56,ATR Estimate,2.9,6.7,0.9,198,15325.2,498.96,15.33,,1 Trading Day,Reassess at 4 trading days.,Tier 1 — Ready to Monitor Daily,9.9/10,7.0/10,92.6
FILATEX,14:43:27,Hybrid Alpha (SOVEREIGN_ALPHA_V24),75.43,75.0,0.57,5.93,5.97,🔥 VALID BREAKOUT,75.43,73.12,77.81,80.62,ATR Estimate,3.2,6.9,1.03,216,16292.88,498.96,16.29,,1 Trading Day,Reassess at 4 trading days.,Tier 1 — Ready to Monitor Daily,9.9/10,7.0/10,92.3
FILATEX,14:54:11,Hybrid Alpha (SOVEREIGN_ALPHA_V24),75.05,75.0,0.07,2.63,6.17,⚠️ FAKEOUT TRAP (Selling Wick),75.05,73.12,77.81,80.62,ATR Estimate,3.7,7.4,1.43,259,19437.95,499.87,19.44,,1 Trading Day,Reassess at 4 trading days.,Tier 1 — Ready to Monitor Daily,9.9/10,7.0/10,92.3
SAILIFE,15:02:05,Master Terminal,1295.5,1292.0,0.27,14.97,0.61,🔥 VALID BREAKOUT,1295.5,1255.82,1346.26,1400.53,ATR Estimate,3.9,8.1,1.28,12,15546.0,476.16,15.55,,1 Trading Day,Hard review at 3 trading days — lower conviction setup.,Tier 1 — Ready to Monitor Daily,6.7/10,5.4/10,
TORNTPHARM,15:02:24,Emerging Leaders (Weekly),4964.2,4948.06,0.33,39.0,1.31,🔥 VALID BREAKOUT,4964.2,4833.76,5119.51,5290.96,ATR Estimate,3.1,6.6,1.19,3,14892.6,391.32,14.89,,10–20 Trading Days,Up to 10–20 Trading Days — long-horizon emergence structure. Look for multi-week trend run.,Emerging Leader — Pre-Breakout Phase,6.3/10,9.8/10,
TORNTPHARM,15:03:47,Emerging Leaders (Weekly),4978.0,4948.06,0.61,51.9,1.38,⚠️ BREAKOUT EXTENDED,4978.0,4833.76,5119.51,5290.96,ATR Estimate,2.8,6.3,0.98,3,14934.0,432.72,14.93,,10–20 Trading Days,Up to 10–20 Trading Days — long-horizon emergence structure. Look for multi-week trend run.,Emerging Leader — Pre-Breakout Phase,6.3/10,9.8/10,
SAILIFE,15:08:41,Master Terminal,1294.8,1292.0,0.22,7.65,0.66,⚠️ FAKEOUT TRAP (Selling Wick),1294.8,1255.82,1346.26,1400.53,ATR Estimate,4.0,8.2,1.32,12,15537.6,467.76,15.54,,1 Trading Day,Hard review at 3 trading days — lower conviction setup.,Tier 1 — Ready to Monitor Daily,6.7/10,5.4/10,
TORNTPHARM,15:18:10,Emerging Leaders (Weekly),4971.4,4948.06,0.47,3.55,2.23,⚠️ FAKEOUT TRAP (Selling Wick),4971.4,4833.76,5119.51,5290.96,ATR Estimate,3.0,6.4,1.08,3,14914.2,412.92,14.91,,10–20 Trading Days,Up to 10–20 Trading Days — long-horizon emergence structure. Look for multi-week trend run.,Emerging Leader — Pre-Breakout Phase,6.3/10,9.8/10,
PREMIERPOL,15:19:25,Hybrid Alpha (SOVEREIGN_ALPHA_V24),78.75,78.6,0.19,3.28,5.4,🔥 VALID BREAKOUT,78.75,76.63,81.55,84.49,ATR Estimate,3.6,7.3,1.32,235,18506.25,498.2,18.51,,1 Trading Day,Reassess at 4 trading days.,Tier 1 — Ready to Monitor Daily,9.9/10,7.0/10,92.6
EICHERMOT,14:17:58,Master Terminal,7560.0,7557.5,0.03,7.34,0.86,🔥 VALID BREAKOUT,7560.0,7378.39,7826.17,8094.84,ATR Estimate,3.5,7.1,1.47,1,7560.0,181.61,15.12,,1 Trading Day,Hard review at 3 trading days — lower conviction setup.,Tier 2 — Institutional Accumulation,6.5/10,5.7/10,
MOTHERSON,14:19:24,Master Terminal,145.51,145.41,0.07,2.46,0.69,🔥 VALID BREAKOUT,145.51,141.72,150.95,156.49,ATR Estimate,3.7,7.5,1.44,65,9458.15,246.35,18.92,,3 Trading Days,Hard review at 9 trading days — lower conviction setup.,Tier 2 — Institutional Accumulation,6.7/10,5.7/10,
EPL,14:19:29,Master Terminal,241.0,240.99,0.0,12.97,0.47,🔥 VALID BREAKOUT,241.0,233.78,251.8,262.61,ATR Estimate,4.5,9.0,1.5,34,8194.0,245.48,16.39,,2 Trading Days,Hard review at 6 trading days — lower conviction setup.,Tier 2 — Institutional Accumulation,6.0/10,5.3/10,
RECLTD,10:09:46,Master Terminal,361.5,356.25,1.47,2.41,0.83,⚠️ BREAKOUT EXTENDED,361.5,348.84,367.37,378.48,ATR Estimate,1.6,4.7,0.46,19,6868.5,240.54,13.74,,3 Trading Days,Hard review at 9 trading days — lower conviction setup.,Tier 1 — Ready to Monitor Daily,5.3/10,5.8/10,
THYROCARE,10:09:52,Master Terminal,551.55,547.0,0.83,4.31,1.33,⚠️ FAKEOUT TRAP (Selling Wick),551.55,523.75,581.87,616.74,ATR Estimate,5.5,11.8,1.09,8,4412.4,222.4,8.82,,3 Trading Days,Hard review at 9 trading days — lower conviction setup.,Tier 2 — Institutional Accumulation,6.2/10,5.7/10,
ANTHEM,10:39:49,Master Terminal,796.8,796.8,0.0,5.93,1.85,🔥 VALID BREAKOUT,796.8,780.31,821.54,846.28,ATR Estimate,3.1,6.2,1.5,12,9561.6,197.88,19.12,⚠️ Units capped at 20% concentration limit.,1 Trading Day,Hard review at 3 trading days — lower conviction setup.,Tier 1 — Ready to Monitor Daily,5.6/10,6.2/10,
NAVINFLUOR,10:44:18,Master Terminal,7739.5,7728.5,0.14,2.99,0.66,⚠️ FAKEOUT TRAP (Selling Wick),7739.5,7513.65,8050.78,8373.06,ATR Estimate,4.0,8.2,1.38,1,7739.5,225.85,15.48,,1 Trading Day,Hard review at 3 trading days — lower conviction setup.,Tier 1 — Ready to Monitor Daily,6.6/10,6.4/10,
ANTHEM,11:13:31,Master Terminal,805.65,800.0,0.71,2.14,1.85,⚠️ BREAKOUT EXTENDED,805.65,783.44,824.84,849.68,ATR Estimate,2.4,5.5,0.86,11,8862.15,244.31,17.72,,1 Trading Day,Hard review at 3 trading days — lower conviction setup.,Tier 1 — Ready to Monitor Daily,5.6/10,6.2/10,
NAVINFLUOR,11:14:48,Master Terminal,7804.5,7783.5,0.27,2.09,0.66,🔥 VALID BREAKOUT,7804.5,7567.12,8108.07,8432.64,ATR Estimate,3.9,8.0,1.28,1,7804.5,237.38,15.61,,1 Trading Day,Hard review at 3 trading days — lower conviction setup.,Tier 1 — Ready to Monitor Daily,6.6/10,6.4/10,
NAVINFLUOR,11:22:20,Master Terminal,7840.5,7783.5,0.73,4.68,0.66,⚠️ BREAKOUT EXTENDED,7840.5,7567.12,8108.07,8432.64,ATR Estimate,3.4,7.6,0.98,0,0,0,0,Position too small for capital/risk combination.,1 Trading Day,Hard review at 3 trading days — lower conviction setup.,Tier 1 — Ready to Monitor Daily,6.6/10,6.4/10,
THYROCARE,12:33:29,Master Terminal,557.35,555.5,0.33,2.87,1.33,🔥 VALID BREAKOUT,557.35,531.89,590.91,626.33,ATR Estimate,6.0,12.4,1.32,9,5016.15,229.14,10.03,,3 Trading Days,Hard review at 9 trading days — lower conviction setup.,Tier 2 — Institutional Accumulation,6.2/10,5.7/10,
CIPLA,12:39:15,Master Terminal,1464.7,1454.6,0.69,1.99,0.51,⚠️ BREAKOUT EXTENDED,1464.7,1428.42,1493.87,1533.15,ATR Estimate,2.0,4.7,0.8,6,8788.2,217.68,17.58,,3 Trading Days,Reassess at 12 trading days.,Tier 1 — Ready to Monitor Daily,5.1/10,8.2/10,
VMART,13:02:52,Master Terminal,770.75,766.05,0.61,4.24,0.45,🔥 VALID BREAKOUT,770.75,742.61,801.21,836.37,ATR Estimate,4.0,8.5,1.08,8,6166.0,225.12,12.33,,4–6 Days,Hard review at 12 trading days — lower conviction setup.,Tier 1 — Ready to Monitor Daily,5.2/10,4.8/10,
IDFCFIRSTB,13:07:06,Master Terminal,82.08,81.8,0.34,2.25,0.53,🔥 VALID BREAKOUT,82.08,80.12,84.32,86.83,ATR Estimate,2.7,5.8,1.14,121,9931.68,237.16,19.86,⚠️ Units capped at 20% concentration limit.,1 Trading Day,Reassess at 4 trading days.,Tier 1 — Ready to Monitor Daily,6.1/10,6.6/10,
VMART,13:14:45,Master Terminal,775.9,766.05,1.29,5.45,0.45,⚠️ BREAKOUT EXTENDED,775.9,742.61,801.21,836.37,ATR Estimate,3.3,7.8,0.76,7,5431.3,233.03,10.86,,4–6 Days,Hard review at 12 trading days — lower conviction setup.,Tier 1 — Ready to Monitor Daily,5.2/10,4.8/10,
RECLTD,13:25:04,Master Terminal,362.5,362.5,0.0,2.77,0.83,🔥 VALID BREAKOUT,362.5,354.96,373.81,385.12,ATR Estimate,3.1,6.2,1.5,27,9787.5,203.58,19.57,⚠️ Units capped at 20% concentration limit.,3 Trading Days,Hard review at 9 trading days — lower conviction setup.,Tier 1 — Ready to Monitor Daily,5.3/10,5.8/10,
BPCL,13:59:02,Master Terminal,319.5,318.2,0.41,3.2,1.0,🔥 VALID BREAKOUT,319.5,310.82,329.27,340.35,ATR Estimate,3.1,6.5,1.13,28,8946.0,243.04,17.89,,1 Trading Day,Hard review at 3 trading days — lower conviction setup.,Tier 1 — Ready to Monitor Daily,5.5/10,5.8/10,
SOLARINDS,14:08:05,Master Terminal,19050.0,18997.0,0.28,2.82,0.63,🔥 VALID BREAKOUT,19050.0,18372.0,19934.5,20872.0,ATR Estimate,4.6,9.6,1.3,0,0,0,0,Position too small for capital/risk combination.,1 Trading Day,Hard review at 3 trading days — lower conviction setup.,Tier 2 — Institutional Accumulation,6.4/10,5.5/10,
SBIN,14:09:15,Master Terminal,1057.7,1057.2,0.05,3.77,0.98,🔥 VALID BREAKOUT,1057.7,1037.64,1086.54,1115.87,ATR Estimate,2.7,5.5,1.44,9,9519.3,180.54,19.04,⚠️ Units capped at 20% concentration limit.,1 Trading Day,Reassess at 4 trading days.,Tier 1 — Ready to Monitor Daily,6.5/10,6.9/10,
VMART,14:12:29,Master Terminal,785.55,779.85,0.73,2.26,0.45,⚠️ FAKEOUT TRAP (Selling Wick),785.55,755.99,815.65,851.44,ATR Estimate,3.8,8.4,1.02,8,6284.4,236.48,12.57,,4–6 Days,Hard review at 12 trading days — lower conviction setup.,Tier 1 — Ready to Monitor Daily,5.2/10,4.8/10,
SBIN,14:13:43,Master Terminal,1062.5,1057.2,0.5,4.3,0.98,⚠️ BREAKOUT EXTENDED,1062.5,1037.64,1086.54,1115.87,ATR Estimate,2.3,5.0,0.97,9,9562.5,223.74,19.12,⚠️ Units capped at 20% concentration limit.,1 Trading Day,Reassess at 4 trading days.,Tier 1 — Ready to Monitor Daily,6.5/10,6.9/10,
ULTRACEMCO,14:24:09,Master Terminal,11930.0,11876.0,0.45,15.56,1.25,⚠️ BREAKOUT EXTENDED,11930.0,11668.17,12187.75,12499.49,ATR Estimate,2.2,4.8,0.98,0,0,0,0,Position too small for capital/risk combination.,1 Trading Day,Reassess at 4 trading days.,Tier 1 — Ready to Monitor Daily,5.3/10,6.5/10,
RECLTD,14:52:15,Master Terminal,363.65,362.6,0.29,2.61,0.83,⚠️ FAKEOUT TRAP (Selling Wick),363.65,355.06,373.91,385.23,ATR Estimate,2.8,5.9,1.19,27,9818.55,231.93,19.64,⚠️ Units capped at 20% concentration limit.,3 Trading Days,Hard review at 9 trading days — lower conviction setup.,Tier 1 — Ready to Monitor Daily,5.3/10,5.8/10,
NESTLEIND,15:24:08,Master Terminal,1451.6,1449.4,0.15,2.13,0.9,🔥 VALID BREAKOUT,1451.6,1420.41,1492.88,1536.36,ATR Estimate,2.8,5.8,1.32,6,8709.6,187.14,17.42,⚠️ Units capped at 20% concentration limit.,2 Trading Days,Reassess at 8 trading days.,Tier 1 — Ready to Monitor Daily,6.4/10,7.3/10,
NESTLEIND,15:29:57,Master Terminal,1453.2,1449.4,0.26,1.87,0.9,⚠️ FAKEOUT TRAP (Selling Wick),1453.2,1420.41,1492.88,1536.36,ATR Estimate,2.7,5.7,1.21,6,8719.2,196.74,17.44,⚠️ Units capped at 20% concentration limit.,2 Trading Days,Reassess at 8 trading days.,Tier 1 — Ready to Monitor Daily,6.4/10,7.3/10,
BPCL,10:23:47,Master Terminal,321.35,320.0,0.42,1.91,0.39,🔥 VALID BREAKOUT,321.35,312.58,331.14,342.27,ATR Estimate,3.0,6.5,1.12,28,8997.8,245.56,18.0,,1 Trading Day,Hard review at 3 trading days — lower conviction setup.,Tier 1 — Ready to Monitor Daily,5.5/10,5.8/10,
THYROCARE,10:23:58,Master Terminal,565.15,563.0,0.38,4.76,0.26,🔥 VALID BREAKOUT,565.15,539.07,598.89,634.78,ATR Estimate,6.0,12.3,1.29,9,5086.35,234.72,10.17,,3 Trading Days,Hard review at 9 trading days — lower conviction setup.,Tier 2 — Institutional Accumulation,6.2/10,5.7/10,
BAJAJFINSV,10:29:46,Master Terminal,1892.3,1891.6,0.04,2.48,0.29,🔥 VALID BREAKOUT,1892.3,1844.12,1962.82,2034.04,ATR Estimate,3.7,7.5,1.46,5,9461.5,240.9,18.92,,2 Trading Days,Hard review at 6 trading days — lower conviction setup.,Tier 1 — Ready to Monitor Daily,5.3/10,5.7/10,
IDFCFIRSTB,10:42:36,Master Terminal,82.14,81.8,0.42,2.36,0.29,🔥 VALID BREAKOUT,82.14,80.12,84.32,86.83,ATR Estimate,2.7,5.7,1.08,121,9938.94,244.42,19.88,⚠️ Units capped at 20% concentration limit.,1 Trading Day,Reassess at 4 trading days.,Tier 1 — Ready to Monitor Daily,6.1/10,6.6/10,
KARURVYSYA,11:04:26,Master Terminal,333.75,333.0,0.23,1.9,6.16,🔥 VALID BREAKOUT,333.75,322.54,348.68,364.37,ATR Estimate,4.5,9.2,1.33,22,7342.5,246.62,14.69,,1 Trading Day,Hard review at 3 trading days — lower conviction setup.,Tier 1 — Ready to Monitor Daily,6.6/10,5.0/10,
SRF,12:08:53,Master Terminal,2939.1,2929.8,0.32,2.03,0.22,🔥 VALID BREAKOUT,2939.1,2855.68,3040.99,3152.17,ATR Estimate,3.5,7.2,1.22,2,5878.2,166.84,11.76,,1 Trading Day,Hard review at 3 trading days — lower conviction setup.,Tier 1 — Ready to Monitor Daily,5.3/10,5.2/10,
DCBBANK,12:29:31,Master Terminal,193.1,192.37,0.38,2.74,0.5,🔥 VALID BREAKOUT,193.1,186.12,201.75,211.13,ATR Estimate,4.5,9.3,1.24,35,6758.5,244.3,13.52,,1 Trading Day,Hard review at 3 trading days — lower conviction setup.,Tier 1 — Ready to Monitor Daily,6.6/10,4.7/10,
SRF,12:32:55,Master Terminal,2964.4,2944.7,0.67,2.08,0.24,⚠️ BREAKOUT EXTENDED,2964.4,2870.2,3056.45,3168.2,ATR Estimate,3.1,6.9,0.98,2,5928.8,188.4,11.86,,1 Trading Day,Hard review at 3 trading days — lower conviction setup.,Tier 1 — Ready to Monitor Daily,5.3/10,5.2/10,
HAPPYFORGE,12:33:06,Cup & Handle Scanner,1635.4,1632.7,0.17,5.27,Bypassed (Mature Base),🔥 VALID BREAKOUT,1635.4,1591.88,1693.93,1755.15,ATR Estimate,3.6,7.3,1.34,5,8177.0,217.6,16.35,,1–3 Trading Days,"Up to 6 trading days — high quality, let it run.",Tier 1 — Cup & Handle Confirmed,8.9/10,10.0/10,57.4% vs Nifty (6m)
BALRAMCHIN,12:33:54,Cup & Handle Scanner,635.0,618.32,2.7,4.35,Bypassed (Mature Base),⚠️ BREAKOUT EXTENDED,635.0,602.86,641.51,664.69,ATR Estimate,1.0,4.7,0.2,7,4445.0,224.98,8.89,,1–3 Trading Days,"Up to 6 trading days — high quality, let it run.",Tier 2 — Cup & Handle Watch,6.3/10,8.5/10,51.7% vs Nifty (6m)
KARURVYSYA,12:38:23,Master Terminal,340.2,334.9,1.58,2.61,9.01,⚠️ BREAKOUT EXTENDED,340.2,324.38,350.67,366.45,ATR Estimate,3.1,7.7,0.66,15,5103.0,237.3,10.21,,1 Trading Day,Hard review at 3 trading days — lower conviction setup.,Tier 1 — Ready to Monitor Daily,6.6/10,5.0/10,
MANAPPURAM,12:44:29,Cup & Handle Scanner,353.2,347.9,1.52,2.21,Bypassed (Mature Base),⚠️ BREAKOUT EXTENDED,353.2,339.2,360.95,373.99,ATR Estimate,2.2,5.9,0.55,17,6004.4,238.0,12.01,,1–3 Trading Days,"Up to 6 trading days — high quality, let it run.",Tier 1 — Cup & Handle Confirmed,7.4/10,8.5/10,16.8% vs Nifty (6m)
AUROPHARMA,13:24:41,Master Terminal,1575.4,1574.2,0.08,2.41,0.08,🔥 VALID BREAKOUT,1575.4,1534.37,1633.94,1693.68,ATR Estimate,3.7,7.5,1.43,6,9452.4,246.18,18.9,,3 Trading Days,Reassess at 12 trading days.,Tier 2 — Institutional Accumulation,6.5/10,6.9/10,
HAL,14:03:33,Master Terminal,4550.0,4515.0,0.78,8.86,0.18,⚠️ BREAKOUT EXTENDED,4550.0,4428.31,4645.03,4775.06,ATR Estimate,2.1,4.9,0.78,2,9100.0,243.38,18.2,,1 Trading Day,Reassess at 4 trading days.,Tier 1 — Ready to Monitor Daily,5.5/10,7.0/10,
BAJAJFINSV,14:03:36,Master Terminal,1897.8,1893.0,0.25,1.91,0.39,🔥 VALID BREAKOUT,1897.8,1845.49,1964.27,2035.54,ATR Estimate,3.5,7.3,1.27,4,7591.2,209.24,15.18,,2 Trading Days,Hard review at 6 trading days — lower conviction setup.,Tier 1 — Ready to Monitor Daily,5.3/10,5.7/10,
BAJAJFINSV,14:33:03,Master Terminal,1899.3,1899.3,0.0,5.16,0.42,⚠️ FAKEOUT TRAP (Selling Wick),1899.3,1851.63,1970.81,2042.32,ATR Estimate,3.8,7.5,1.5,5,9496.5,238.35,18.99,,2 Trading Days,Hard review at 6 trading days — lower conviction setup.,Tier 1 — Ready to Monitor Daily,5.3/10,5.7/10,
SHRIPISTON,14:36:11,Cup & Handle Scanner,4428.5,4416.2,0.28,4.13,Bypassed (Mature Base),🔥 VALID BREAKOUT,4428.5,4305.8,4581.81,4747.41,ATR Estimate,3.5,7.2,1.25,2,8857.0,245.4,17.71,,1–3 Trading Days,"Up to 6 trading days — high quality, let it run.",Tier 1 — Cup & Handle Confirmed,7.9/10,8.5/10,51.4% vs Nifty (6m)
GRASIM,14:38:29,Master Terminal,3170.0,3169.4,0.02,4.15,0.22,🔥 VALID BREAKOUT,3170.0,3109.18,3259.73,3350.06,ATR Estimate,2.8,5.7,1.48,3,9510.0,182.46,19.02,⚠️ Units capped at 20% concentration limit.,3 Trading Days,Reassess at 12 trading days.,Tier 1 — Ready to Monitor Daily,6.0/10,7.2/10,
HAL,14:38:35,Master Terminal,4577.1,4566.6,0.23,1.83,0.24,🔥 VALID BREAKOUT,4577.1,4478.92,4698.12,4829.64,ATR Estimate,2.6,5.5,1.23,2,9154.2,196.36,18.31,,1 Trading Day,Reassess at 4 trading days.,Tier 1 — Ready to Monitor Daily,5.5/10,7.0/10,
SHRIPISTON,14:38:56,Cup & Handle Scanner,4420.6,4416.2,0.1,4.44,Bypassed (Mature Base),⚠️ FAKEOUT TRAP (Selling Wick),4420.6,4305.8,4581.81,4747.41,ATR Estimate,3.6,7.4,1.4,2,8841.2,229.6,17.68,,1–3 Trading Days,"Up to 6 trading days — high quality, let it run.",Tier 1 — Cup & Handle Confirmed,7.9/10,8.5/10,51.4% vs Nifty (6m)
HEROMOTOCO,14:43:50,Master Terminal,5049.6,5044.0,0.11,1.82,0.21,🔥 VALID BREAKOUT,5049.6,4944.63,5193.05,5342.1,ATR Estimate,2.8,5.8,1.37,1,5049.6,104.97,10.1,⚠️ Units capped at 20% concentration limit.,2 Trading Days,Reassess at 8 trading days.,Tier 1 — Ready to Monitor Daily,6.1/10,7.8/10,
KTKBANK,15:09:25,Master Terminal,280.95,279.95,0.36,7.37,0.32,🔥 VALID BREAKOUT,280.95,271.75,292.25,304.56,ATR Estimate,4.0,8.4,1.23,27,7585.65,248.4,15.17,,1 Trading Day,Reassess at 4 trading days.,Tier 1 — Ready to Monitor Daily,6.7/10,6.5/10,
GRASIM,15:12:14,Master Terminal,3176.5,3173.4,0.1,2.17,0.26,⚠️ FAKEOUT TRAP (Selling Wick),3176.5,3113.11,3263.84,3354.28,ATR Estimate,2.7,5.6,1.38,3,9529.5,190.17,19.06,,3 Trading Days,Reassess at 12 trading days.,Tier 1 — Ready to Monitor Daily,6.0/10,7.2/10,
KTKBANK,15:17:20,Master Terminal,281.75,279.95,0.64,3.1,0.39,⚠️ FAKEOUT TRAP (Selling Wick),281.75,271.75,292.25,304.56,ATR Estimate,3.7,8.1,1.05,25,7043.75,250.0,14.09,,1 Trading Day,Reassess at 4 trading days.,Tier 1 — Ready to Monitor Daily,6.7/10,6.5/10,
INOXINDIA,15:18:58,Cup & Handle Scanner,2099.0,2099.0,0.0,2.07,0.48,⚠️ FAKEOUT TRAP (Selling Wick),2099.0,2046.53,2177.71,2256.43,ATR Estimate,3.7,7.5,1.5,4,8396.0,209.88,16.79,,3–8 Trading Days,Reassess at 12 trading days.,Tier 2 — Cup & Handle Watch,5.8/10,7.5/10,84.5% vs Nifty (6m)
SHRIPISTON,15:29:01,Cup & Handle Scanner,4502.0,4416.2,1.94,2.22,Bypassed (Mature Base),⚠️ BREAKOUT EXTENDED,4502.0,4305.8,4581.81,4747.41,ATR Estimate,1.8,5.5,0.41,1,4502.0,196.2,9.0,,1–3 Trading Days,"Up to 6 trading days — high quality, let it run.",Tier 1 — Cup & Handle Confirmed,7.9/10,8.5/10,51.4% vs Nifty (6m)
BAJAJ-AUTO,12:54:05,Cup & Handle Scanner,10951.5,10908.0,0.4,3.02,Bypassed (Mature Base),🔥 VALID BREAKOUT,10951.5,10635.3,11317.05,11726.1,ATR Estimate,3.3,7.1,1.16,0,0,0,0,Position too small for capital/risk combination.,5–15 Trading Days,"Up to 30 trading days — high quality, let it run.",Tier 2 — Cup & Handle Watch,6.8/10,8.5/10,18.4% vs Nifty (6m)
DATAPATTNS,12:58:21,Cup & Handle Scanner,4735.8,4691.9,0.94,1.94,Bypassed (Mature Base),⚠️ BREAKOUT EXTENDED,4735.8,4574.6,4867.85,5043.79,ATR Estimate,2.8,6.5,0.82,1,4735.8,161.2,9.47,,5–15 Trading Days,"Up to 30 trading days — high quality, let it run.",Tier 2 — Cup & Handle Watch,5.3/10,8.5/10,76.7% vs Nifty (6m)
YASHO,13:03:31,Cup & Handle Scanner,3250.0,3184.0,2.07,6.02,Bypassed (Mature Base),⚠️ BREAKOUT EXTENDED,3250.0,3104.4,3303.4,3422.8,ATR Estimate,1.6,5.3,0.37,1,3250.0,145.6,6.5,,1–5 Trading Days,"Up to 6 trading days — high quality, let it run.",Tier 1 — Cup & Handle Confirmed,7.4/10,10.0/10,144.5% vs Nifty (6m)
JKPAPER,13:14:35,Cup & Handle Scanner,394.6,379.6,3.95,4.53,0.91,⚠️ BREAKOUT EXTENDED,394.6,370.11,393.84,408.07,ATR Estimate,-0.2,3.4,-0.03,12,4735.2,293.88,7.89,,5–15 Trading Days,Reassess at 20 trading days.,Tier 2 — Cup & Handle Watch,5.8/10,7.0/10,13.3% vs Nifty (6m)
DATAPATTNS,13:14:47,Cup & Handle Scanner,4701.0,4691.9,0.19,1.85,Bypassed (Mature Base),⚠️ FAKEOUT TRAP (Selling Wick),4701.0,4574.6,4867.85,5043.79,ATR Estimate,3.5,7.3,1.32,2,9402.0,252.8,15.67,,5–15 Trading Days,"Up to 30 trading days — high quality, let it run.",Tier 2 — Cup & Handle Watch,5.3/10,8.5/10,76.7% vs Nifty (6m)
STYLAMIND,13:23:38,Cup & Handle Scanner,3695.8,3550.0,4.11,36.64,Bypassed (Mature Base),⚠️ BREAKOUT EXTENDED,3695.8,3461.25,3683.12,3816.25,ATR Estimate,-0.3,3.3,-0.05,1,3695.8,234.55,6.16,,5–15 Trading Days,"Up to 30 trading days — high quality, let it run.",Tier 2 — Cup & Handle Watch,6.8/10,8.5/10,62.5% vs Nifty (6m)
HCG,13:24:17,Cup & Handle Scanner,672.75,668.0,0.71,5.53,0.1,⚠️ BREAKOUT EXTENDED,672.75,651.3,693.05,718.1,ATR Estimate,3.0,6.7,0.95,13,8745.75,278.85,14.58,,5–15 Trading Days,Reassess at 20 trading days.,Tier 2 — Cup & Handle Watch,5.8/10,7.0/10,7.7% vs Nifty (6m)
GMRP&UI,13:39:43,Cup & Handle Scanner,100.01,99.83,0.18,8.24,0.34,🔥 VALID BREAKOUT,100.01,97.33,103.57,107.32,ATR Estimate,3.6,7.3,1.33,111,11101.11,297.48,18.5,,5–15 Trading Days,Reassess at 20 trading days.,Tier 2 — Cup & Handle Watch,5.3/10,7.0/10,-3.1% vs Nifty (6m)
WSTCSTPAPR,13:42:09,Cup & Handle Scanner,540.1,538.4,0.32,2.55,Bypassed (Mature Base),🔥 VALID BREAKOUT,540.1,524.94,558.59,578.78,ATR Estimate,3.4,7.2,1.22,19,10261.9,288.04,17.1,,5–15 Trading Days,"Up to 30 trading days — high quality, let it run.",Tier 2 — Cup & Handle Watch,6.3/10,8.5/10,32.7% vs Nifty (6m)
GLAXO,13:51:29,Cup & Handle Scanner,2560.7,2538.6,0.87,23.67,Bypassed (Mature Base),⚠️ BREAKOUT EXTENDED,2560.7,2475.14,2633.8,2729.0,ATR Estimate,2.9,6.6,0.85,3,7682.1,256.68,12.8,,5–15 Trading Days,"Up to 30 trading days — high quality, let it run.",Tier 2 — Cup & Handle Watch,5.8/10,8.5/10,14.6% vs Nifty (6m)
GMRP&UI,13:54:37,Cup & Handle Scanner,100.12,99.83,0.29,2.77,0.5,⚠️ FAKEOUT TRAP (Selling Wick),100.12,97.33,103.57,107.32,ATR Estimate,3.4,7.2,1.24,107,10712.84,298.53,17.85,,5–15 Trading Days,Reassess at 20 trading days.,Tier 2 — Cup & Handle Watch,5.3/10,7.0/10,-3.1% vs Nifty (6m)
STYLAMIND,14:27:31,Cup & Handle Scanner,4022.3,3941.1,2.06,1.95,Bypassed (Mature Base),⚠️ BREAKOUT EXTENDED,4022.3,3842.57,4138.16,4335.21,ATR Estimate,2.9,7.8,0.64,1,4022.3,179.73,6.7,,5–15 Trading Days,"Up to 30 trading days — high quality, let it run.",Tier 2 — Cup & Handle Watch,6.8/10,8.5/10,62.5% vs Nifty (6m)
EXIDEIND,14:37:24,Cup & Handle Scanner,450.3,449.8,0.11,5.87,Bypassed (Mature Base),🔥 VALID BREAKOUT,450.3,438.55,472.29,494.78,ATR Estimate,4.9,9.9,1.87,25,11257.5,293.75,18.76,,5–15 Trading Days,"Up to 30 trading days — high quality, let it run.",Tier 2 — Cup & Handle Watch,5.8/10,8.5/10,33.5% vs Nifty (6m)
BAJEL,14:47:06,Cup & Handle Scanner,189.41,183.6,3.16,4.62,Bypassed (Mature Base),⚠️ BREAKOUT EXTENDED,189.41,179.01,192.78,201.96,ATR Estimate,1.8,6.6,0.32,28,5303.48,291.2,8.84,,5–15 Trading Days,"Up to 30 trading days — high quality, let it run.",Tier 2 — Cup & Handle Watch,5.3/10,8.5/10,15.1% vs Nifty (6m)
PIDILITIND,14:48:23,Master Terminal,1602.5,1597.6,0.31,32.13,0.89,🔥 VALID BREAKOUT,1602.5,1566.13,1660.55,1723.49,ATR Estimate,3.6,7.6,1.6,7,11217.5,254.59,18.7,⚠️ Units capped at 20% concentration limit.,2 Trading Days,Reassess at 8 trading days.,Tier 1 — Ready to Monitor Daily,5.7/10,8.4/10,
WSTCSTPAPR,14:49:19,Cup & Handle Scanner,545.5,544.0,0.28,4.1,Bypassed (Mature Base),🔥 VALID BREAKOUT,545.5,530.4,571.2,598.4,ATR Estimate,4.7,9.7,1.7,19,10364.5,286.9,17.27,,5–15 Trading Days,"Up to 30 trading days — high quality, let it run.",Tier 2 — Cup & Handle Watch,6.3/10,8.5/10,32.7% vs Nifty (6m)
ANTELOPUS,14:49:33,Cup & Handle Scanner,896.3,886.9,1.06,4.35,Bypassed (Mature Base),⚠️ BREAKOUT EXTENDED,896.3,864.73,931.25,975.59,ATR Estimate,3.9,8.8,1.11,9,8066.7,284.13,13.44,,5–15 Trading Days,"Up to 30 trading days — high quality, let it run.",Tier 2 — Cup & Handle Watch,6.3/10,8.5/10,80.5% vs Nifty (6m)
MPSLTD,14:50:06,Cup & Handle Scanner,2564.5,2564.5,0.0,2.58,9.09,⚠️ FAKEOUT TRAP (Selling Wick),2564.5,2500.39,2692.72,2820.95,ATR Estimate,5.0,10.0,2.0,4,10258.0,256.44,17.1,,5–15 Trading Days,Reassess at 20 trading days.,Tier 2 — Cup & Handle Watch,5.3/10,7.0/10,15.4% vs Nifty (6m)
WSTCSTPAPR,14:52:22,Cup & Handle Scanner,550.8,544.0,1.25,1.96,Bypassed (Mature Base),⚠️ BREAKOUT EXTENDED,550.8,530.4,571.2,598.4,ATR Estimate,3.7,8.6,1.0,14,7711.2,285.6,12.85,,5–15 Trading Days,"Up to 30 trading days — high quality, let it run.",Tier 2 — Cup & Handle Watch,6.3/10,8.5/10,32.7% vs Nifty (6m)
COSMOFIRST,14:58:56,Cup & Handle Scanner,861.9,859.25,0.31,7.43,0.55,⚠️ FAKEOUT TRAP (Selling Wick),861.9,837.77,902.21,945.17,ATR Estimate,4.7,9.7,1.67,12,10342.8,289.56,17.24,,5–15 Trading Days,Reassess at 20 trading days.,Tier 2 — Cup & Handle Watch,5.8/10,7.0/10,35.5% vs Nifty (6m)
BAJEL,15:02:37,Cup & Handle Scanner,184.23,183.6,0.34,2.72,Bypassed (Mature Base),⚠️ FAKEOUT TRAP (Selling Wick),184.23,179.01,192.78,201.96,ATR Estimate,4.6,9.6,1.64,57,10501.11,297.54,17.5,,5–15 Trading Days,"Up to 30 trading days — high quality, let it run.",Tier 2 — Cup & Handle Watch,5.3/10,8.5/10,15.1% vs Nifty (6m)
PIDILITIND,15:03:56,Master Terminal,1601.3,1597.6,0.23,2.12,0.93,⚠️ FAKEOUT TRAP (Selling Wick),1601.3,1566.13,1660.55,1723.49,ATR Estimate,3.7,7.6,1.68,7,11209.1,246.19,18.68,⚠️ Units capped at 20% concentration limit.,2 Trading Days,Reassess at 8 trading days.,Tier 1 — Ready to Monitor Daily,5.7/10,8.4/10,
BAJAJ-AUTO,15:14:01,Cup & Handle Scanner,11002.0,10998.0,0.04,2.19,Bypassed (Mature Base),🔥 VALID BREAKOUT,11002.0,10723.05,11547.9,12097.8,ATR Estimate,5.0,10.0,1.96,1,11002.0,278.95,18.34,,5–15 Trading Days,"Up to 30 trading days — high quality, let it run.",Tier 2 — Cup & Handle Watch,6.8/10,8.5/10,18.4% vs Nifty (6m)
SWANDEF,15:14:29,Cup & Handle Scanner,2400.0,2400.0,0.0,4.4,Bypassed (Mature Base),⚠️ FAKEOUT TRAP (Selling Wick),2400.0,2340.0,2520.0,2640.0,ATR Estimate,5.0,10.0,2.0,5,12000.0,300.0,20.0,,5–15 Trading Days,"Up to 30 trading days — high quality, let it run.",Tier 2 — Cup & Handle Watch,6.3/10,8.5/10,28.9% vs Nifty (6m)
GREENPLY,15:28:27,Cup & Handle Scanner,331.7,329.0,0.82,3.88,0.67,⚠️ BREAKOUT EXTENDED,331.7,320.77,345.45,361.9,ATR Estimate,4.1,9.1,1.26,27,8955.9,295.11,14.93,,5–15 Trading Days,Reassess at 20 trading days.,Tier 2 — Cup & Handle Watch,5.3/10,7.0/10,39.2% vs Nifty (6m)
NAVINFLUOR,15:30:17,Emerging Leaders (Weekly),7845.0,7809.95,0.45,4.03,Bypassed (Mature Base),🔥 VALID BREAKOUT,7845.0,7594.4,8241.06,8672.17,ATR Estimate,5.0,10.5,1.58,1,7845.0,250.6,13.08,,10–20 Trading Days,Up to 10–20 Trading Days — long-horizon emergence structure. Look for multi-week trend run.,Emerging Leader — Pre-Breakout Phase,6.3/10,9.0/10,
SJS,15:30:59,Cup & Handle Scanner,2244.1,2243.5,0.03,3.48,Bypassed (Mature Base),🔥 VALID BREAKOUT,2244.1,2187.41,2355.68,2467.85,ATR Estimate,5.0,10.0,1.97,5,11220.5,283.45,18.7,,5–15 Trading Days,"Up to 30 trading days — high quality, let it run.",Tier 2 — Cup & Handle Watch,6.8/10,8.5/10,35.3% vs Nifty (6m)
RRKABEL,15:31:26,Cup & Handle Scanner,2460.0,2458.1,0.08,2.96,Bypassed (Mature Base),🔥 VALID BREAKOUT,2460.0,2396.65,2581.01,2703.91,ATR Estimate,4.9,9.9,1.91,4,9840.0,253.4,16.4,,5–15 Trading Days,"Up to 30 trading days — high quality, let it run.",Tier 2 — Cup & Handle Watch,5.8/10,8.5/10,64.5% vs Nifty (6m)
SUPRAJIT,10:58:46,Cup & Handle Scanner,497.0,495.7,0.26,2.31,Bypassed (Mature Base),🔥 VALID BREAKOUT,497.0,483.31,520.49,545.27,ATR Estimate,4.7,9.7,1.72,21,10437.0,287.49,17.39,,1–5 Trading Days,"Up to 6 trading days — high quality, let it run.",Tier 1 — Cup & Handle Confirmed,8.9/10,10.0/10,12.3% vs Nifty (6m)
MOLDTKPAC,10:59:38,Cup & Handle Scanner,726.9,720.0,0.96,4.67,Bypassed (Mature Base),⚠️ BREAKOUT EXTENDED,726.9,702.0,756.0,792.0,ATR Estimate,4.0,9.0,1.17,12,8722.8,298.8,14.54,,5–15 Trading Days,"Up to 30 trading days — high quality, let it run.",Tier 2 — Cup & Handle Watch,6.3/10,8.5/10,31.0% vs Nifty (6m)
CONFIPET,11:08:06,Cup & Handle Scanner,78.0,76.98,1.33,12.55,Bypassed (Mature Base),⚠️ BREAKOUT EXTENDED,78.0,75.06,80.83,84.68,ATR Estimate,3.6,8.6,0.96,102,7956.0,299.88,13.26,,5–15 Trading Days,"Up to 30 trading days — high quality, let it run.",Tier 2 — Cup & Handle Watch,6.8/10,8.5/10,130.7% vs Nifty (6m)
POLYPLEX,11:11:16,Cup & Handle Scanner,1148.85,1137.2,1.02,2.74,Bypassed (Mature Base),⚠️ BREAKOUT EXTENDED,1148.85,1108.77,1194.06,1250.92,ATR Estimate,3.9,8.9,1.13,7,8041.95,280.56,13.4,,5–15 Trading Days,"Up to 30 trading days — high quality, let it run.",Tier 2 — Cup & Handle Watch,6.3/10,8.5/10,29.3% vs Nifty (6m)
MOTHERSON,11:13:19,Master Terminal,147.75,147.6,0.1,1.96,0.24,⚠️ FAKEOUT TRAP (Selling Wick),147.75,143.95,154.89,162.18,ATR Estimate,4.8,9.8,1.88,78,11524.5,296.4,19.21,,3 Trading Days,Hard review at 9 trading days — lower conviction setup.,Tier 2 — Institutional Accumulation,6.6/10,5.9/10,
DIACABS,11:19:17,Hybrid Alpha (SOVEREIGN_ALPHA_V24),283.27,281.86,0.5,1.86,1.46,⚠️ BREAKOUT EXTENDED,283.27,274.81,295.95,310.05,ATR Estimate,4.5,9.5,1.5,35,9914.45,296.1,16.52,,1 Trading Day,Reassess at 4 trading days.,Tier 1 — Ready to Monitor Daily,9.5/10,7.0/10,96.7
SUPRAJIT,11:25:14,Cup & Handle Scanner,501.0,497.2,0.76,2.91,Bypassed (Mature Base),⚠️ FAKEOUT TRAP (Selling Wick),501.0,484.77,522.06,546.92,ATR Estimate,4.2,9.2,1.3,18,9018.0,292.14,15.03,,1–5 Trading Days,"Up to 6 trading days — high quality, let it run.",Tier 1 — Cup & Handle Confirmed,8.9/10,10.0/10,12.3% vs Nifty (6m)
BOSCHLTD,11:28:09,Cup & Handle Scanner,42750.0,42655.0,0.22,3.83,Bypassed (Mature Base),🔥 VALID BREAKOUT,42750.0,41588.62,44787.75,46920.5,ATR Estimate,4.8,9.8,1.75,0,0,0,0,Position too small for capital/risk combination.,1–5 Trading Days,"Up to 6 trading days — high quality, let it run.",Tier 1 — Cup & Handle Confirmed,8.9/10,10.0/10,15.4% vs Nifty (6m)
PTCIL,11:28:12,Cup & Handle Scanner,18275.0,18096.0,0.99,10.8,Bypassed (Mature Base),⚠️ BREAKOUT EXTENDED,18275.0,17643.6,19000.8,19905.6,ATR Estimate,4.0,8.9,1.15,0,0,0,0,Position too small for capital/risk combination.,1–5 Trading Days,"Up to 6 trading days — high quality, let it run.",Tier 1 — Cup & Handle Confirmed,8.4/10,10.0/10,6.3% vs Nifty (6m)
BAJAJ-AUTO,11:31:28,Cup & Handle Scanner,11304.5,11294.5,0.09,2.02,Bypassed (Mature Base),⚠️ FAKEOUT TRAP (Selling Wick),11304.5,11012.14,11859.23,12423.95,ATR Estimate,4.9,9.9,1.9,1,11304.5,292.36,18.84,,5–15 Trading Days,"Up to 30 trading days — high quality, let it run.",Tier 2 — Cup & Handle Watch,6.8/10,8.5/10,18.4% vs Nifty (6m)
MANAPPURAM,11:37:12,Cup & Handle Scanner,356.3,356.2,0.03,2.64,Bypassed (Mature Base),🔥 VALID BREAKOUT,356.3,347.3,374.01,391.82,ATR Estimate,5.0,10.0,1.97,33,11757.9,297.0,19.6,,1–5 Trading Days,"Up to 6 trading days — high quality, let it run.",Tier 1 — Cup & Handle Confirmed,7.4/10,8.5/10,13.7% vs Nifty (6m)
MEDANTA,11:39:39,Master Terminal,1389.0,1386.3,0.19,7.98,0.54,🔥 VALID BREAKOUT,1389.0,1354.97,1448.96,1511.62,ATR Estimate,4.3,8.8,1.76,8,11112.0,272.24,18.52,,1 Trading Day,Hard review at 3 trading days — lower conviction setup.,Tier 1 — Ready to Monitor Daily,5.6/10,4.7/10,
APLAPOLLO,11:42:31,Master Terminal,1844.4,1843.2,0.07,1.85,Bypassed (Mature Base),⚠️ FAKEOUT TRAP (Selling Wick),1844.4,1808.18,1913.24,1983.28,ATR Estimate,3.7,7.5,1.9,6,11066.4,217.32,18.44,⚠️ Units capped at 20% concentration limit.,1 Trading Day,"Up to 6 trading days — high quality, let it run.",Tier 1 — Ready to Monitor Daily,6.0/10,9.5/10,
FIEMIND,11:49:24,Cup & Handle Scanner,2365.0,2364.7,0.01,2.16,Bypassed (Mature Base),⚠️ FAKEOUT TRAP (Selling Wick),2365.0,2305.58,2482.93,2601.17,ATR Estimate,5.0,10.0,1.98,5,11825.0,297.1,19.71,,5–15 Trading Days,"Up to 30 trading days — high quality, let it run.",Tier 2 — Cup & Handle Watch,6.8/10,8.5/10,13.3% vs Nifty (6m)
MEDANTA,11:54:49,Master Terminal,1395.8,1386.3,0.69,7.44,0.66,⚠️ BREAKOUT EXTENDED,1395.8,1354.97,1448.96,1511.62,ATR Estimate,3.8,8.3,1.3,7,9770.6,285.81,16.28,,1 Trading Day,Hard review at 3 trading days — lower conviction setup.,Tier 1 — Ready to Monitor Daily,5.6/10,4.7/10,
STEELCAS,11:58:34,Cup & Handle Scanner,312.1,312.0,0.03,4.19,Bypassed (Mature Base),🔥 VALID BREAKOUT,312.1,304.2,327.6,343.2,ATR Estimate,5.0,10.0,1.96,37,11547.7,292.3,19.25,,5–15 Trading Days,"Up to 30 trading days — high quality, let it run.",Tier 2 — Cup & Handle Watch,6.8/10,10.0/10,55.9% vs Nifty (6m)
PVRINOX,13:24:57,Master Terminal,1041.05,1026.6,1.41,2.66,1.78,⚠️ BREAKOUT EXTENDED,1041.05,1000.63,1078.55,1130.49,ATR Estimate,3.6,8.6,0.93,7,7287.35,282.94,12.15,,2 Trading Days,Reassess at 8 trading days.,Tier 1 — Ready to Monitor Daily,5.3/10,7.6/10,
PVRINOX,13:29:58,Master Terminal,1028.35,1026.6,0.17,2.14,1.94,🔥 VALID BREAKOUT,1028.35,1000.63,1078.55,1130.49,ATR Estimate,4.9,9.9,1.81,10,10283.5,277.2,17.14,,2 Trading Days,Reassess at 8 trading days.,Tier 1 — Ready to Monitor Daily,5.3/10,7.6/10,
KAMDHENU,13:33:40,Cup & Handle Scanner,34.79,34.7,0.26,2.27,Bypassed (Mature Base),🔥 VALID BREAKOUT,34.79,33.83,36.44,38.17,ATR Estimate,4.7,9.7,1.72,312,10854.48,299.52,18.09,,5–15 Trading Days,"Up to 30 trading days — high quality, let it run.",Tier 2 — Cup & Handle Watch,5.3/10,8.5/10,57.9% vs Nifty (6m)
UJJIVANSFB,13:52:45,Cup & Handle Scanner,68.43,66.99,2.15,2.56,Bypassed (Mature Base),⚠️ BREAKOUT EXTENDED,68.43,65.32,70.34,73.69,ATR Estimate,2.8,7.7,0.61,96,6569.28,298.56,10.95,,5–15 Trading Days,"Up to 30 trading days — high quality, let it run.",Tier 2 — Cup & Handle Watch,5.8/10,8.5/10,14.9% vs Nifty (6m)
NELCO,13:59:37,Cup & Handle Scanner,953.35,953.35,0.0,10.76,Bypassed (Mature Base),🔥 VALID BREAKOUT,953.35,929.52,1001.02,1048.68,ATR Estimate,5.0,10.0,2.0,12,11440.2,285.96,19.07,,5–15 Trading Days,"Up to 30 trading days — high quality, let it run.",Tier 2 — Cup & Handle Watch,6.8/10,10.0/10,38.0% vs Nifty (6m)
SURYODAY,13:59:42,Cup & Handle Scanner,196.18,192.58,1.87,30.95,Bypassed (Mature Base),⚠️ BREAKOUT EXTENDED,196.18,187.77,202.21,211.84,ATR Estimate,3.1,8.0,0.72,35,6866.3,294.35,11.44,,5–15 Trading Days,"Up to 30 trading days — high quality, let it run.",Tier 2 — Cup & Handle Watch,6.3/10,8.5/10,37.4% vs Nifty (6m)
SURYODAY,14:18:58,Cup & Handle Scanner,193.29,192.58,0.37,4.02,Bypassed (Mature Base),⚠️ FAKEOUT TRAP (Selling Wick),193.29,187.77,202.21,211.84,ATR Estimate,4.6,9.6,1.62,54,10437.66,298.08,17.4,,5–15 Trading Days,"Up to 30 trading days — high quality, let it run.",Tier 2 — Cup & Handle Watch,6.3/10,8.5/10,37.4% vs Nifty (6m)
NUVAMA,14:24:03,Cup & Handle Scanner,1949.6,1948.1,0.08,2.2,Bypassed (Mature Base),🔥 VALID BREAKOUT,1949.6,1899.4,2045.5,2142.91,ATR Estimate,4.9,9.9,1.91,5,9748.0,251.0,16.25,,5–15 Trading Days,"Up to 30 trading days — high quality, let it run.",Tier 2 — Cup & Handle Watch,5.8/10,8.5/10,32.9% vs Nifty (6m)
CARERATING,14:31:23,Cup & Handle Scanner,1720.3,1720.0,0.02,5.38,0.87,🔥 VALID BREAKOUT,1720.3,1677.0,1806.0,1892.0,ATR Estimate,5.0,10.0,1.98,6,10321.8,259.8,17.2,,5–15 Trading Days,Reassess at 20 trading days.,Tier 2 — Cup & Handle Watch,6.3/10,7.0/10,10.4% vs Nifty (6m)
HINDOILEXP,14:52:17,Cup & Handle Scanner,169.0,168.96,0.02,3.49,Bypassed (Mature Base),🔥 VALID BREAKOUT,169.0,164.74,177.41,185.86,ATR Estimate,5.0,10.0,1.97,58,9802.0,247.08,19.6,,1–5 Trading Days,"Up to 6 trading days — high quality, let it run.",Tier 1 — Cup & Handle Confirmed,7.4/10,8.5/10,14.1% vs Nifty (6m)
CARERATING,14:54:50,Cup & Handle Scanner,1729.0,1720.0,0.52,2.09,0.9,⚠️ BREAKOUT EXTENDED,1729.0,1677.0,1806.0,1892.0,ATR Estimate,4.5,9.4,1.48,4,6916.0,208.0,13.83,,5–15 Trading Days,Reassess at 20 trading days.,Tier 2 — Cup & Handle Watch,6.3/10,7.0/10,10.4% vs Nifty (6m)
CARERATING,15:23:35,Cup & Handle Scanner,1732.4,1729.0,0.2,2.19,0.98,🔥 VALID BREAKOUT,1732.4,1685.78,1815.45,1901.9,ATR Estimate,4.8,9.8,1.78,5,8662.0,233.1,17.32,,5–15 Trading Days,Reassess at 20 trading days.,Tier 2 — Cup & Handle Watch,6.3/10,7.0/10,10.4% vs Nifty (6m)
ATALREAL,15:28:44,Cup & Handle Scanner,31.2,30.76,1.43,2.75,Bypassed (Mature Base),⚠️ BREAKOUT EXTENDED,31.2,29.99,32.3,33.84,ATR Estimate,3.5,8.5,0.91,206,6427.2,249.26,12.85,,5–15 Trading Days,"Up to 30 trading days — high quality, let it run.",Tier 2 — Cup & Handle Watch,6.8/10,8.5/10,17.3% vs Nifty (6m)
CARERATING,15:28:48,Cup & Handle Scanner,1735.0,1729.0,0.35,2.39,1.02,⚠️ FAKEOUT TRAP (Selling Wick),1735.0,1685.78,1815.45,1901.9,ATR Estimate,4.6,9.6,1.63,5,8675.0,246.1,17.35,,5–15 Trading Days,Reassess at 20 trading days.,Tier 2 — Cup & Handle Watch,6.3/10,7.0/10,10.4% vs Nifty (6m)
KTKBANK,14:18:22,Emerging Leaders (Weekly),288.5,285.51,1.05,1.9,Bypassed (Mature Base),⚠️ BREAKOUT EXTENDED,288.5,276.4,303.73,321.94,ATR Estimate,5.3,11.6,1.26,20,5770.0,242.0,11.54,,10–20 Trading Days,Up to 10–20 Trading Days — long-horizon emergence structure. Look for multi-week trend run.,Emerging Leader — Pre-Breakout Phase,6.2/10,10.0/10,
SONACOMS,14:38:34,Hybrid Alpha (SOVEREIGN_ALPHA_V24),755.1,754.8,0.04,2.23,0.83,⚠️ FAKEOUT TRAP (Selling Wick),755.1,735.93,792.54,830.28,ATR Estimate,5.0,10.0,1.95,13,9816.3,249.21,19.63,,1 Trading Day,Reassess at 4 trading days.,Tier 1 — Ready to Monitor Daily,9.4/10,7.0/10,90.3
SONACOMS,14:49:44,Hybrid Alpha (SOVEREIGN_ALPHA_V24),760.85,754.8,0.8,3.77,0.85,⚠️ BREAKOUT EXTENDED,760.85,735.93,792.54,830.28,ATR Estimate,4.2,9.1,1.27,10,7608.5,249.2,15.22,,1 Trading Day,Reassess at 4 trading days.,Tier 1 — Ready to Monitor Daily,9.4/10,7.0/10,90.3
SONACOMS,15:13:43,Hybrid Alpha (SOVEREIGN_ALPHA_V24),762.4,760.95,0.19,1.82,0.89,🔥 VALID BREAKOUT,762.4,741.93,799.0,837.05,ATR Estimate,4.8,9.8,1.79,12,9148.8,245.64,18.3,,1 Trading Day,Reassess at 4 trading days.,Tier 1 — Ready to Monitor Daily,9.4/10,7.0/10,90.3
BHARATFORG,09:24:07,Master Terminal,2194.5,2188.7,0.26,1.88,0.36,🔥 VALID BREAKOUT,2194.5,2139.24,2287.63,2386.56,ATR Estimate,4.2,8.8,1.69,4,8778.0,221.04,17.56,,1 Trading Day,Hard review at 3 trading days — lower conviction setup.,Tier 1 — Ready to Monitor Daily,6.8/10,5.1/10,
ABCAPITAL,09:24:09,Master Terminal,407.8,401.05,1.68,9.38,0.44,⚠️ BREAKOUT EXTENDED,407.8,390.98,421.18,441.32,ATR Estimate,3.3,8.2,0.8,14,5709.2,235.48,11.42,,2 Trading Days,Hard review at 6 trading days — lower conviction setup.,Tier 1 — Ready to Monitor Daily,6.6/10,5.7/10,
BAJFINANCE,09:24:12,Master Terminal,1103.0,1065.5,3.52,4.09,0.8,⚠️ BREAKOUT EXTENDED,1103.0,1041.53,1113.45,1161.39,ATR Estimate,0.9,5.3,0.17,4,4412.0,245.88,8.82,,1 Trading Day,Hard review at 3 trading days — lower conviction setup.,Tier 1 — Ready to Monitor Daily,6.2/10,4.2/10,
BAJAJFINSV,09:24:20,Master Terminal,1969.1,1945.0,1.24,4.64,0.5,⚠️ BREAKOUT EXTENDED,1969.1,1907.07,2020.86,2096.71,ATR Estimate,2.6,6.5,0.83,4,7876.4,248.12,15.75,,1 Trading Day,Hard review at 3 trading days — lower conviction setup.,Tier 1 — Ready to Monitor Daily,5.4/10,4.5/10,
INDHOTEL,09:24:21,Master Terminal,756.35,750.5,0.78,3.79,0.44,⚠️ BREAKOUT EXTENDED,756.35,735.04,781.42,812.34,ATR Estimate,3.3,7.4,1.18,11,8319.85,234.41,16.64,,1 Trading Day,Reassess at 4 trading days.,Tier 1 — Ready to Monitor Daily,5.3/10,7.6/10,
AVALON,09:24:24,Master Terminal,1820.0,1801.3,1.04,2.94,0.49,⚠️ BREAKOUT EXTENDED,1820.0,1718.44,1967.02,2132.74,ATR Estimate,8.1,17.2,1.45,2,3640.0,203.12,7.28,,3 Trading Days,Hard review at 9 trading days — lower conviction setup.,Tier 2 — Institutional Accumulation,6.8/10,5.3/10,
NIVABUPA,09:27:02,Master Terminal,87.85,87.76,0.1,2.09,0.83,🔥 VALID BREAKOUT,87.85,85.51,92.25,96.75,ATR Estimate,5.0,10.1,1.88,106,9312.1,248.04,18.62,,2 Trading Days,Reassess at 8 trading days.,Tier 1 — Ready to Monitor Daily,5.7/10,7.2/10,
ENDURANCE,09:33:51,Master Terminal,2830.0,2825.0,0.18,2.15,0.39,⚠️ FAKEOUT TRAP (Selling Wick),2830.0,2743.64,2987.72,3150.44,ATR Estimate,5.6,11.3,1.83,2,5660.0,172.72,11.32,,1 Trading Day,Hard review at 3 trading days — lower conviction setup.,Tier 1 — Ready to Monitor Daily,5.8/10,4.4/10,
AVALON,09:36:53,Master Terminal,1815.2,1801.3,0.77,6.75,0.58,⚠️ FAKEOUT TRAP (Selling Wick),1815.2,1718.44,1967.02,2132.74,ATR Estimate,8.4,17.5,1.57,2,3630.4,193.52,7.26,,3 Trading Days,Hard review at 9 trading days — lower conviction setup.,Tier 2 — Institutional Accumulation,6.8/10,5.3/10,
AVALON,09:38:20,Master Terminal,1803.3,1801.3,0.11,11.63,0.59,🔥 VALID BREAKOUT,1803.3,1718.44,1967.02,2132.74,ATR Estimate,9.1,18.3,1.93,2,3606.6,169.72,7.21,,3 Trading Days,Hard review at 9 trading days — lower conviction setup.,Tier 2 — Institutional Accumulation,6.8/10,5.3/10,
UNOMINDA,09:49:24,Master Terminal,1185.7,1184.7,0.08,2.37,0.62,⚠️ FAKEOUT TRAP (Selling Wick),1185.7,1155.79,1242.51,1300.33,ATR Estimate,4.8,9.7,1.9,8,9485.6,239.28,18.97,,1 Trading Day,Hard review at 3 trading days — lower conviction setup.,Tier 1 — Ready to Monitor Daily,5.8/10,5.9/10,
ABCAPITAL,09:54:39,Master Terminal,409.5,409.05,0.11,2.17,0.54,⚠️ FAKEOUT TRAP (Selling Wick),409.5,398.78,429.58,450.12,ATR Estimate,4.9,9.9,1.87,23,9418.5,246.56,18.84,,2 Trading Days,Hard review at 6 trading days — lower conviction setup.,Tier 1 — Ready to Monitor Daily,6.6/10,5.7/10,
CREDITACC,09:56:14,Master Terminal,1624.4,1620.0,0.27,8.53,3.09,🔥 VALID BREAKOUT,1624.4,1567.51,1724.98,1829.95,ATR Estimate,6.2,12.7,1.77,4,6497.6,227.56,13.0,,1 Trading Day,Hard review at 3 trading days — lower conviction setup.,Tier 2 — Institutional Accumulation,6.1/10,4.1/10,
HAL,10:13:46,Master Terminal,4661.9,4645.0,0.36,2.28,0.67,🔥 VALID BREAKOUT,4661.9,4554.42,4826.15,5007.31,ATR Estimate,3.5,7.4,1.53,2,9323.8,214.96,18.65,,1 Trading Day,Hard review at 3 trading days — lower conviction setup.,Tier 1 — Ready to Monitor Daily,5.6/10,5.7/10,
ANTHEM,10:19:28,Master Terminal,803.55,800.0,0.44,7.09,0.3,🔥 VALID BREAKOUT,803.55,778.96,842.08,884.16,ATR Estimate,4.8,10.0,1.57,10,8035.5,245.9,16.07,,1 Trading Day,Reassess at 4 trading days.,Tier 2 — Institutional Accumulation,5.7/10,6.8/10,
ANTHEM,10:22:13,Master Terminal,806.0,800.0,0.75,2.47,0.31,⚠️ BREAKOUT EXTENDED,806.0,778.96,842.08,884.16,ATR Estimate,4.5,9.7,1.33,9,7254.0,243.36,14.51,,1 Trading Day,Reassess at 4 trading days.,Tier 2 — Institutional Accumulation,5.7/10,6.8/10,
ALKEM,10:34:16,Master Terminal,5794.5,5735.5,1.03,2.45,Bypassed (Mature Base),⚠️ BREAKOUT EXTENDED,5794.5,5620.22,5966.07,6196.63,ATR Estimate,3.0,6.9,0.98,1,5794.5,174.28,11.59,,1 Trading Day,"Up to 6 trading days — high quality, let it run.",Tier 1 — Ready to Monitor Daily,6.0/10,9.0/10,
ATALREAL,11:08:11,Emerging Leaders (Weekly),33.35,33.11,0.72,32.61,0.67,⚠️ FAKEOUT TRAP (Selling Wick),33.35,31.74,35.86,38.61,ATR Estimate,7.5,15.8,1.56,155,5169.25,249.55,10.34,,10–20 Trading Days,Up to 10–20 Trading Days — long-horizon emergence structure. Look for multi-week trend run.,Emerging Leader — Pre-Breakout Phase,6.6/10,8.3/10,
ATALREAL,11:09:30,Emerging Leaders (Weekly),33.5,33.11,1.18,49.45,0.69,⚠️ BREAKOUT EXTENDED,33.5,31.74,35.86,38.61,ATR Estimate,7.0,15.3,1.34,142,4757.0,249.92,9.51,,10–20 Trading Days,Up to 10–20 Trading Days — long-horizon emergence structure. Look for multi-week trend run.,Emerging Leader — Pre-Breakout Phase,6.6/10,8.3/10,
BAJFINANCE,11:27:55,Master Terminal,1133.8,1129.0,0.43,3.66,1.11,🔥 VALID BREAKOUT,1133.8,1103.6,1179.81,1230.61,ATR Estimate,4.1,8.5,1.52,8,9070.4,241.6,18.14,,1 Trading Day,Hard review at 3 trading days — lower conviction setup.,Tier 1 — Ready to Monitor Daily,6.2/10,4.2/10,
MOTHERSON,11:37:25,Master Terminal,151.04,150.63,0.27,2.22,0.61,🔥 VALID BREAKOUT,151.04,147.08,157.74,164.85,ATR Estimate,4.4,9.1,1.69,63,9515.52,249.48,19.03,,1 Trading Day,Hard review at 3 trading days — lower conviction setup.,Tier 1 — Ready to Monitor Daily,6.7/10,5.6/10,
BELRISE,11:54:52,Master Terminal,242.57,241.8,0.32,1.89,0.54,⚠️ FAKEOUT TRAP (Selling Wick),242.57,234.72,255.97,270.14,ATR Estimate,5.5,11.4,1.71,31,7519.67,243.35,15.04,,2 Trading Days,Reassess at 8 trading days.,Tier 1 — Ready to Monitor Daily,6.8/10,7.2/10,
ANANDRATHI,12:03:15,Master Terminal,2075.0,2072.5,0.12,3.17,0.18,🔥 VALID BREAKOUT,2075.0,2022.35,2172.81,2273.12,ATR Estimate,4.7,9.5,1.86,4,8300.0,210.6,16.6,,3 Trading Days,Hard review at 9 trading days — lower conviction setup.,Tier 2 — Institutional Accumulation,6.6/10,4.3/10,
EICHERMOT,12:03:22,Emerging Leaders (Weekly),7876.0,7803.89,0.92,2.41,0.46,⚠️ BREAKOUT EXTENDED,7876.0,7657.18,8097.32,8390.74,ATR Estimate,2.8,6.5,1.01,1,7876.0,218.82,15.75,,10–20 Trading Days,Up to 10–20 Trading Days — long-horizon emergence structure. Look for multi-week trend run.,Emerging Leader — Pre-Breakout Phase,6.7/10,7.2/10,
MOTHERSON,12:04:23,Master Terminal,152.15,151.14,0.67,1.9,0.63,⚠️ BREAKOUT EXTENDED,152.15,147.57,158.27,165.41,ATR Estimate,4.0,8.7,1.34,54,8216.1,247.32,16.43,,1 Trading Day,Hard review at 3 trading days — lower conviction setup.,Tier 1 — Ready to Monitor Daily,6.7/10,5.6/10,
ANANDRATHI,12:07:16,Master Terminal,2080.4,2072.5,0.38,5.32,0.18,⚠️ FAKEOUT TRAP (Selling Wick),2080.4,2022.35,2172.81,2273.12,ATR Estimate,4.4,9.3,1.59,4,8321.6,232.2,16.64,,3 Trading Days,Hard review at 9 trading days — lower conviction setup.,Tier 2 — Institutional Accumulation,6.6/10,4.3/10,
BAJAJFINSV,12:08:34,Master Terminal,2005.0,2004.2,0.04,3.09,0.75,⚠️ FAKEOUT TRAP (Selling Wick),2005.0,1965.12,2082.36,2160.53,ATR Estimate,3.9,7.8,1.94,4,8020.0,159.52,16.04,⚠️ Units capped at 20% concentration limit.,1 Trading Day,Hard review at 3 trading days — lower conviction setup.,Tier 1 — Ready to Monitor Daily,5.4/10,4.5/10,
APOLLOTYRE,12:19:14,Master Terminal,432.5,431.4,0.25,2.7,0.39,🔥 VALID BREAKOUT,432.5,422.34,449.52,467.64,ATR Estimate,3.9,8.1,1.68,23,9947.5,233.68,19.89,⚠️ Units capped at 20% concentration limit.,4–6 Days,Reassess at 16 trading days.,Tier 1 — Ready to Monitor Daily,5.2/10,6.7/10,
APOLLOTYRE,12:24:34,Master Terminal,431.95,431.4,0.13,2.79,0.41,⚠️ FAKEOUT TRAP (Selling Wick),431.95,422.34,449.52,467.64,ATR Estimate,4.1,8.3,1.83,23,9934.85,221.03,19.87,⚠️ Units capped at 20% concentration limit.,4–6 Days,Reassess at 16 trading days.,Tier 1 — Ready to Monitor Daily,5.2/10,6.7/10,
IKS,12:34:45,Master Terminal,1867.0,1860.5,0.35,3.93,0.22,🔥 VALID BREAKOUT,1867.0,1805.99,1969.53,2078.55,ATR Estimate,5.5,11.3,1.68,4,7468.0,244.04,14.94,,3 Trading Days,Hard review at 9 trading days — lower conviction setup.,Tier 2 — Institutional Accumulation,5.9/10,5.5/10,
IKS,12:39:02,Master Terminal,1866.9,1860.5,0.34,5.59,0.23,⚠️ FAKEOUT TRAP (Selling Wick),1866.9,1805.99,1969.53,2078.55,ATR Estimate,5.5,11.3,1.68,4,7467.6,243.64,14.94,,3 Trading Days,Hard review at 9 trading days — lower conviction setup.,Tier 2 — Institutional Accumulation,5.9/10,5.5/10,
BHARTIARTL,12:43:05,Master Terminal,1968.6,1965.0,0.18,2.13,0.85,🔥 VALID BREAKOUT,1968.6,1936.11,2022.77,2080.54,ATR Estimate,2.8,5.7,1.67,5,9843.0,162.45,19.69,⚠️ Units capped at 20% concentration limit.,1 Trading Day,Hard review at 3 trading days — lower conviction setup.,Tier 1 — Ready to Monitor Daily,5.7/10,4.6/10,
IKS,12:47:36,Master Terminal,1874.9,1860.5,0.77,2.01,0.23,⚠️ BREAKOUT EXTENDED,1874.9,1805.99,1969.53,2078.55,ATR Estimate,5.0,10.9,1.37,3,5624.7,206.73,11.25,,3 Trading Days,Hard review at 9 trading days — lower conviction setup.,Tier 2 — Institutional Accumulation,5.9/10,5.5/10,
BHARTIARTL,12:48:49,Master Terminal,1974.3,1965.0,0.47,2.07,0.86,⚠️ BREAKOUT EXTENDED,1974.3,1936.11,2022.77,2080.54,ATR Estimate,2.5,5.4,1.27,5,9871.5,190.95,19.74,⚠️ Units capped at 20% concentration limit.,1 Trading Day,Hard review at 3 trading days — lower conviction setup.,Tier 1 — Ready to Monitor Daily,5.7/10,4.6/10,
GAIL,12:48:52,Master Terminal,177.37,177.36,0.01,2.19,1.34,⚠️ FAKEOUT TRAP (Selling Wick),177.37,173.72,184.63,191.9,ATR Estimate,4.1,8.2,1.99,56,9932.72,204.4,19.87,⚠️ Units capped at 20% concentration limit.,1 Trading Day,Reassess at 4 trading days.,Tier 1 — Ready to Monitor Daily,5.5/10,6.6/10,
PNB,13:06:38,Master Terminal,112.83,112.55,0.25,2.31,0.49,🔥 VALID BREAKOUT,112.83,110.27,117.12,121.69,ATR Estimate,3.8,7.9,1.68,88,9929.04,225.28,19.86,⚠️ Units capped at 20% concentration limit.,1 Trading Day,Hard review at 3 trading days — lower conviction setup.,Tier 2 — Institutional Accumulation,5.7/10,4.7/10,
PNB,13:29:31,Master Terminal,112.8,112.75,0.04,2.51,0.5,⚠️ FAKEOUT TRAP (Selling Wick),112.8,110.46,117.33,121.91,ATR Estimate,4.0,8.1,1.94,88,9926.4,205.92,19.85,⚠️ Units capped at 20% concentration limit.,1 Trading Day,Hard review at 3 trading days — lower conviction setup.,Tier 2 — Institutional Accumulation,5.7/10,4.7/10,
ALKEM,13:33:34,Master Terminal,5756.5,5735.5,0.37,3.08,Bypassed (Mature Base),⚠️ FAKEOUT TRAP (Selling Wick),5756.5,5620.22,5966.07,6196.63,ATR Estimate,3.6,7.6,1.54,1,5756.5,136.28,11.51,,1 Trading Day,"Up to 6 trading days — high quality, let it run.",Tier 1 — Ready to Monitor Daily,6.0/10,9.0/10,
CHOICEIN,13:58:18,Master Terminal,818.0,813.55,0.55,2.11,0.31,⚠️ BREAKOUT EXTENDED,818.0,797.85,844.95,876.36,ATR Estimate,3.3,7.1,1.34,12,9816.0,241.8,19.63,,3 Trading Days,Hard review at 9 trading days — lower conviction setup.,Tier 2 — Institutional Accumulation,5.6/10,4.1/10,
SONACOMS,14:03:42,Hybrid Alpha (SOVEREIGN_ALPHA_V24),772.95,771.85,0.14,3.56,1.09,🔥 VALID BREAKOUT,772.95,752.55,810.44,849.03,ATR Estimate,4.9,9.8,1.84,12,9275.4,244.8,18.55,,1 Trading Day,Reassess at 4 trading days.,Tier 1 — Ready to Monitor Daily,9.4/10,7.0/10,90.3
GAIL,14:13:02,Master Terminal,177.9,177.68,0.12,18.09,1.64,🔥 VALID BREAKOUT,177.9,174.04,184.96,192.25,ATR Estimate,4.0,8.1,1.83,56,9962.4,216.16,19.92,⚠️ Units capped at 20% concentration limit.,1 Trading Day,Reassess at 4 trading days.,Tier 1 — Ready to Monitor Daily,5.5/10,6.6/10,
GAIL,14:17:08,Master Terminal,178.8,177.68,0.63,7.19,1.77,⚠️ BREAKOUT EXTENDED,178.8,174.04,184.96,192.25,ATR Estimate,3.4,7.5,1.29,52,9297.6,247.52,18.6,,1 Trading Day,Reassess at 4 trading days.,Tier 1 — Ready to Monitor Daily,5.5/10,6.6/10,
CHOICEIN,14:34:47,Master Terminal,823.75,821.0,0.33,3.27,0.39,🔥 VALID BREAKOUT,823.75,805.15,852.69,884.38,ATR Estimate,3.5,7.4,1.56,12,9885.0,223.2,19.77,⚠️ Units capped at 20% concentration limit.,3 Trading Days,Hard review at 9 trading days — lower conviction setup.,Tier 2 — Institutional Accumulation,5.6/10,4.1/10,
SUNDRMFAST,15:01:44,Master Terminal,977.0,975.5,0.15,7.88,0.31,🔥 VALID BREAKOUT,977.0,955.6,1015.3,1055.1,ATR Estimate,3.9,8.0,1.79,10,9770.0,214.0,19.54,⚠️ Units capped at 20% concentration limit.,1 Trading Day,Reassess at 4 trading days.,Tier 1 — Ready to Monitor Daily,5.6/10,6.6/10,
ALKEM,15:03:05,Master Terminal,5757.0,5735.5,0.37,2.07,Bypassed (Mature Base),🔥 VALID BREAKOUT,5757.0,5620.22,5966.07,6196.63,ATR Estimate,3.6,7.6,1.53,1,5757.0,136.78,11.51,,1 Trading Day,"Up to 6 trading days — high quality, let it run.",Tier 1 — Ready to Monitor Daily,6.0/10,9.0/10,
BAJAJFINSV,15:03:13,Master Terminal,2026.5,2026.1,0.02,2.83,1.05,🔥 VALID BREAKOUT,2026.5,1986.59,2105.12,2184.14,ATR Estimate,3.9,7.8,1.97,4,8106.0,159.64,16.21,⚠️ Units capped at 20% concentration limit.,1 Trading Day,Hard review at 3 trading days — lower conviction setup.,Tier 1 — Ready to Monitor Daily,5.4/10,4.5/10,
EICHERMOT,15:03:24,Emerging Leaders (Weekly),7830.5,7803.89,0.34,2.63,0.94,⚠️ FAKEOUT TRAP (Selling Wick),7830.5,7657.18,8097.32,8390.74,ATR Estimate,3.4,7.2,1.54,1,7830.5,173.32,15.66,,10–20 Trading Days,Up to 10–20 Trading Days — long-horizon emergence structure. Look for multi-week trend run.,Emerging Leader — Pre-Breakout Phase,6.7/10,7.2/10,
SUNDRMFAST,15:08:48,Master Terminal,977.7,975.5,0.23,7.62,0.32,⚠️ FAKEOUT TRAP (Selling Wick),977.7,955.6,1015.3,1055.1,ATR Estimate,3.8,7.9,1.7,10,9777.0,221.0,19.55,⚠️ Units capped at 20% concentration limit.,1 Trading Day,Reassess at 4 trading days.,Tier 1 — Ready to Monitor Daily,5.6/10,6.6/10,
ATALREAL,15:14:36,Emerging Leaders (Weekly),33.37,33.11,0.79,1.92,1.31,🔥 VALID BREAKOUT,33.37,31.74,35.86,38.61,ATR Estimate,7.5,15.7,1.53,153,5105.61,249.39,10.21,,10–20 Trading Days,Up to 10–20 Trading Days — long-horizon emergence structure. Look for multi-week trend run.,Emerging Leader — Pre-Breakout Phase,6.6/10,8.3/10,
EICHERMOT,15:23:12,Emerging Leaders (Weekly),7833.0,7803.89,0.37,2.28,0.97,🔥 VALID BREAKOUT,7833.0,7657.18,8097.32,8390.74,ATR Estimate,3.4,7.1,1.5,1,7833.0,175.82,15.67,,10–20 Trading Days,Up to 10–20 Trading Days — long-horizon emergence structure. Look for multi-week trend run.,Emerging Leader — Pre-Breakout Phase,6.7/10,7.2/10,
SUNDRMFAST,15:24:25,Master Terminal,979.9,975.5,0.45,1.98,0.33,⚠️ BREAKOUT EXTENDED,979.9,955.6,1015.3,1055.1,ATR Estimate,3.6,7.7,1.46,10,9799.0,243.0,19.6,,1 Trading Day,Reassess at 4 trading days.,Tier 1 — Ready to Monitor Daily,5.6/10,6.6/10,
UNOMINDA,09:43:25,Master Terminal,1202.4,1195.2,0.6,2.24,0.91,⚠️ BREAKOUT EXTENDED,1202.4,1166.87,1251.85,1308.5,ATR Estimate,4.1,8.8,1.39,7,8416.8,248.71,16.83,,1 Trading Day,Hard review at 3 trading days — lower conviction setup.,Tier 1 — Ready to Monitor Daily,5.5/10,4.5/10,
FORTIS,09:44:41,Master Terminal,962.25,958.4,0.4,2.27,0.54,⚠️ BREAKOUT EXTENDED,962.25,941.72,991.75,1025.1,ATR Estimate,3.1,6.5,1.44,10,9622.5,205.3,19.25,⚠️ Units capped at 20% concentration limit.,4–5 Days,Reassess at 16 trading days.,Tier 1 — Ready to Monitor Daily,5.5/10,7.3/10,
INDIANB,09:44:45,Master Terminal,849.1,844.35,0.56,1.91,0.26,⚠️ BREAKOUT EXTENDED,849.1,824.85,883.36,922.37,ATR Estimate,4.0,8.6,1.41,10,8491.0,242.5,16.98,,2 Trading Days,Hard review at 6 trading days — lower conviction setup.,Tier 2 — Institutional Accumulation,6.3/10,6.3/10,
RAYMOND,09:47:22,Master Terminal,606.2,599.2,1.17,6.78,0.69,⚠️ BREAKOUT EXTENDED,606.2,577.75,642.1,685.01,ATR Estimate,5.9,13.0,1.26,8,4849.6,227.6,9.7,,4–5 Days,Hard review at 12 trading days — lower conviction setup.,Tier 1 — Ready to Monitor Daily,5.1/10,6.2/10,
SONACOMS,09:48:44,Hybrid Alpha (SOVEREIGN_ALPHA_V24),781.6,775.45,0.79,1.84,1.14,⚠️ BREAKOUT EXTENDED,781.6,756.06,814.22,853.0,ATR Estimate,4.2,9.1,1.28,9,7034.4,229.86,14.07,,1 Trading Day,Reassess at 4 trading days.,Tier 1 — Ready to Monitor Daily,9.4/10,7.0/10,90.3
GICRE,09:49:55,Master Terminal,362.45,361.75,0.19,3.22,0.56,🔥 VALID BREAKOUT,362.45,357.3,370.65,379.55,ATR Estimate,2.3,4.7,1.59,27,9786.15,139.05,19.57,⚠️ Units capped at 20% concentration limit.,4–5 Days,Reassess at 16 trading days.,Tier 1 — Ready to Monitor Daily,5.1/10,6.6/10,
JAMNAAUTO,09:52:27,Master Terminal,135.9,135.42,0.35,1.93,0.5,🔥 VALID BREAKOUT,135.9,131.13,144.01,152.59,ATR Estimate,6.0,12.3,1.7,52,7066.8,248.04,14.13,,3 Trading Days,Hard review at 9 trading days — lower conviction setup.,Tier 1 — Ready to Monitor Daily,6.6/10,6.4/10,
JAMNAAUTO,09:53:45,Master Terminal,135.5,135.42,0.06,2.63,0.5,⚠️ FAKEOUT TRAP (Selling Wick),135.5,131.13,144.01,152.59,ATR Estimate,6.3,12.6,1.95,57,7723.5,249.09,15.45,,3 Trading Days,Hard review at 9 trading days — lower conviction setup.,Tier 1 — Ready to Monitor Daily,6.6/10,6.4/10,
JAMNAAUTO,10:04:11,Master Terminal,136.51,135.42,0.8,1.9,0.5,⚠️ BREAKOUT EXTENDED,136.51,131.13,144.01,152.59,ATR Estimate,5.5,11.8,1.39,46,6279.46,247.48,12.56,,3 Trading Days,Hard review at 9 trading days — lower conviction setup.,Tier 1 — Ready to Monitor Daily,6.6/10,6.4/10,
GICRE,10:04:21,Master Terminal,362.35,361.75,0.17,1.82,0.56,⚠️ FAKEOUT TRAP (Selling Wick),362.35,357.3,370.65,379.55,ATR Estimate,2.3,4.7,1.64,27,9783.45,136.35,19.57,⚠️ Units capped at 20% concentration limit.,4–5 Days,Reassess at 16 trading days.,Tier 1 — Ready to Monitor Daily,5.1/10,6.6/10,
SUNDRMFAST,10:34:34,Master Terminal,987.6,980.0,0.78,1.82,0.33,⚠️ BREAKOUT EXTENDED,987.6,960.69,1018.61,1057.22,ATR Estimate,3.1,7.0,1.15,9,8888.4,242.19,17.78,,1 Trading Day,Hard review at 3 trading days — lower conviction setup.,Tier 1 — Ready to Monitor Daily,5.6/10,6.2/10,
ATALREAL,10:38:30,Emerging Leaders (Weekly),33.74,33.65,0.27,8.55,Bypassed (Mature Base),🔥 VALID BREAKOUT,33.74,32.43,36.09,38.54,ATR Estimate,7.0,14.2,1.79,190,6410.6,248.9,12.82,,10–20 Trading Days,Up to 10–20 Trading Days — long-horizon emergence structure. Look for multi-week trend run.,Emerging Leader — Pre-Breakout Phase,6.7/10,8.9/10,
ATALREAL,10:43:31,Emerging Leaders (Weekly),33.65,33.65,0.0,9.24,Bypassed (Mature Base),⚠️ FAKEOUT TRAP (Selling Wick),33.65,32.43,36.09,38.54,ATR Estimate,7.3,14.5,2.0,204,6864.6,248.88,13.73,,10–20 Trading Days,Up to 10–20 Trading Days — long-horizon emergence structure. Look for multi-week trend run.,Emerging Leader — Pre-Breakout Phase,6.7/10,8.9/10,
ELGIEQUIP,10:54:50,Master Terminal,581.55,580.85,0.12,3.26,0.4,🔥 VALID BREAKOUT,581.55,565.34,611.87,642.88,ATR Estimate,5.2,10.5,1.87,15,8723.25,243.15,17.45,,3 Trading Days,Hard review at 9 trading days — lower conviction setup.,Tier 1 — Ready to Monitor Daily,6.0/10,5.3/10,
WOCKPHARMA,11:27:47,Master Terminal,1985.7,1980.0,0.29,2.12,0.72,⚠️ FAKEOUT TRAP (Selling Wick),1985.7,1924.96,2090.09,2200.18,ATR Estimate,5.3,10.8,1.72,4,7942.8,242.96,15.89,,1 Trading Day,Hard review at 3 trading days — lower conviction setup.,Tier 1 — Ready to Monitor Daily,6.3/10,4.6/10,
METROPOLIS,11:33:06,Emerging Leaders (Weekly),594.95,585.38,1.63,3.26,Bypassed (Mature Base),⚠️ BREAKOUT EXTENDED,594.95,565.13,625.89,666.4,ATR Estimate,5.2,12.0,1.04,8,4759.6,238.56,9.52,,10–20 Trading Days,Up to 10–20 Trading Days — long-horizon emergence structure. Look for multi-week trend run.,Emerging Leader — Pre-Breakout Phase,6.1/10,10.0/10,
WOCKPHARMA,11:39:09,Master Terminal,1995.1,1980.0,0.76,2.42,0.72,⚠️ BREAKOUT EXTENDED,1995.1,1924.96,2090.09,2200.18,ATR Estimate,4.8,10.3,1.35,3,5985.3,210.42,11.97,,1 Trading Day,Hard review at 3 trading days — lower conviction setup.,Tier 1 — Ready to Monitor Daily,6.3/10,4.6/10,
CASTROLIND,11:54:56,Master Terminal,186.83,186.45,0.2,1.95,Bypassed (Mature Base),⚠️ BREAKOUT EXTENDED,186.83,184.92,189.51,192.57,ATR Estimate,1.4,3.1,1.4,53,9901.99,101.23,19.8,⚠️ Units capped at 20% concentration limit.,3 Trading Days,"Up to 18 trading days — high quality, let it run.",Tier 1 — Ready to Monitor Daily,5.0/10,8.6/10,
GRASIM,11:57:21,Master Terminal,3151.4,3148.0,0.11,2.22,0.52,🔥 VALID BREAKOUT,3151.4,3097.32,3249.37,3350.73,ATR Estimate,3.1,6.3,1.81,3,9454.2,162.24,18.91,⚠️ Units capped at 20% concentration limit.,3 Trading Days,Reassess at 12 trading days.,Tier 1 — Ready to Monitor Daily,5.9/10,8.4/10,
GRASIM,11:58:39,Master Terminal,3148.3,3148.0,0.01,2.63,0.52,⚠️ FAKEOUT TRAP (Selling Wick),3148.3,3097.32,3249.37,3350.73,ATR Estimate,3.2,6.4,1.98,3,9444.9,152.94,18.89,⚠️ Units capped at 20% concentration limit.,3 Trading Days,Reassess at 12 trading days.,Tier 1 — Ready to Monitor Daily,5.9/10,8.4/10,
WOCKPHARMA,12:19:12,Master Terminal,2012.0,2004.0,0.4,2.28,0.72,🔥 VALID BREAKOUT,2012.0,1948.29,2115.42,2226.84,ATR Estimate,5.1,10.7,1.62,3,6036.0,191.13,12.07,,1 Trading Day,Hard review at 3 trading days — lower conviction setup.,Tier 1 — Ready to Monitor Daily,6.3/10,4.6/10,
EICHERMOT,12:19:25,Emerging Leaders (Weekly),8020.5,7960.4,0.75,1.9,0.98,⚠️ BREAKOUT EXTENDED,8020.5,7807.56,8266.08,8571.76,ATR Estimate,3.1,6.9,1.15,1,8020.5,212.94,16.04,,10–20 Trading Days,Up to 10–20 Trading Days — long-horizon emergence structure. Look for multi-week trend run.,Emerging Leader — Pre-Breakout Phase,6.9/10,7.5/10,
SOLARINDS,12:38:13,Master Terminal,18710.0,18612.0,0.53,4.54,0.53,⚠️ BREAKOUT EXTENDED,18710.0,18176.48,19483.04,20354.08,ATR Estimate,4.1,8.8,1.45,0,0,0,0,Position too small for capital/risk combination.,2 Trading Days,Hard review at 6 trading days — lower conviction setup.,Tier 2 — Institutional Accumulation,6.1/10,5.4/10,
SOLARINDS,12:39:29,Master Terminal,18695.0,18612.0,0.45,5.6,0.53,🔥 VALID BREAKOUT,18695.0,18176.48,19483.04,20354.08,ATR Estimate,4.2,8.9,1.52,0,0,0,0,Position too small for capital/risk combination.,2 Trading Days,Hard review at 6 trading days — lower conviction setup.,Tier 2 — Institutional Accumulation,6.1/10,5.4/10,
UNOMINDA,12:44:27,Master Terminal,1215.5,1213.0,0.21,2.01,0.91,🔥 VALID BREAKOUT,1215.5,1184.25,1270.5,1327.99,ATR Estimate,4.5,9.3,1.76,8,9724.0,250.0,19.45,,1 Trading Day,Hard review at 3 trading days — lower conviction setup.,Tier 1 — Ready to Monitor Daily,5.5/10,4.5/10,
EMCURE,12:58:29,Emerging Leaders (Weekly),1983.9,1976.37,0.38,4.29,Bypassed (Mature Base),⚠️ FAKEOUT TRAP (Selling Wick),1983.9,1917.08,2094.95,2213.53,ATR Estimate,5.6,11.6,1.66,3,5951.7,200.46,11.9,,10–20 Trading Days,Up to 10–20 Trading Days — long-horizon emergence structure. Look for multi-week trend run.,Emerging Leader — Pre-Breakout Phase,5.6/10,9.0/10,
KOTAKBANK,14:24:21,Master Terminal,393.7,393.55,0.04,2.62,Bypassed (Mature Base),🔥 VALID BREAKOUT,393.7,385.8,409.06,424.56,ATR Estimate,3.9,7.8,1.94,25,9842.5,197.5,19.68,⚠️ Units capped at 20% concentration limit.,1 Trading Day,"Up to 6 trading days — high quality, let it run.",Tier 1 — Ready to Monitor Daily,5.3/10,9.2/10,
KOTAKBANK,14:29:23,Master Terminal,394.0,393.55,0.11,2.21,Bypassed (Mature Base),⚠️ FAKEOUT TRAP (Selling Wick),394.0,385.8,409.06,424.56,ATR Estimate,3.8,7.8,1.84,25,9850.0,205.0,19.7,⚠️ Units capped at 20% concentration limit.,1 Trading Day,"Up to 6 trading days — high quality, let it run.",Tier 1 — Ready to Monitor Daily,5.3/10,9.2/10,
JINDALSAW,14:47:11,Master Terminal,260.4,259.65,0.29,5.26,0.38,🔥 VALID BREAKOUT,260.4,249.84,279.28,298.91,ATR Estimate,7.3,14.8,1.79,23,5989.2,242.88,11.98,,3 Trading Days,Hard review at 9 trading days — lower conviction setup.,Tier 2 — Institutional Accumulation,6.3/10,6.4/10,
360ONE,09:38:37,Master Terminal,1169.9,1165.5,0.38,3.23,0.02,🔥 VALID BREAKOUT,1169.9,1130.07,1236.36,1307.22,ATR Estimate,5.7,11.7,1.67,6,7019.4,238.98,14.04,,1 Trading Day,Hard review at 3 trading days — lower conviction setup.,Tier 1 — Ready to Monitor Daily,5.9/10,5.8/10,
PIDILITIND,09:39:59,Master Terminal,1652.9,1642.5,0.63,1.92,0.08,⚠️ BREAKOUT EXTENDED,1652.9,1608.34,1710.83,1779.16,ATR Estimate,3.5,7.6,1.3,5,8264.5,222.8,16.53,,1 Trading Day,Hard review at 3 trading days — lower conviction setup.,Tier 1 — Ready to Monitor Daily,5.6/10,6.4/10,
360ONE,09:41:18,Master Terminal,1169.8,1165.5,0.37,4.32,0.04,⚠️ FAKEOUT TRAP (Selling Wick),1169.8,1130.07,1236.36,1307.22,ATR Estimate,5.7,11.7,1.68,6,7018.8,238.38,14.04,,1 Trading Day,Hard review at 3 trading days — lower conviction setup.,Tier 1 — Ready to Monitor Daily,5.9/10,5.8/10,
SOLARINDS,09:44:09,Master Terminal,18765.0,18710.0,0.29,3.61,0.03,🔥 VALID BREAKOUT,18765.0,18272.19,19585.63,20461.26,ATR Estimate,4.4,9.0,1.67,0,0,0,0,Position too small for capital/risk combination.,2 Trading Days,Hard review at 6 trading days — lower conviction setup.,Tier 2 — Institutional Accumulation,6.1/10,5.4/10,
CUMMINSIND,09:49:16,Master Terminal,5587.5,5563.0,0.44,2.87,0.05,🔥 VALID BREAKOUT,5587.5,5435.61,5817.79,6072.57,ATR Estimate,4.1,8.7,1.52,1,5587.5,151.89,11.18,,1 Trading Day,Reassess at 4 trading days.,Tier 1 — Ready to Monitor Daily,6.6/10,6.7/10,
SOLARINDS,09:49:28,Master Terminal,18740.0,18710.0,0.16,1.83,0.04,⚠️ FAKEOUT TRAP (Selling Wick),18740.0,18272.19,19585.63,20461.26,ATR Estimate,4.5,9.2,1.81,0,0,0,0,Position too small for capital/risk combination.,2 Trading Days,Hard review at 6 trading days — lower conviction setup.,Tier 2 — Institutional Accumulation,6.1/10,5.4/10,
EMCURE,09:59:41,Emerging Leaders (Weekly),1992.0,1976.37,0.79,2.14,Bypassed (Mature Base),⚠️ BREAKOUT EXTENDED,1992.0,1917.08,2094.95,2213.53,ATR Estimate,5.2,11.1,1.37,3,5976.0,224.76,11.95,,10–20 Trading Days,Up to 10–20 Trading Days — long-horizon emergence structure. Look for multi-week trend run.,Emerging Leader — Pre-Breakout Phase,5.6/10,9.0/10,
EMCURE,10:03:29,Emerging Leaders (Weekly),1988.0,1976.37,0.59,2.13,Bypassed (Mature Base),🔥 VALID BREAKOUT,1988.0,1917.08,2094.95,2213.53,ATR Estimate,5.4,11.3,1.51,3,5964.0,212.76,11.93,,10–20 Trading Days,Up to 10–20 Trading Days — long-horizon emergence structure. Look for multi-week trend run.,Emerging Leader — Pre-Breakout Phase,5.6/10,9.0/10,
EMCURE,10:08:35,Emerging Leaders (Weekly),1983.9,1976.37,0.38,1.99,Bypassed (Mature Base),⚠️ FAKEOUT TRAP (Selling Wick),1983.9,1917.08,2094.95,2213.53,ATR Estimate,5.6,11.6,1.66,3,5951.7,200.46,11.9,,10–20 Trading Days,Up to 10–20 Trading Days — long-horizon emergence structure. Look for multi-week trend run.,Emerging Leader — Pre-Breakout Phase,5.6/10,9.0/10,
SUNDRMFAST,10:12:13,Master Terminal,989.3,980.0,0.95,2.54,0.03,⚠️ BREAKOUT EXTENDED,989.3,960.69,1018.61,1057.22,ATR Estimate,3.0,6.9,1.02,8,7914.4,228.88,15.83,,1 Trading Day,Hard review at 3 trading days — lower conviction setup.,Tier 1 — Ready to Monitor Daily,5.6/10,6.2/10,
NHPC,10:13:32,Master Terminal,81.14,80.7,0.55,2.18,Bypassed (Mature Base),⚠️ BREAKOUT EXTENDED,81.14,79.11,83.88,87.06,ATR Estimate,3.4,7.3,1.35,123,9980.22,249.69,19.96,,3 Trading Days,"Up to 18 trading days — high quality, let it run.",Tier 1 — Ready to Monitor Daily,5.2/10,8.9/10,
GLAND,10:24:51,Master Terminal,2605.2,2586.0,0.74,2.71,0.11,⚠️ BREAKOUT EXTENDED,2605.2,2506.61,2744.78,2903.56,ATR Estimate,5.4,11.5,1.42,2,5210.4,197.18,10.42,,1 Trading Day,Hard review at 3 trading days — lower conviction setup.,Tier 1 — Ready to Monitor Daily,6.3/10,4.9/10,
ATALREAL,10:37:52,Emerging Leaders (Weekly),34.19,33.65,1.6,2.85,Bypassed (Mature Base),⚠️ BREAKOUT EXTENDED,34.19,32.43,36.09,38.54,ATR Estimate,5.6,12.7,1.08,142,4854.98,249.92,9.71,,10–20 Trading Days,Up to 10–20 Trading Days — long-horizon emergence structure. Look for multi-week trend run.,Emerging Leader — Pre-Breakout Phase,6.8/10,8.9/10,
BERGEPAINT,10:47:16,Master Terminal,539.7,536.95,0.51,4.53,0.25,⚠️ BREAKOUT EXTENDED,539.7,523.26,564.33,591.72,ATR Estimate,4.6,9.6,1.5,15,8095.5,246.6,16.19,,1 Trading Day,Hard review at 3 trading days — lower conviction setup.,Tier 1 — Ready to Monitor Daily,5.2/10,5.9/10,
BERGEPAINT,10:48:39,Master Terminal,539.5,536.95,0.47,4.84,0.26,🔥 VALID BREAKOUT,539.5,523.26,564.33,591.72,ATR Estimate,4.6,9.7,1.53,15,8092.5,243.6,16.18,,1 Trading Day,Hard review at 3 trading days — lower conviction setup.,Tier 1 — Ready to Monitor Daily,5.2/10,5.9/10,
METROPOLIS,10:57:20,Emerging Leaders (Weekly),590.25,585.38,0.83,2.29,Bypassed (Mature Base),⚠️ BREAKOUT EXTENDED,590.25,565.13,625.89,666.4,ATR Estimate,6.0,12.9,1.42,9,5312.25,226.08,10.62,,10–20 Trading Days,Up to 10–20 Trading Days — long-horizon emergence structure. Look for multi-week trend run.,Emerging Leader — Pre-Breakout Phase,6.1/10,10.0/10,
UNOMINDA,11:02:36,Master Terminal,1224.0,1219.5,0.37,2.09,0.1,🔥 VALID BREAKOUT,1224.0,1190.6,1277.3,1335.11,ATR Estimate,4.4,9.1,1.6,7,8568.0,233.8,17.14,,1 Trading Day,Hard review at 3 trading days — lower conviction setup.,Tier 1 — Ready to Monitor Daily,5.5/10,4.5/10,
UNOMINDA,11:03:59,Master Terminal,1225.6,1219.5,0.5,6.37,0.12,⚠️ BREAKOUT EXTENDED,1225.6,1190.6,1277.3,1335.11,ATR Estimate,4.2,8.9,1.48,7,8579.2,245.0,17.16,,1 Trading Day,Hard review at 3 trading days — lower conviction setup.,Tier 1 — Ready to Monitor Daily,5.5/10,4.5/10,
JSWENERGY,11:16:16,Master Terminal,570.0,569.9,0.02,1.89,0.09,🔥 VALID BREAKOUT,570.0,556.56,596.57,623.24,ATR Estimate,4.7,9.3,1.98,17,9690.0,228.48,19.38,⚠️ Units capped at 20% concentration limit.,2 Trading Days,Reassess at 8 trading days.,Tier 1 — Ready to Monitor Daily,5.6/10,6.8/10,
UNOMINDA,11:17:40,Master Terminal,1222.5,1219.5,0.25,8.83,0.19,⚠️ FAKEOUT TRAP (Selling Wick),1222.5,1190.6,1277.3,1335.11,ATR Estimate,4.5,9.2,1.72,7,8557.5,223.3,17.11,,1 Trading Day,Hard review at 3 trading days — lower conviction setup.,Tier 1 — Ready to Monitor Daily,5.5/10,4.5/10,
JSWSTEEL,11:27:12,Master Terminal,1293.3,1293.2,0.01,5.31,0.11,🔥 VALID BREAKOUT,1293.3,1267.59,1344.41,1395.62,ATR Estimate,4.0,7.9,1.99,7,9053.1,179.97,18.11,⚠️ Units capped at 20% concentration limit.,2 Trading Days,Reassess at 8 trading days.,Tier 1 — Ready to Monitor Daily,6.1/10,7.1/10,
METROPOLIS,11:38:04,Emerging Leaders (Weekly),587.3,585.38,0.33,2.18,Bypassed (Mature Base),⚠️ FAKEOUT TRAP (Selling Wick),587.3,565.13,625.89,666.4,ATR Estimate,6.6,13.5,1.74,11,6460.3,243.87,12.92,,10–20 Trading Days,Up to 10–20 Trading Days — long-horizon emergence structure. Look for multi-week trend run.,Emerging Leader — Pre-Breakout Phase,6.1/10,10.0/10,
WOCKPHARMA,11:53:25,Master Terminal,2064.0,2059.0,0.24,3.09,0.36,🔥 VALID BREAKOUT,2064.0,2001.76,2173.48,2287.96,ATR Estimate,5.3,10.9,1.76,4,8256.0,248.96,16.51,,1 Trading Day,Hard review at 3 trading days — lower conviction setup.,Tier 1 — Ready to Monitor Daily,6.3/10,4.6/10,
SONACOMS,12:54:35,Hybrid Alpha (SOVEREIGN_ALPHA_V24),790.75,787.05,0.47,2.12,0.13,⚠️ FAKEOUT TRAP (Selling Wick),790.75,767.37,826.4,865.75,ATR Estimate,4.5,9.5,1.52,10,7907.5,233.8,15.82,,1 Trading Day,Reassess at 4 trading days.,Tier 1 — Ready to Monitor Daily,9.4/10,7.0/10,90.3
SONACOMS,13:02:45,Hybrid Alpha (SOVEREIGN_ALPHA_V24),791.75,789.1,0.34,2.55,0.14,🔥 VALID BREAKOUT,791.75,769.37,828.55,868.01,ATR Estimate,4.6,9.6,1.64,11,8709.25,246.18,17.42,,1 Trading Day,Reassess at 4 trading days.,Tier 1 — Ready to Monitor Daily,9.4/10,7.0/10,90.3
JAMNAAUTO,13:49:29,Master Terminal,143.48,143.24,0.17,2.04,0.77,🔥 VALID BREAKOUT,143.48,138.7,152.32,161.4,ATR Estimate,6.2,12.5,1.85,52,7460.96,248.56,14.92,,3 Trading Days,Hard review at 9 trading days — lower conviction setup.,Tier 1 — Ready to Monitor Daily,6.6/10,6.4/10,
GLAND,14:48:30,Master Terminal,2591.9,2586.0,0.23,2.03,0.47,⚠️ FAKEOUT TRAP (Selling Wick),2591.9,2506.61,2744.78,2903.56,ATR Estimate,5.9,12.0,1.79,2,5183.8,170.58,10.37,,1 Trading Day,Hard review at 3 trading days — lower conviction setup.,Tier 1 — Ready to Monitor Daily,6.3/10,4.9/10,
ELGIEQUIP,14:48:32,Master Terminal,595.0,590.6,0.75,2.34,0.5,⚠️ BREAKOUT EXTENDED,595.0,574.83,622.14,653.68,ATR Estimate,4.6,9.9,1.35,12,7140.0,242.04,14.28,,3 Trading Days,Hard review at 9 trading days — lower conviction setup.,Tier 1 — Ready to Monitor Daily,6.0/10,5.3/10,
ELGIEQUIP,14:49:48,Master Terminal,593.1,590.6,0.42,3.13,0.51,🔥 VALID BREAKOUT,593.1,574.83,622.14,653.68,ATR Estimate,4.9,10.2,1.59,13,7710.3,237.51,15.42,,3 Trading Days,Hard review at 9 trading days — lower conviction setup.,Tier 1 — Ready to Monitor Daily,6.0/10,5.3/10,
HINDALCO,14:58:51,Emerging Leaders (Weekly),1015.0,1012.84,0.21,2.09,Bypassed (Mature Base),🔥 VALID BREAKOUT,1015.0,994.2,1050.11,1087.39,ATR Estimate,3.5,7.1,1.69,9,9135.0,187.2,18.27,⚠️ Units capped at 20% concentration limit.,10–20 Trading Days,Up to 10–20 Trading Days — long-horizon emergence structure. Look for multi-week trend run.,Emerging Leader — Pre-Breakout Phase,6.8/10,8.6/10,
HINDALCO,15:04:07,Emerging Leaders (Weekly),1015.4,1012.84,0.25,1.96,Bypassed (Mature Base),⚠️ FAKEOUT TRAP (Selling Wick),1015.4,994.2,1050.11,1087.39,ATR Estimate,3.4,7.1,1.64,9,9138.6,190.8,18.28,⚠️ Units capped at 20% concentration limit.,10–20 Trading Days,Up to 10–20 Trading Days — long-horizon emergence structure. Look for multi-week trend run.,Emerging Leader — Pre-Breakout Phase,6.8/10,8.6/10,
JINDALSAW,15:14:52,Master Terminal,266.0,265.0,0.38,7.49,0.31,🔥 VALID BREAKOUT,266.0,254.98,285.03,305.07,ATR Estimate,7.2,14.7,1.73,22,5852.0,242.44,11.7,,3 Trading Days,Hard review at 9 trading days — lower conviction setup.,Tier 2 — Institutional Accumulation,6.3/10,6.4/10,
HINDALCO,15:14:57,Emerging Leaders (Weekly),1017.4,1012.84,0.45,2.26,Bypassed (Mature Base),⚠️ BREAKOUT EXTENDED,1017.4,994.2,1050.11,1087.39,ATR Estimate,3.2,6.9,1.41,9,9156.6,208.8,18.31,⚠️ Units capped at 20% concentration limit.,10–20 Trading Days,Up to 10–20 Trading Days — long-horizon emergence structure. Look for multi-week trend run.,Emerging Leader — Pre-Breakout Phase,6.8/10,8.6/10,
ASTERDM,12:39:20,Master Terminal,850.55,843.35,0.85,2.47,0.91,⚠️ BREAKOUT EXTENDED,850.55,821.25,887.54,931.73,ATR Estimate,4.3,9.5,1.26,8,6804.4,234.4,13.61,,1 Trading Day,Hard review at 3 trading days — lower conviction setup.,Tier 1 — Ready to Monitor Daily,6.3/10,4.0/10,
JSWSTEEL,13:03:16,Master Terminal,1305.2,1304.4,0.06,1.83,0.61,🔥 VALID BREAKOUT,1305.2,1279.23,1354.75,1405.1,ATR Estimate,3.8,7.7,1.91,7,9136.4,181.79,18.27,⚠️ Units capped at 20% concentration limit.,1 Trading Day,Hard review at 3 trading days — lower conviction setup.,Tier 1 — Ready to Monitor Daily,6.1/10,5.3/10,
DATAMATICS,13:07:47,Master Terminal,856.75,854.95,0.21,13.36,0.2,🔥 VALID BREAKOUT,856.75,829.3,906.25,957.54,ATR Estimate,5.8,11.8,1.8,9,7710.75,247.05,15.42,,4–6 Days,Reassess at 16 trading days.,Tier 1 — Ready to Monitor Daily,5.2/10,6.5/10,
DATAMATICS,13:12:13,Master Terminal,863.15,854.95,0.96,10.43,0.22,⚠️ BREAKOUT EXTENDED,863.15,829.3,906.25,957.54,ATR Estimate,5.0,10.9,1.27,7,6042.05,236.95,12.08,,4–6 Days,Reassess at 16 trading days.,Tier 1 — Ready to Monitor Daily,5.2/10,6.5/10,
USHAMART,13:19:23,Master Terminal,515.5,514.85,0.13,31.37,0.36,🔥 VALID BREAKOUT,515.5,500.69,543.17,571.48,ATR Estimate,5.4,10.9,1.87,16,8248.0,236.96,16.5,,2 Trading Days,Hard review at 6 trading days — lower conviction setup.,Tier 1 — Ready to Monitor Daily,6.4/10,5.6/10,
ATALREAL,13:33:04,Emerging Leaders (Weekly),34.45,34.4,0.15,14.59,Bypassed (Mature Base),⚠️ FAKEOUT TRAP (Selling Wick),34.45,33.18,36.84,39.28,ATR Estimate,6.9,14.0,1.88,196,6752.2,248.92,13.5,,10–20 Trading Days,Up to 10–20 Trading Days — long-horizon emergence structure. Look for multi-week trend run.,Emerging Leader — Pre-Breakout Phase,6.8/10,8.9/10,
ATALREAL,13:34:21,Emerging Leaders (Weekly),34.48,34.4,0.23,14.65,Bypassed (Mature Base),🔥 VALID BREAKOUT,34.48,33.18,36.84,39.28,ATR Estimate,6.8,13.9,1.82,192,6620.16,249.6,13.24,,10–20 Trading Days,Up to 10–20 Trading Days — long-horizon emergence structure. Look for multi-week trend run.,Emerging Leader — Pre-Breakout Phase,6.8/10,8.9/10,
RBLBANK,14:09:16,Master Terminal,388.35,387.85,0.13,1.82,0.29,⚠️ FAKEOUT TRAP (Selling Wick),388.35,377.77,408.02,428.19,ATR Estimate,5.1,10.3,1.86,23,8932.05,243.34,17.86,,1 Trading Day,Hard review at 3 trading days — lower conviction setup.,Tier 2 — Institutional Accumulation,6.6/10,5.7/10,
JSWSTEEL,14:18:14,Master Terminal,1320.1,1310.9,0.7,3.42,0.66,⚠️ BREAKOUT EXTENDED,1320.1,1285.6,1361.5,1412.1,ATR Estimate,3.1,7.0,1.2,7,9240.7,241.5,18.48,,1 Trading Day,Hard review at 3 trading days — lower conviction setup.,Tier 1 — Ready to Monitor Daily,6.1/10,5.3/10,
RBLBANK,14:53:37,Master Terminal,392.0,389.6,0.62,2.66,0.33,⚠️ BREAKOUT EXTENDED,392.0,379.47,409.86,430.12,ATR Estimate,4.6,9.7,1.43,19,7448.0,238.07,14.9,,1 Trading Day,Hard review at 3 trading days — lower conviction setup.,Tier 2 — Institutional Accumulation,6.6/10,5.7/10,
360ONE,15:06:32,Master Terminal,1187.6,1170.0,1.5,1.94,0.28,⚠️ BREAKOUT EXTENDED,1187.6,1135.37,1239.26,1308.53,ATR Estimate,4.3,10.2,0.99,4,4750.4,208.92,9.5,,1 Trading Day,Hard review at 3 trading days — lower conviction setup.,Tier 1 — Ready to Monitor Daily,5.8/10,6.4/10,
SBIN,15:13:07,Master Terminal,1054.5,1053.9,0.06,1.91,0.55,🔥 VALID BREAKOUT,1054.5,1035.98,1089.73,1125.57,ATR Estimate,3.3,6.7,1.9,9,9490.5,166.68,18.98,⚠️ Units capped at 20% concentration limit.,2 Trading Days,Hard review at 6 trading days — lower conviction setup.,Tier 1 — Ready to Monitor Daily,6.2/10,6.4/10,
LGEINDIA,15:13:15,Master Terminal,1580.0,1578.9,0.07,5.26,0.62,🔥 VALID BREAKOUT,1580.0,1546.85,1643.0,1707.11,ATR Estimate,4.0,8.0,1.9,6,9480.0,198.9,18.96,⚠️ Units capped at 20% concentration limit.,1 Trading Day,Hard review at 3 trading days — lower conviction setup.,Tier 1 — Ready to Monitor Daily,5.0/10,5.9/10,
SBIN,15:14:24,Master Terminal,1054.0,1053.9,0.01,2.26,0.55,⚠️ FAKEOUT TRAP (Selling Wick),1054.0,1035.98,1089.73,1125.57,ATR Estimate,3.4,6.8,1.98,9,9486.0,162.18,18.97,⚠️ Units capped at 20% concentration limit.,2 Trading Days,Hard review at 6 trading days — lower conviction setup.,Tier 1 — Ready to Monitor Daily,6.2/10,6.4/10,
USHAMART,15:28:48,Master Terminal,521.45,519.95,0.29,1.88,0.56,⚠️ FAKEOUT TRAP (Selling Wick),521.45,505.65,548.55,577.14,ATR Estimate,5.2,10.7,1.72,15,7821.75,237.0,15.64,,2 Trading Days,Hard review at 6 trading days — lower conviction setup.,Tier 1 — Ready to Monitor Daily,6.4/10,5.6/10,
LGEINDIA,15:29:00,Master Terminal,1580.5,1578.9,0.1,2.3,0.64,⚠️ FAKEOUT TRAP (Selling Wick),1580.5,1546.85,1643.0,1707.11,ATR Estimate,4.0,8.0,1.86,6,9483.0,201.9,18.97,⚠️ Units capped at 20% concentration limit.,1 Trading Day,Hard review at 3 trading days — lower conviction setup.,Tier 1 — Ready to Monitor Daily,5.0/10,5.9/10,
ATALREAL,15:29:07,Emerging Leaders (Weekly),34.7,34.4,0.87,2.09,Bypassed (Mature Base),⚠️ BREAKOUT EXTENDED,34.7,33.18,36.84,39.28,ATR Estimate,6.2,13.2,1.41,164,5690.8,249.28,11.38,,10–20 Trading Days,Up to 10–20 Trading Days — long-horizon emergence structure. Look for multi-week trend run.,Emerging Leader — Pre-Breakout Phase,6.8/10,8.9/10,
AUBANK,09:43:09,Master Terminal,1061.0,1060.0,0.09,2.43,0.28,🔥 VALID BREAKOUT,1061.0,1031.17,1117.66,1175.33,ATR Estimate,5.3,10.8,1.9,8,8488.0,238.64,16.98,,1 Trading Day,Hard review at 3 trading days — lower conviction setup.,Tier 2 — Institutional Accumulation,6.5/10,5.3/10,
ASTERDM,09:43:13,Emerging Leaders (Weekly),838.5,835.37,0.37,2.39,Bypassed (Mature Base),🔥 VALID BREAKOUT,838.5,813.73,878.64,921.91,ATR Estimate,4.8,9.9,1.62,10,8385.0,247.7,16.77,,10–20 Trading Days,Up to 10–20 Trading Days — long-horizon emergence structure. Look for multi-week trend run.,Emerging Leader — Pre-Breakout Phase,6.2/10,10.0/10,
TATATECH,09:48:12,Master Terminal,784.85,778.3,0.84,4.91,0.52,⚠️ BREAKOUT EXTENDED,784.85,753.63,827.64,876.99,ATR Estimate,5.5,11.7,1.37,8,6278.8,249.76,12.56,,1 Trading Day,Hard review at 3 trading days — lower conviction setup.,Tier 2 — Institutional Accumulation,5.9/10,5.2/10,
GLENMARK,09:49:20,Master Terminal,2275.6,2263.3,0.54,2.48,0.82,⚠️ BREAKOUT EXTENDED,2275.6,2204.68,2380.54,2497.78,ATR Estimate,4.6,9.8,1.48,3,6826.8,212.76,13.65,,2 Trading Days,Reassess at 8 trading days.,Tier 1 — Ready to Monitor Daily,5.9/10,7.3/10,
ASTERDM,09:54:27,Emerging Leaders (Weekly),849.15,835.37,1.65,2.01,Bypassed (Mature Base),⚠️ BREAKOUT EXTENDED,849.15,813.73,878.64,921.91,ATR Estimate,3.5,8.6,0.83,7,5944.05,247.94,11.89,,10–20 Trading Days,Up to 10–20 Trading Days — long-horizon emergence structure. Look for multi-week trend run.,Emerging Leader — Pre-Breakout Phase,6.2/10,10.0/10,
GLENMARK,09:59:05,Master Terminal,2281.3,2271.0,0.45,1.85,0.84,⚠️ FAKEOUT TRAP (Selling Wick),2281.3,2212.18,2388.64,2506.28,ATR Estimate,4.7,9.9,1.55,3,6843.9,207.36,13.69,,2 Trading Days,Reassess at 8 trading days.,Tier 1 — Ready to Monitor Daily,5.9/10,7.3/10,
GLENMARK,10:09:48,Master Terminal,2282.8,2271.1,0.52,2.9,0.86,🔥 VALID BREAKOUT,2282.8,2212.28,2388.74,2506.39,ATR Estimate,4.6,9.8,1.5,3,6848.4,211.56,13.7,,2 Trading Days,Reassess at 8 trading days.,Tier 1 — Ready to Monitor Daily,5.9/10,7.3/10,
CIPLA,10:14:57,Master Terminal,1483.6,1480.1,0.24,2.39,0.45,🔥 VALID BREAKOUT,1483.6,1445.47,1549.37,1618.64,ATR Estimate,4.4,9.1,1.72,6,8901.6,228.78,17.8,,1 Trading Day,Reassess at 4 trading days.,Tier 1 — Ready to Monitor Daily,5.1/10,6.5/10,
SUNDRMFAST,10:16:09,Master Terminal,1034.15,999.0,3.52,3.17,0.35,⚠️ BREAKOUT EXTENDED,1034.15,978.52,1039.96,1080.92,ATR Estimate,0.6,4.5,0.1,4,4136.6,222.52,8.27,,1 Trading Day,Hard review at 3 trading days — lower conviction setup.,Tier 1 — Ready to Monitor Daily,5.5/10,5.8/10,
BELRISE,10:43:43,Master Terminal,245.32,244.9,0.17,5.01,0.38,🔥 VALID BREAKOUT,245.32,238.09,258.52,272.13,ATR Estimate,5.4,10.9,1.83,34,8340.88,245.82,16.68,,1 Trading Day,Hard review at 3 trading days — lower conviction setup.,Tier 1 — Ready to Monitor Daily,6.7/10,6.4/10,
MOREPENLAB,10:48:55,Hybrid Alpha (SOVEREIGN_ALPHA_V24),81.71,79.51,2.77,2.0,5.76,⚠️ BREAKOUT EXTENDED,81.71,77.52,83.49,87.46,ATR Estimate,2.2,7.0,0.42,59,4820.89,247.21,9.64,,1 Trading Day,Reassess at 4 trading days.,Tier 1 — Ready to Monitor Daily,9.4/10,7.0/10,93.0
PIDILITIND,11:14:05,Master Terminal,1676.2,1666.1,0.61,3.77,1.2,⚠️ BREAKOUT EXTENDED,1676.2,1630.78,1736.74,1807.39,ATR Estimate,3.6,7.8,1.33,5,8381.0,227.1,16.76,,1 Trading Day,Hard review at 3 trading days — lower conviction setup.,Tier 1 — Ready to Monitor Daily,5.6/10,4.1/10,
PIDILITIND,12:19:50,Master Terminal,1682.5,1682.1,0.02,2.62,1.28,⚠️ FAKEOUT TRAP (Selling Wick),1682.5,1646.44,1753.42,1824.74,ATR Estimate,4.2,8.5,1.97,5,8412.5,180.3,16.83,⚠️ Units capped at 20% concentration limit.,1 Trading Day,Hard review at 3 trading days — lower conviction setup.,Tier 1 — Ready to Monitor Daily,5.6/10,4.1/10,
SBIN,13:12:56,Master Terminal,1069.4,1064.0,0.51,4.29,0.66,⚠️ BREAKOUT EXTENDED,1069.4,1046.34,1099.32,1134.65,ATR Estimate,2.8,6.1,1.3,9,9624.6,207.54,19.25,⚠️ Units capped at 20% concentration limit.,2 Trading Days,Reassess at 8 trading days.,Tier 1 — Ready to Monitor Daily,6.2/10,7.3/10,
AUBANK,13:42:09,Master Terminal,1099.5,1092.4,0.65,8.91,0.65,⚠️ BREAKOUT EXTENDED,1099.5,1062.69,1151.83,1211.25,ATR Estimate,4.8,10.2,1.42,6,6597.0,220.86,13.19,,1 Trading Day,Hard review at 3 trading days — lower conviction setup.,Tier 2 — Institutional Accumulation,6.5/10,5.3/10,
AUBANK,13:44:41,Master Terminal,1096.6,1092.4,0.38,11.53,0.68,⚠️ FAKEOUT TRAP (Selling Wick),1096.6,1062.69,1151.83,1211.25,ATR Estimate,5.0,10.5,1.63,7,7676.2,237.37,15.35,,1 Trading Day,Hard review at 3 trading days — lower conviction setup.,Tier 2 — Institutional Accumulation,6.5/10,5.3/10,
POONAWALLA,14:58:21,Master Terminal,489.1,487.7,0.29,3.72,0.77,🔥 VALID BREAKOUT,489.1,472.34,518.43,549.15,ATR Estimate,6.0,12.3,1.75,14,6847.4,234.64,13.69,,2 Trading Days,Hard review at 6 trading days — lower conviction setup.,Tier 1 — Ready to Monitor Daily,5.4/10,5.5/10,
POONAWALLA,14:59:38,Master Terminal,491.4,487.7,0.76,8.44,0.8,⚠️ BREAKOUT EXTENDED,491.4,472.34,518.43,549.15,ATR Estimate,5.5,11.8,1.42,13,6388.2,247.78,12.78,,2 Trading Days,Hard review at 6 trading days — lower conviction setup.,Tier 1 — Ready to Monitor Daily,5.4/10,5.5/10,
DYNAMATECH,10:52:57,Emerging Leaders (Weekly),11577.0,11149.09,3.84,2.02,Bypassed (Mature Base),⚠️ BREAKOUT EXTENDED,11577.0,10835.8,11775.67,12402.25,ATR Estimate,1.7,7.1,0.27,0,0,0,0,Position too small for capital/risk combination.,10–20 Trading Days,Up to 10–20 Trading Days — long-horizon emergence structure. Look for multi-week trend run.,Emerging Leader — Pre-Breakout Phase,5.8/10,10.0/10,
BELRISE,10:58:58,Master Terminal,248.85,246.75,0.85,2.15,0.72,⚠️ BREAKOUT EXTENDED,248.85,240.01,260.22,273.7,ATR Estimate,4.6,10.0,1.29,28,6967.8,247.52,13.94,,1 Trading Day,Hard review at 3 trading days — lower conviction setup.,Tier 1 — Ready to Monitor Daily,6.7/10,5.6/10,
ARMANFIN,11:45:01,Emerging Leaders (Weekly),2073.0,2069.25,0.18,3.83,Bypassed (Mature Base),🔥 VALID BREAKOUT,2073.0,2002.83,2202.1,2334.94,ATR Estimate,6.2,12.6,1.84,3,6219.0,210.51,12.44,,10–20 Trading Days,Up to 10–20 Trading Days — long-horizon emergence structure. Look for multi-week trend run.,Emerging Leader — Pre-Breakout Phase,6.4/10,10.0/10,
PTCIL,11:48:53,Emerging Leaders (Weekly),19341.0,18599.77,3.99,1.84,Bypassed (Mature Base),⚠️ BREAKOUT EXTENDED,19341.0,18181.28,19436.76,20273.75,ATR Estimate,0.5,4.8,0.08,0,0,0,0,Position too small for capital/risk combination.,10–20 Trading Days,Up to 10–20 Trading Days — long-horizon emergence structure. Look for multi-week trend run.,Emerging Leader — Pre-Breakout Phase,8.2/10,9.4/10,
ARMANFIN,11:48:53,Emerging Leaders (Weekly),2085.0,2069.25,0.76,3.69,Bypassed (Mature Base),⚠️ BREAKOUT EXTENDED,2085.0,2002.83,2202.1,2334.94,ATR Estimate,5.6,12.0,1.43,3,6255.0,246.51,12.51,,10–20 Trading Days,Up to 10–20 Trading Days — long-horizon emergence structure. Look for multi-week trend run.,Emerging Leader — Pre-Breakout Phase,6.4/10,10.0/10,
ARMANFIN,11:54:00,Emerging Leaders (Weekly),2077.6,2069.25,0.4,3.74,Bypassed (Mature Base),⚠️ FAKEOUT TRAP (Selling Wick),2077.6,2002.83,2202.1,2334.94,ATR Estimate,6.0,12.4,1.67,3,6232.8,224.31,12.47,,10–20 Trading Days,Up to 10–20 Trading Days — long-horizon emergence structure. Look for multi-week trend run.,Emerging Leader — Pre-Breakout Phase,6.4/10,10.0/10,
RAIN,12:22:55,Hybrid Alpha (SOVEREIGN_ALPHA_V24),249.31,247.62,0.68,2.72,1.46,⚠️ BREAKOUT EXTENDED,249.31,241.43,260.0,272.38,ATR Estimate,4.3,9.3,1.36,31,7728.61,244.28,15.46,,1 Trading Day,Reassess at 4 trading days.,Tier 1 — Ready to Monitor Daily,8.7/10,7.0/10,95.1
RAIN,12:29:31,Hybrid Alpha (SOVEREIGN_ALPHA_V24),248.8,247.62,0.48,4.83,1.52,⚠️ FAKEOUT TRAP (Selling Wick),248.8,241.43,260.0,272.38,ATR Estimate,4.5,9.5,1.52,33,8210.4,243.21,16.42,,1 Trading Day,Reassess at 4 trading days.,Tier 1 — Ready to Monitor Daily,8.7/10,7.0/10,95.1
GRASIM,12:57:47,Master Terminal,3261.0,3260.0,0.03,1.82,0.88,🔥 VALID BREAKOUT,3261.0,3193.5,3393.01,3526.02,ATR Estimate,4.0,8.1,1.96,3,9783.0,202.5,19.57,,1 Trading Day,Hard review at 3 trading days — lower conviction setup.,Tier 1 — Ready to Monitor Daily,5.9/10,5.8/10,
ASTERDM,12:59:17,Emerging Leaders (Weekly),861.5,850.27,1.32,3.21,Bypassed (Mature Base),⚠️ BREAKOUT EXTENDED,861.5,828.25,894.31,938.36,ATR Estimate,3.8,8.9,0.99,7,6030.5,232.75,12.06,,10–20 Trading Days,Up to 10–20 Trading Days — long-horizon emergence structure. Look for multi-week trend run.,Emerging Leader — Pre-Breakout Phase,5.5/10,10.0/10,
EMCURE,13:19:23,Emerging Leaders (Weekly),1967.7,1959.98,0.39,1.9,Bypassed (Mature Base),⚠️ FAKEOUT TRAP (Selling Wick),1967.7,1899.02,2081.89,2203.8,ATR Estimate,5.8,12.0,1.66,3,5903.1,206.04,11.81,,10–20 Trading Days,Up to 10–20 Trading Days — long-horizon emergence structure. Look for multi-week trend run.,Emerging Leader — Pre-Breakout Phase,6.1/10,8.7/10,
BHARATFORG,13:46:47,Master Terminal,2256.0,2254.9,0.05,3.98,0.98,🔥 VALID BREAKOUT,2256.0,2208.45,2347.8,2440.7,ATR Estimate,4.1,8.2,1.93,4,9024.0,190.2,18.05,⚠️ Units capped at 20% concentration limit.,1 Trading Day,Hard review at 3 trading days — lower conviction setup.,Tier 1 — Ready to Monitor Daily,6.8/10,4.6/10,
SBIN,13:46:48,Master Terminal,1100.4,1094.1,0.58,4.72,1.02,⚠️ BREAKOUT EXTENDED,1100.4,1075.61,1131.08,1168.06,ATR Estimate,2.8,6.1,1.24,9,9903.6,223.11,19.81,⚠️ Units capped at 20% concentration limit.,1 Trading Day,Reassess at 4 trading days.,Tier 1 — Ready to Monitor Daily,6.3/10,6.5/10,
CANBK,13:52:02,Master Terminal,132.37,132.33,0.03,1.88,0.81,🔥 VALID BREAKOUT,132.37,129.56,137.86,143.39,ATR Estimate,4.1,8.3,1.95,75,9927.75,210.75,19.86,⚠️ Units capped at 20% concentration limit.,1 Trading Day,Reassess at 4 trading days.,Tier 1 — Ready to Monitor Daily,6.0/10,7.0/10,
EMCURE,14:29:26,Emerging Leaders (Weekly),1971.7,1959.98,0.6,2.18,Bypassed (Mature Base),🔥 VALID BREAKOUT,1971.7,1899.02,2081.89,2203.8,ATR Estimate,5.6,11.8,1.52,3,5915.1,218.04,11.83,,10–20 Trading Days,Up to 10–20 Trading Days — long-horizon emergence structure. Look for multi-week trend run.,Emerging Leader — Pre-Breakout Phase,6.1/10,8.7/10,
EMCURE,14:33:20,Emerging Leaders (Weekly),1978.4,1959.98,0.94,3.43,Bypassed (Mature Base),⚠️ BREAKOUT EXTENDED,1978.4,1899.02,2081.89,2203.8,ATR Estimate,5.2,11.4,1.3,3,5935.2,238.14,11.87,,10–20 Trading Days,Up to 10–20 Trading Days — long-horizon emergence structure. Look for multi-week trend run.,Emerging Leader — Pre-Breakout Phase,6.1/10,8.7/10,
GRASIM,14:59:11,Master Terminal,3332.0,3300.6,0.95,2.24,1.23,⚠️ BREAKOUT EXTENDED,3332.0,3233.27,3435.26,3569.93,ATR Estimate,3.1,7.1,1.05,2,6664.0,197.46,13.33,,1 Trading Day,Hard review at 3 trading days — lower conviction setup.,Tier 1 — Ready to Monitor Daily,5.9/10,5.8/10,
JSWENERGY,13:59:23,Master Terminal,573.75,572.8,0.17,2.12,Bypassed (Mature Base),🔥 VALID BREAKOUT,573.75,561.92,594.57,616.33,ATR Estimate,3.6,7.4,1.76,17,9753.75,201.11,19.51,⚠️ Units capped at 20% concentration limit.,1 Trading Day,"Up to 6 trading days — high quality, let it run.",Tier 1 — Ready to Monitor Daily,5.8/10,9.3/10,
BELRISE,15:02:36,Emerging Leaders (Weekly),253.03,249.97,1.22,2.24,Bypassed (Mature Base),⚠️ BREAKOUT EXTENDED,253.03,243.52,262.87,275.77,ATR Estimate,3.9,9.0,1.03,26,6578.78,247.26,13.16,,10–20 Trading Days,Up to 10–20 Trading Days — long-horizon emergence structure. Look for multi-week trend run.,Emerging Leader — Pre-Breakout Phase,6.4/10,9.7/10,
ABDL,11:19:53,Master Terminal,636.4,635.0,0.22,2.05,0.71,🔥 VALID BREAKOUT,636.4,611.89,681.23,727.46,ATR Estimate,7.0,14.3,1.83,10,6364.0,245.1,12.73,,1 Trading Day,Hard review at 3 trading days — lower conviction setup.,Tier 2 — Institutional Accumulation,6.2/10,6.3/10,
BEL,12:17:15,Master Terminal,411.0,410.6,0.1,6.47,Bypassed (Mature Base),🔥 VALID BREAKOUT,411.0,403.37,425.05,439.51,ATR Estimate,3.4,6.9,1.84,24,9864.0,183.12,19.73,⚠️ Units capped at 20% concentration limit.,1 Trading Day,"Up to 6 trading days — high quality, let it run.",Tier 1 — Ready to Monitor Daily,5.7/10,8.5/10,
MUNJALAU,12:44:16,Hybrid Alpha (SOVEREIGN_ALPHA_V24),117.7,116.64,0.91,2.01,12.51,⚠️ BREAKOUT EXTENDED,117.7,113.72,122.47,128.3,ATR Estimate,4.1,9.0,1.2,62,7297.4,246.76,14.59,,1 Trading Day,Reassess at 4 trading days.,Tier 1 — Ready to Monitor Daily,8.2/10,7.0/10,86.8
BEL,12:48:08,Master Terminal,410.7,410.6,0.02,4.52,Bypassed (Mature Base),⚠️ FAKEOUT TRAP (Selling Wick),410.7,403.37,425.05,439.51,ATR Estimate,3.5,7.0,1.96,24,9856.8,175.92,19.71,⚠️ Units capped at 20% concentration limit.,1 Trading Day,"Up to 6 trading days — high quality, let it run.",Tier 1 — Ready to Monitor Daily,5.7/10,8.5/10,
GLENMARK,13:14:49,Master Terminal,2315.1,2313.0,0.09,1.81,0.27,🔥 VALID BREAKOUT,2315.1,2257.49,2424.02,2535.05,ATR Estimate,4.7,9.5,1.89,4,9260.4,230.44,18.52,,1 Trading Day,Reassess at 4 trading days.,Tier 1 — Ready to Monitor Daily,6.0/10,8.1/10,
ATALREAL,13:50:14,Emerging Leaders (Weekly),35.77,35.76,0.03,1.84,Bypassed (Mature Base),🔥 VALID BREAKOUT,35.77,34.74,37.8,39.84,ATR Estimate,5.7,11.4,1.97,242,8656.34,249.26,17.31,,10–20 Trading Days,Up to 10–20 Trading Days — long-horizon emergence structure. Look for multi-week trend run.,Emerging Leader — Pre-Breakout Phase,7.8/10,9.5/10,
GLENMARK,14:02:18,Master Terminal,2317.6,2313.0,0.2,3.01,0.3,⚠️ FAKEOUT TRAP (Selling Wick),2317.6,2257.49,2424.02,2535.05,ATR Estimate,4.6,9.4,1.77,4,9270.4,240.44,18.54,,1 Trading Day,Reassess at 4 trading days.,Tier 1 — Ready to Monitor Daily,6.0/10,8.1/10,
POONAWALLA,14:16:36,Master Terminal,495.55,494.0,0.31,3.87,0.59,🔥 VALID BREAKOUT,495.55,478.98,524.04,554.07,ATR Estimate,5.7,11.8,1.72,15,7433.25,248.55,14.87,,1 Trading Day,Hard review at 3 trading days — lower conviction setup.,Tier 1 — Ready to Monitor Daily,5.8/10,4.8/10,
POONAWALLA,14:18:02,Master Terminal,498.2,494.0,0.85,8.35,0.61,⚠️ BREAKOUT EXTENDED,498.2,478.98,524.04,554.07,ATR Estimate,5.2,11.2,1.34,13,6476.6,249.86,12.95,,1 Trading Day,Hard review at 3 trading days — lower conviction setup.,Tier 1 — Ready to Monitor Daily,5.8/10,4.8/10,
POONAWALLA,14:19:22,Master Terminal,496.6,494.0,0.53,9.0,0.61,⚠️ FAKEOUT TRAP (Selling Wick),496.6,478.98,524.04,554.07,ATR Estimate,5.5,11.6,1.56,14,6952.4,246.68,13.9,,1 Trading Day,Hard review at 3 trading days — lower conviction setup.,Tier 1 — Ready to Monitor Daily,5.8/10,4.8/10,
ICICIAMC,14:33:25,Master Terminal,3137.3,3122.5,0.47,1.94,0.44,⚠️ BREAKOUT EXTENDED,3137.3,3071.6,3224.29,3326.09,ATR Estimate,2.8,6.0,1.32,3,9411.9,197.1,18.82,,3 Trading Days,Reassess at 12 trading days.,Tier 1 — Ready to Monitor Daily,5.0/10,7.1/10,
ATALREAL,14:43:10,Emerging Leaders (Weekly),35.98,35.76,0.62,1.93,Bypassed (Mature Base),⚠️ BREAKOUT EXTENDED,35.98,34.74,37.8,39.84,ATR Estimate,5.1,10.7,1.47,201,7231.98,249.24,14.46,,10–20 Trading Days,Up to 10–20 Trading Days — long-horizon emergence structure. Look for multi-week trend run.,Emerging Leader — Pre-Breakout Phase,7.8/10,9.5/10,
AZAD,15:04:11,Hybrid Alpha (SOVEREIGN_ALPHA_V24),2672.0,2663.9,0.3,5.12,1.39,🔥 VALID BREAKOUT,2672.0,2597.3,2797.09,2930.29,ATR Estimate,4.7,9.7,1.67,3,8016.0,224.1,16.03,,1 Trading Day,Reassess at 4 trading days.,Tier 1 — Ready to Monitor Daily,8.6/10,7.0/10,91.9
AZAD,15:09:55,Hybrid Alpha (SOVEREIGN_ALPHA_V24),2673.3,2663.9,0.35,2.72,1.42,⚠️ FAKEOUT TRAP (Selling Wick),2673.3,2597.3,2797.09,2930.29,ATR Estimate,4.6,9.6,1.63,3,8019.9,228.0,16.04,,1 Trading Day,Reassess at 4 trading days.,Tier 1 — Ready to Monitor Daily,8.6/10,7.0/10,91.9
AZAD,15:14:11,Hybrid Alpha (SOVEREIGN_ALPHA_V24),2678.4,2663.9,0.54,4.25,1.44,⚠️ BREAKOUT EXTENDED,2678.4,2597.3,2797.09,2930.29,ATR Estimate,4.4,9.4,1.46,3,8035.2,243.3,16.07,,1 Trading Day,Reassess at 4 trading days.,Tier 1 — Ready to Monitor Daily,8.6/10,7.0/10,91.9
EDELWEISS,15:23:49,Master Terminal,125.3,124.4,0.72,2.25,1.11,⚠️ BREAKOUT EXTENDED,125.3,120.52,132.16,139.93,ATR Estimate,5.5,11.7,1.44,52,6515.6,248.56,13.03,,2 Trading Days,Reassess at 8 trading days.,Tier 1 — Ready to Monitor Daily,5.8/10,7.5/10,
POONAWALLA,11:54:01,Master Terminal,494.4,494.0,0.08,2.11,1.05,⚠️ FAKEOUT TRAP (Selling Wick),494.4,478.69,524.63,555.26,ATR Estimate,6.1,12.3,1.92,15,7416.0,235.65,14.83,,1 Trading Day,Hard review at 3 trading days — lower conviction setup.,Tier 1 — Ready to Monitor Daily,5.9/10,4.7/10,
LGEINDIA,12:28:02,Master Terminal,1716.9,1713.9,0.18,3.6,6.55,🔥 VALID BREAKOUT,1716.9,1677.91,1785.88,1857.87,ATR Estimate,4.0,8.2,1.77,5,8584.5,194.95,17.17,⚠️ Units capped at 20% concentration limit.,1 Trading Day,Hard review at 3 trading days — lower conviction setup.,Tier 1 — Ready to Monitor Daily,5.0/10,6.2/10,
LGEINDIA,12:32:42,Master Terminal,1728.4,1713.9,0.85,2.39,6.85,⚠️ BREAKOUT EXTENDED,1728.4,1677.91,1785.88,1857.87,ATR Estimate,3.3,7.5,1.14,4,6913.6,201.96,13.83,,1 Trading Day,Hard review at 3 trading days — lower conviction setup.,Tier 1 — Ready to Monitor Daily,5.0/10,6.2/10,
ATALREAL,12:38:36,Emerging Leaders (Weekly),36.04,35.94,0.28,7.07,Bypassed (Mature Base),⚠️ FAKEOUT TRAP (Selling Wick),36.04,34.94,37.94,39.94,ATR Estimate,5.3,10.8,1.73,227,8181.08,249.7,16.36,,10–20 Trading Days,Up to 10–20 Trading Days — long-horizon emergence structure. Look for multi-week trend run.,Emerging Leader — Pre-Breakout Phase,8.0/10,9.7/10,
MARICO,12:52:35,Master Terminal,865.0,864.45,0.06,6.78,0.63,🔥 VALID BREAKOUT,865.0,846.12,901.1,937.76,ATR Estimate,4.2,8.4,1.91,11,9515.0,207.68,19.03,⚠️ Units capped at 20% concentration limit.,2 Trading Days,Reassess at 8 trading days.,Tier 1 — Ready to Monitor Daily,6.0/10,6.6/10,
MARICO,13:11:14,Master Terminal,864.8,864.5,0.03,4.61,0.65,⚠️ FAKEOUT TRAP (Selling Wick),864.8,846.17,901.15,937.81,ATR Estimate,4.2,8.4,1.95,11,9512.8,204.93,19.03,⚠️ Units capped at 20% concentration limit.,2 Trading Days,Reassess at 8 trading days.,Tier 1 — Ready to Monitor Daily,6.0/10,6.6/10,
GPPL,13:13:38,Master Terminal,158.85,158.35,0.32,1.82,3.34,🔥 VALID BREAKOUT,158.85,155.74,163.58,168.8,ATR Estimate,3.0,6.3,1.52,62,9848.7,192.82,19.7,⚠️ Units capped at 20% concentration limit.,2 Trading Days,Hard review at 6 trading days — lower conviction setup.,Tier 1 — Ready to Monitor Daily,5.5/10,6.4/10,
GPPL,13:18:19,Master Terminal,159.48,158.35,0.71,2.72,3.39,⚠️ BREAKOUT EXTENDED,159.48,155.74,163.58,168.8,ATR Estimate,2.6,5.8,1.1,62,9887.76,231.88,19.78,⚠️ Units capped at 20% concentration limit.,2 Trading Days,Hard review at 6 trading days — lower conviction setup.,Tier 1 — Ready to Monitor Daily,5.5/10,6.4/10,
POONAWALLA,13:19:27,Master Terminal,495.1,494.0,0.22,2.07,1.11,🔥 VALID BREAKOUT,495.1,478.69,524.63,555.26,ATR Estimate,6.0,12.2,1.8,15,7426.5,246.15,14.85,,1 Trading Day,Hard review at 3 trading days — lower conviction setup.,Tier 1 — Ready to Monitor Daily,5.9/10,4.7/10,
POONAWALLA,15:03:48,Master Terminal,498.2,494.0,0.85,2.23,1.16,⚠️ BREAKOUT EXTENDED,498.2,478.69,524.63,555.26,ATR Estimate,5.3,11.5,1.35,12,5978.4,234.12,11.96,,1 Trading Day,Hard review at 3 trading days — lower conviction setup.,Tier 1 — Ready to Monitor Daily,5.9/10,4.7/10,
KOTAKBANK,13:15:01,Master Terminal,395.1,394.3,0.2,2.11,0.69,🔥 VALID BREAKOUT,395.1,388.54,405.81,417.33,ATR Estimate,2.7,5.6,1.63,25,9877.5,164.0,19.75,⚠️ Units capped at 20% concentration limit.,2 Trading Days,Reassess at 8 trading days.,Tier 1 — Ready to Monitor Daily,5.3/10,7.9/10,
JSL,14:44:40,Master Terminal,743.8,743.5,0.04,7.36,0.62,🔥 VALID BREAKOUT,743.8,727.51,775.47,807.44,ATR Estimate,4.3,8.6,1.94,13,9669.4,211.77,19.34,⚠️ Units capped at 20% concentration limit.,1 Trading Day,Reassess at 4 trading days.,Tier 1 — Ready to Monitor Daily,5.2/10,7.7/10,
JSL,14:51:48,Master Terminal,746.95,743.5,0.46,6.03,0.62,⚠️ BREAKOUT EXTENDED,746.95,727.51,775.47,807.44,ATR Estimate,3.8,8.1,1.47,12,8963.4,233.28,17.93,,1 Trading Day,Reassess at 4 trading days.,Tier 1 — Ready to Monitor Daily,5.2/10,7.7/10,
KOTAKBANK,15:14:26,Master Terminal,395.4,395.3,0.03,3.53,0.69,⚠️ FAKEOUT TRAP (Selling Wick),395.4,389.53,406.84,418.39,ATR Estimate,2.9,5.8,1.95,25,9885.0,146.75,19.77,⚠️ Units capped at 20% concentration limit.,2 Trading Days,Reassess at 8 trading days.,Tier 1 — Ready to Monitor Daily,5.3/10,7.9/10,
